# Resource object code (Python 3)
# Created by: object code
# Created by: The Resource Compiler for Qt version 6.6.2
# WARNING! All changes made in this file will be lost!

from PySide6 import QtCore

qt_resource_data = b"\
\x00\x00\x03\xbf\
\x89\
PNG\x0d\x0a\x1a\x0a\x00\x00\x00\x0dIHDR\x00\
\x00\x00P\x00\x00\x00P\x08\x06\x00\x00\x00\x8e\x11\xf2\xad\
\x00\x00\x00\x09pHYs\x00\x00\x0b\x13\x00\x00\x0b\x13\
\x01\x00\x9a\x9c\x18\x00\x00\x03qIDATx\x9c\xed\
\xdaMK\x1bA\x18\x07\xf0\xa1\xf6P=\xb7=W\xec\
\x87\xc8m\xd9\xb7\x99q\xf1\xa0B\xda\x1a\x13\x8f\x06\xf4\
\xa6\x87\xe8)^\x83$~\x82\x16[<y\xa9\xad\x1f\
@\x10\xdd\x97Q\xa8\xc56\x0a\xad\xa5\xb5\x04\xec\xa1\x1e\
\xccn\x8aT\xd8\xf2\x04R,\xd4\x924\xd1u\xd6\xe7\
\x07\x03\x92l\xb2\xf2g73\xcf<K\x08B\x08!\
\x84\x10B\x08!\x84\x10B\x08!\x84\x10B\xe8\x86\xb0\
\x15\xe5\xe1\xa6\xa6M\x0a\xceW\xb7\x18;p\x0c#p\
t\xfd\x0c\x86K\xa9\x0f\xafm\xf5\xf7\xbfvt}b\
CU\xfb\xa2\xfe\x7f\xaf\x855E\xb9m\xeb\xfa\xa8\xe0\
\xfc\x9d\xc7Xmol,\xa8LO\x87\xc7ss\xa1\
_(\x84\xb5R\xa9>\xe0ox\x0d\xde\xdb\xcfd\x02\
8\xd6\xe3|\xd76\x8c\xd4r2\xd9En\x22[\xd7\
\xb9Kiegx\xf8\xe4hf\xa6\x1e\xd4\x8f\x85\x85\
\xa6\x06\x1c{\x94\xcb\x85\xf0YA\xe9WWU)\xb9\
)\xb6\x07\x06z\x04cK\xc2\xb2\xfco\xb3\xb3M\x87\
v\xd1\x80\xf0E\x7f\xbf\xef\x99\xe6\x0b;\x91\xe8&q\
\xb6i\x9a\xf7]J\xf7\xcb\xe9t\xcd\x9f\x9fo;\xbc\
\xc6\x80\xef*\x8f\x8e\x06.\xa5\xe5u\xce\xef\x91\xb8\x86\
\xe71vx0>~\xda\xa9\xe0\xfe\x18\xa5R\x08\xdf\
\x0d\xe7\x88]\x88\xdb\x03\x03=p\xe5]Zx\xe7\x06\
\x9c\x03\xae\xc45E\xb9C\xe2B0\xb6\x04\xb7\xede\
\x87\xd7\xb8\x12\xcb\xa9T (]$q\x99m\x85e\
\xf9\x9d\xfc\xcdk\xe67\x11&\x16[\xd7\x0d\x22\xfb:\
\xcf\xa5\xb4\xd2\x89\xd9\xf6\x7ffg\xcf4\x0f\xa5^'\
:\x9a\x96\xde\x19\x1c\xac^ux\x8d\xb134t\xe2\
h\xda\x13\x22\xab-\xcew\xe1J\x88*@Xl\x0b\
\xc6\xde\x12Yk[\xc1X\xad\x95\x0a\xa3\xd3\xa3V,\
\x86P\xf6\xb9\xa6\xd9Kd\xb3\xa9i\x93P\xb7F\x15\
^c\xece2\x81\xadiY\x22\x1b\xc1\xf9*\x14\xff\
Q\x07X\x99\x9a\x0a\x05\xe7+D6\x82\xb1O\xc7\xf9\
|\xe4\x01~\xcf\xe7!\xc0\x0fD6.\xa5>lC\
E\x1d`\xb5P\x80\xe5L\x95\xc8\xc6\xd1\xf5\xb3('\
\x90\xc6\x08\x8a\xc5\xd05\x8c\x9fD6\x0e\x06\xd8\x1e\x17\
o\xe1\xf6\x08\x9cD\xda\xb3\xc5\xf9\xabk\xb4\x8cyI\
d\xe3\xe8\xfa\x044\x89\xa2\x0ep?\x93\xf1\xa5\x5cH\
o\xa8j\x9fw\x0dJ9Ai\xcdQ\x94\x07D\xda\
\xcd\x84\x5c.\xb2\x00\xeb\x0d'\xcew\x88\xacl\xc3H\
\xc1\x96RT\x01\xbe\x19\x1a:\xb1\x0d\xe3\x11\x91\xd5r\
2\xd9\x05}\xdb(\xb6\xb4\xe0\xca\xf7(\xfd,\xf5\x86\
*\x80\xa67l\xaf_\xf9\x96\xbee\xf9\xae\xaaj$\
\x0e<\xd3|^N\xa5|h\xf8\x5cUS\xc9e\xec\
\x19\x89\x0b;\x91\xe8\x86V\xe3\x95\xb45\xb3\xd9S\x97\
\xb1\xddX\xb55\x014\xbb\x7f7\xd6/\xe3J\x84\xc6\
z6{\xeaQ\xfae[Q\xee\x928Z\x87\x10)\
}\x0f\xb7X\xc7\x1f\xed\x18\x19\x81\xdbv7vO%\
\x5cp;/\xc2\xc4\xd2\x89\xd9\xb9\xde8\xb2,x\xb8\
\xe8i\xecn\xdb\x7f\x81\xa67\xf4ma\x9d\x08!@\
\xd5\xd0lhp,\x84\x0f\x9f\x85\xa5Jlf\xdbV\
\xc1\x1amSUG\xa0\xf5\x08%\xd7^:\x1d@\xf1\
\xff\xb7\x07,ak\x1e\xde\x83\xda\x16\x8e\x85\x0a\xc3\xd1\
\xf5\xc7a>\x7f\xab\xe5\x13\xc7\x91k\x9a\xbdP\xf4C\
\x03H0\xf6\xd15\x0c\xff\xdc#\xbeU\xe8kx\x9c\
\xaf\xc01\xd2\xd6\xb6\x08!\x84\x10B\x08!\x84\x10B\
\x08!\x84\x10B\x08!\xd2\xba_\x22W2\xf6d\xc8\
\xb5\xc2\x00\x00\x00\x00IEND\xaeB`\x82\
\x00\x00\x01\xf4\
\x89\
PNG\x0d\x0a\x1a\x0a\x00\x00\x00\x0dIHDR\x00\
\x00\x00@\x00\x00\x00@\x08\x06\x00\x00\x00\xaaiq\xde\
\x00\x00\x00\x09pHYs\x00\x00\x0b\x13\x00\x00\x0b\x13\
\x01\x00\x9a\x9c\x18\x00\x00\x01\xa6IDATx\x9c\xed\
[MK\xc3@\x10\xcd\xc9\xbfjkV\x8b\x822\x17\
[P\xb0\x15\x12,\xed\xa5*\xcd\xb6$\xbd\xf8[\xfa\
\x0b\xf4\xd2J\xe3\xa5\x14\xaa\x7f\xe0\xc9\x16\x1bR\x14!\
\x1f\x92\xae\xbc\x07\xef\xb2K\xb2;/\x9bdvf\xd6\
q\x08\x82 \x08\xe2\x1bZ\xad\xa7\x03\xdf\x0dn=7\
x\xf3\x95\x86\xa5\x8c=\xa5;\xc6\x16'+<\xa5;\
{`@9t\x83vf\x01|\xa5cs\xf1K3\
\xc4\xc7\xf5\xc4J>_\x86\xc9J\xc8#\x00\x0c\xab6\
\xa2(\xb7v\xe4\x16`\xdd\x1c\xe1\xfd*Bt:\xae\
~)\x7fqr6N\x0c\xfci^\xa6\xdf\xccy\xdd\
\xd4\xc5\x05X\xc9\xfd\x86acX\xb9\xe1[F\x8d\xe0\
\xd7y\xa5\xfbK\x13`e))\x80\xe2\x0a\x00_\x01\
\xc5o\x00\xf8\x11\xcc\x0a\x9f\x7f\x01\xcd\xdf\xa0O?@\
W\xee\xc8\xd0\x11\x12z\x82\xa0+,\xdc\x0b\x80\x9b!\
\xe1n\x10\xdc\x0e\x0b\xe3\x01`@D\x18\x11\x02Cb\
\xc2\x98 \x18\x14\x15F\x85\xc1\xb0\xb80/\x00&F\
\x84\x99!05&\xcc\x0d\x82\xc9Qav\x18L\x8f\
\x0b\xeb\x03\xc0\x02\x09a\x85\x08X\x22#\xac\x11\xc2\x9f\
\x14I\x8dN\x86\xd0\xa9\x124\x1b\xdaJ\x15\xc0\xb7\xb8\
-\xb7\x00\xcb\x8b\x01\x16\xaa\x8fy\xbd\x9b\xdclvx\
\x97p\x1f\xdb\xcc\x5c\xe3\xe3\x1e\x96\xe7\x83\xe2\x02\xbc\xd6\
\xbb\xc9\x00\xe1\xd1\x03\x22\xf7qg\xd0}n\x9b\xd7\xba\
\xc5\x05\x98\xa5\x06\xb0\x91E\x04\x88\xcd\x85\xd3Z\xafr\
#\xf2rZ\xebo\x8c\xf7T\xb0\xc8.\x80\x1b\xb4\xab\
.\x8a.\x8b\x9e\xd27y\x8f\xcc\xb4\xb7+\xc1F\x9a\
'o\x8c\xcfud\x86 \x08\x82p\xfe?>\x01\xef\
!\xa2e\x97\x7f\x9f\xdb\x00\x00\x00\x00IEND\xae\
B`\x82\
\x00\x00\x05W\
\x89\
PNG\x0d\x0a\x1a\x0a\x00\x00\x00\x0dIHDR\x00\
\x00\x00d\x00\x00\x00d\x08\x06\x00\x00\x00p\xe2\x95T\
\x00\x00\x00\x09pHYs\x00\x00\x0b\x13\x00\x00\x0b\x13\
\x01\x00\x9a\x9c\x18\x00\x00\x05\x09IDATx\x9c\xed\
\x9d\xcfo\x15U\x14\xc7_\xf7n!1\xda{\xee\x9d\
>\x0dso--\x16\x13\xa1E\x83\x10\xda\xaa\x01]\
\x90\x08&\xc2\x06\x8c;\xe3\xc2\x04\xd8\xe8\xa6B]\x94\
\x10\x1b\xfa\x0atHL\x5chbM\x5c\x8a\xa9\xda\x05\
P\x17\xb5FQ\xfe\x00W\x02\x1a\xd8)\xb9\xe6\xcc\x9b\
yi\xeb\xfb\xd1a~\x9d\x99w\xbe\xc9\xd9\xcd\xbb\xb9\
\xe7|\xe6\x9e3\xef\xbd{\xcfT*,\x16\x8b\xc5b\
\xb1\xca+\x90z\x09\xa4^v\x9c\x81\xady\xcf\x85U\
\x07\xf2#(cA\x9a\x9f\x19\x0a\x01U\xab\x83[@\
\xeaU\x84\x22\x94\xbe%\xc4\xb6\xc7\xf3\x9eS\xd7\x8b\xa1\
\x10\x14C!(\x86BP\x0c\x85\xa0\x18\x0aA1\x14\
\x82b(\x04\xc5P\x08\x8a\xa1\x10\x14C!(\x86B\
P\x0c\x85\xa0\x18\x0aA1\x14\x82b(\x04\xc5P2\
V\xaf\xea\xdf\x0fR\xcf\x09\xa5\x7f\x03\xa5\x1f\xf8\xff.\
\x16\xce\xf4\x03\xfc\xf3\x0d\x94\xa9\x09\xe5\xee\xab\x14QJ\
m{Z(\xf3]\xfe\xc14\x89\x9bPz\xf1\x09\xc7\
}\xaaR\x14I\xe9\xee\x01\xa5\xef\xe2\xe4\xf5\xe0N{\
\xfc\xcc\xdb\xf6\xa3\x85)[\xbby\xc9z\xabW[\xda\
\xcc\xd2E\xfb\xdc\x8b/\xf8N?;:j/,~\
\xd2\xf6z/#\xc3yO.\x9c\xf3\xfdp\xb7\x0f\x87\
`\xee\xf4*w4V\xaaV\xfa\xbc\x90\xe6w\x90\xfa\
\x9f\xff\x81\x97z)\xb1\x95\x11\xc2\x988\xfa\xba\xad\xdd\
\x98\x8b\xe4<U(^`\xb3\xd7kv\xec\xc8k\x0d\
(O\xf6\xe9j\xd4\x18\x09\xa7\xffe\xe1\xe8\xbf\xea\xab\
\xad\xf5JL\x04H\x98\xa6\x10\xc6\xfcO\xde#9M\
\x1d\xca\xfc\x8a\xd7\x80\x22\x94\xfe6Bxz\x844g\
@\x99\x87\xbeo\x07\xc7\xfd1\xae\xac\xac\x8fSb@\
\xfc\x02\x1e\xa4\xa9\xa8+\xa3hPf\xaf\xcf5\xd2\x97\
p\xdc\x97:\xc5f\x8b\xd6\x8f\x81\xd4_\xf8\xc1v\xfa\
\xed\x9ew\x8e\xda\xb7\xbe\x99\xf6?\xbfq\xec\xc4\x80\xe0\
\xd3\x14\x0e\x84\xb96\x09\xa7\xa9C9v\xeaD\x18\xbc\
\xd9vq\xc1\xb4\x86\xfb\xd6\xf0Z\xc7\x1d\xb2\xaf|\xfc\
\xae=v\xed\xbco\xa9\x02\xa9?\xda\x1a{\xf6\xab\xa9\
\xc4\x9c\xa6\x0cer\xe1\x5c\x98\xb6n\xb5\xbcI\xc1\x1d\
\x17\x8e\xb9\x87\xd7\xb9\xcf\xef\xb2\x87?\xfd\xa0\x01#u\
  \xcd}\x1ch\xf6f\xbctU\x14(\xb5\x1bs\
\xc1\x13\x91\xb9\xdf$\x1c=B\xea\xf7\x1b\xf5\xe2\xd0\x84\
}\xf3\xeb\xa9u0\xd0\x86v\x8d\xa4\x08$\x18(\x0d\
\xe7\xa9B\x81&\xc1\xab\xd7\x0b\xf3\xf9\xc6z\xb1\x11\x06\
\xdaf\xc7L\x14H\xb3\xbb\xa0,P`C\xf0\xda\xd5\
\x8b\xd2\x01\xa1\x08\x05\xd6\x04\xaf^/t\xcbz\xd1\xcc\
\x0a\x9b\xb2\xa8B\x81\xf0\xe7\x94M\xd4\x8bf\x96nQ\
\xcf\x08\x08%(\xb0\xf6\xdbu\x87zQ\xda\x15B\x09\
\x0a\x04>\xf7\x99!\xfb\xea\xf4{\x9b\x06Q\x9a\x1aB\
\x0d\x0a\x04>\x1f\xfe\xec\xc3\xc80r\x03\x92\xf6\xaa\x99\
\xc9\x11J\xe8\xf3\xa3\xc0\xc8-e\x95\xb9\xd0CL \
\xb9\x14\xf52\x17z(\x22\x904k\x88\x973\x94B\
\x02\xc9\xdaf2\x84\xc2@\x88A\x81\x22\xae\x90,S\
\x96\x971\x94B\x02\xc93\x8d\xcd\xa4\x0c\x85\x81\x10\x83\
\x02\xbcBh\xad\x14` \xb4\xd2\x170\x10Z5\x05\
\x18\x08-(\xc0@hA\x01\x06B\x0b\x0a0\x10Z\
P\x80\x81\xd0\x82\x02\x0c\x84\x16\x14` \xb4\xa0\x00\x03\
\xa1\x05\x05\x18\x08-(\x10s\x93C\xd7\xfd\xda\xeb\xa5\
\x0c%\xee6 \x06\xb2\x9a,\x94\xb8\x1b\xe5\x18\xc8j\
\xb2+e\xfdVR\xfd\xaf\x7f\xdd\xc1q\xda[I\x8b\
\x98\xb2\xbcMBY\x1b<\x00=&T\xb4\xcd\xd6]\
\xf5\x17\xae\x97\x01\x94\xb8\xc7\x11\xbab\xd7\x89\x97!\x94\
\xb8\x07v29\xd2\x16\xf7\x04nQ\xa0\xec\xd8=\x12\
\xd4\x0f\xf3w\xeb#m\xfaa\xbb\xba\x92\xc9\xa1O\xec\
\xda\x90w\xe0\xbc\x8c\xa0\x04\x05\xfdv\xcb\x9b\xb4C]\
I;e\xd5p\xa0\xe3\xa7O\xe6\x1e4/\x03(f\
pg\x1d\x88\xd2\xf7\xda\xbd\x15\x22\xc7c\xd1\xee>\xff\
N\xd8>\xec\xb7\xa0\xc8;h^\xda\x8d\x03\x9ei\xf4\
=\xe9\xf8\xaa\x8eVu%U u(z\x11\x07\xc3\
\xd6\x13\xd8\x82\x22\xef\xc0y)\x18\xfau\xe0\x8d\xa0\xdf\
\x894\xdfGx\x7fJ\x0f(s*<\xfa\xb6#h\
\xadqye>= \xd8\xb6\x08\x9b\xb2\x84P\xf0N\
*\xdb\xca\x18;r(\x0c\xda\x9f\xbdU\xd3\x17\xb5\x09\
\x1b8\xeeDx8\xb4\x9dU\x92\x12\xb6-\x0a\xa1\xb8\
\x03\xc3~\x0b\x8a\xc9/\xcf&\xdeP\xc0\xcb\xc8\xf0\xa9\
\x11\xe7\x8f~\xa0?\x0d\x18\x8e\x1e\x09}\x8e\x0a%h\
\xcf4\x0dJ\xff\xd1\xbc=\x93\xf9\xa1\x92\xa4\xb0\x90a\
\xa7\x9cNwA!M\x9ak\xb82\x0a\xf9\xfa'\xec\
\x94\x83\xcdY\x84\xd2\xbf\x86\xdfS\x0ag\xd2\x9f\xf7/\
B\x99\x8b\xc2\xd1{\xdb\xf9[\x08(\xdd\xa6*C\xa1\
'\x86BP\x0c\x85\xa0\x18\x0aA1\x14\x82b(\x04\
\xc5P\x08\x8a\xa1\x10\x14C!(\x86BP\x0c\x85\xa0\
\x18\x0aA1\x14\x82b(\x04\xc5P\x08\x8a\xa1\x10\x14\
C!(\xc7\x19\xd8\x1a\xee\xe5\x02\xa9\x97\xf3\x9e\x0f\xab\
\x12B\xd1\xcb\xb8\xd5\x88\x03\xc2b\xb1X,V\xa5\xbc\
\xfa\x0f\xc0\x1c\xd0\x07^\x14h6\x00\x00\x00\x00IE\
ND\xaeB`\x82\
\x00\x00\x09\xf2\
\x89\
PNG\x0d\x0a\x1a\x0a\x00\x00\x00\x0dIHDR\x00\
\x00\x00@\x00\x00\x00@\x08\x06\x00\x00\x00\xaaiq\xde\
\x00\x00\x00\x09pHYs\x00\x00\x0b\x13\x00\x00\x0b\x13\
\x01\x00\x9a\x9c\x18\x00\x00\x09\xa4IDATx\x9c\xed\
[\xebO\x1b\xd9\x15w\xdfU\xabVU\xbb\xfdTU\
j\xd5\x87\xdaJ\x95\xaaU\xa5\xfe\x01\xfb\xad\x1f\xfa\xa9\
\xed\xc7\xae\xd4\x0fi\xc3\x1d\xc7\x01c\x120\x89\x09\x04\
\x8c\xf1\x5c\x0c\xd9MX\x12\xb8wl\xf32\xef$\xe4\
\x05d\xb3K\x09\x09Y\xd3\x86\xee\x86$\x845\xd0$\
@\xd2\x04\x13B6\x10lnu\xeex\xc8\x18\xdbx\
\xfc\x00\xbci\xaet$\x98\x19\xcd\xdc\xdf\xef\x9c\xfb;\
\xe7\x9e\x19\xebt\xaf\xc7\xeb\xf1z\xbc\x1e:\x9d\xceb\
i\xfd*F\xc4&\x222\x83\x05\xca2\xc1DD\x1f\
\x8a\x88TX,\x96/o\xb9\x93D\x81\x96\xef4\xe0\
\x98D\x08\xb4|\xcb\x09\xc0\x02\xbd\x0f\x0f\xeb\xbe|\x8f\
\xf5\xf9V\xb6\xcc\xbc\xb3\x01\xe6[`\xdcFf\x03Q\
\x8f\x7f\xfa8\xc8.^\xb8\xc9\x8e\x15xd\x12\x10]\
\x15\x11\x19\x14\x91\xb4k\xcb\xa2\x01\x87\xd8\xdei\xf0c\
w?c\xf5e\xa76\x8b\x88\xab\xd5\xfa\xfa\xef\x7f\xee\
\x08\xf0j\xf1\xfc|\x90\x91\xf2\xd3|\x1e\xb5\xe6&v\
s\xf0\x1a[zp\x87\xdb\xad\xa1k\xac\xbeh=\x22\
.\xa7=\x12\xf0\x16\x12\xa0\x05<\xd8\xfb\xfd\xb7\xd7\xc1\
/\xce\xdcf/\xfc\xbe0[\x9c\x19\xe7\xe7\xe0\x9aJ\
D\xde\xfe\x5c\x10\xe0\xd5\x08\x1e\xcc\x85\xcf\xf19\x80\xe7\
7\x82Wl\xec\x1f\xc3\xcaR\xe8\xcdX\x02\xa6\x17\x02\
\x09\x83\x07;\x92\xd7\xcc\xe7\x00!\x1f\x8b\x80\xa5\xb9;\
\x0a\x01\xf73\x92\x80\xd1\x07\xab\x0c\xc6\x84?\x98\x10x\
\xb8\xa6\xca\x14\x9f\x80\xa7\xb3\xe3\x99K\xc0\xe8\x83U\xb6\
\x1cX\xe3\x04\x04\x82\x8c=x\xa6\x1d<\x9c\xaf\xb5\x9d\
\xe1s\x00\xc1\x8b\xb9\x04\x06\xe4% \x22r!\xa3\x08\
\x98Z\x08\xb0h\x03\x8eo\x06\x1e\x8e+\xf7\xf0\x9c\x1a\
\xe3s\x00\xb5\x07\xc1\x8b\x10\xc1\xfb\xb7Ym\x81,\x82\
X\x90\xfe\x92Q\x04\xf4\xf9Vx\xd8\x83\xe7a\xbc\x08\
0\x1e\x11Z<\xaf\xd8\x87\x93\xcb\x8c\xd8z\xd63\x01\
\x08\x1e\xacy0\xf0\xfc:xD/\xb7\xfe\xa9\xf5K\
\x19E\x807\x04\x12\xc2\x1e\xc6\xe8\xdc\xaaf\xcf\x83\x0d\
L\xbf`w\xfc\x8c\xdd\xbc\xf7|\xbd\x16\x88\xbe? \
W\xc4]\xb5o\xa4\x15|\xaa\x04\xa8A\xc2\xdf\x89\x84\
\xbd\x1a|X)\xdc{\x8b\xd1\x0a9\x1a\x14\xafgd\
)\xec\xdd\x00>\x9e\xe0\xc5\x03\xbfn~\xc6F\xef,\
\xa8\x08 \xfb\xb8\x09D\xc0Y\xe4\xf7\xa2@\x7fQ\xbb\
\xab\xf6+;J\x807\xcd\xe0o\xcf\xad\xb0\xdesc\
k\xf5\x15g\x9eV\xeeu.\xc7\xdf)\x92\xe7\x18\xd1\
\x8b\xa2@\x0a\x1cY\xf47\xdbJ\x807\x8d\xe0?\x9d\
_c\x17z>f\x8e\x1cw@\x0d\xb0\xc2(=\xb6\
\x1er\xcf\x15;\x1a\x9e\x15\xd54\xad\x1e:\xda\xe4/\
\xc1\x8d3\xd6\x22\xd7\x8c=Wz\x84\x11\x0dn\xd0\x87\
\xc1\xca,\xe9\xcfI\x09$N\x80\x80t\x82\xbf5\xbb\
\xcc$Q.\x81\xc1\xac\x16\xe7\x9a\xb9\xd9\xc3r\x07:\
Y\xce\xb5\xaeM\xcd8\xd4\xc9\xf2\xbb\xdaX\xf1\xb1f\
V\x91\xebT\xf7\x0fF*Q\xddo\xb7\x84\x00o:\
\xc1\xdf\x7f\xce\x8e\x97t+\xde^\x030\xf1@\xc7$\
\xe3J'+l\xf10[\xbe\xf3\x85L\x02\x09@#\
Es4\xe0M\x08\xe8\xf7\xad\xb0I\x7f \xe1\xda~\
$\x0e\xf8\x13\xc52\xf8r\xb3k-\xefRG\xd2\xe0\
\xc3\xecj\x17+\xaak\x0eb=]\x0dEC\xb7\xdd\
\xe8\xfaf\xd2\x04\xf4O\xae0\x9f_\xae\xf2\x1e>\xdb\
\x1a\xf0&\x0d\xe1\x9e\xa8\xed;\xdf\x0eQ%G\x03\x22\
\xc3\x0e\x03\xfdNR\x04L\xaaJ\x5c\xa8\xf2\xa7\x16\x82\
\xe9\x03_\xe8b[\x01^1\x88\xaa\xf2\x02'\x17J\
Q\xa0\x1fmJ\x02\x8eA\x00\x80\x04\xcf\x03\xf8\x9b\x8f\
\x82)\xad\xf9\x1b\xd3K\xeb\xe0mQ\xc0\xe7\x0eu\xb2\
}g\xb4\xeb@\xf1;ML\xd4S&\xee\xa1\xccf\
v\xb2\x83\xf5\xcd\xccx%\xfc\x1ax\x06<Ki\xa7\
Y\xde\xa6_\xd7L\x80W\x05rrA;\xf8\x8e~\
\x1f\xab9|\x8a9\xf6\xbcTf\xb5E\x03o\x1c\xec\
dV\x8b<\xd1\x82\x93\xdaH(+uG\xdc\xdbz\
0rI\xc1\xff\xe5\xf9\x92\x92b\xf7h\x22\xc0\x9b\xa4\
\xda\x03\xf8\x98u|\x8e\xc4J\x1c\x8d,w06x\
\xb0C\xc7\x9a\xfcZ\x08(\xaa\x917G\xa2@\x1c\x22\
\x92\xfe \x222-\xeb\x8a3\xb0\x91\x84\x82\xceV\xa5\
\xa4\xee\x88K\x807\x05\xb5?V\x22wt-uM\
\xcb\xa0\xc8q\xd3\x97\x0a|\xb5\xb1A\xf6b\x91\xeb\xae\
\x16\x02\xcc\xad\x9e\xb0\xde\x00\xfe\x9b\xf4\x03\x8c\xe88\x8f\
\xb2|\xe7\xb2\x9a\x04s\xbbF\x02\xbc)\xe6\xf9\xaal\
\x19D\xee\xe5\xf8\xe2\xb6\xaf\xaf\x83\xaf]\xde\x03\xb0\x9e\
f\xde\xd1\x07\xfco\xbb\x81>\xd1$r\xfd\xedJ\x04\
<Z\xc7\xa1&a\x9f\xb4\x04\xc0\xcdm\xad\xcc\x9eC\
\xe75-\x01_\x8aE\x0e\x00\x81\xfb\x80 E\x8b\x00\
\xf0J\xfe\xc96V\x5c\xdd\xc8\xc5\x0b\xae\x85f(\xec\
\x03\xa0$v\x18\x9c|\xad\x9a>\x88_\x17\x18\x87\xbb\
\x98=G\x92I\x13\x5c?V\x93 \x0a\xe4\x93\x88%\
(\x90\xa1\xb8\x22\xe8K\xb1\xc2\x1b\xba\xfa\x9f8\x1b\x98\
\x97V\xb5\xd7\xc5N\xb7z\xf9\xf6W\xb9o}\xf9i\
^\xc0\x14\xb4\xb5.i\x89\x02\xebaY\x08\xed\xfa\xfa\
?\xaa\xf1T\xeb\xab\xbf\x86\x05j\xc2\x88\xf4`D\xba\
0\xa2{c\x82\x87\xa1L*\xd9\x22gb\xfe\xe5\xf9\
\xa1\xe1\xbb\xbc\xa9\xe10Df\x81w\xf7\xb70j\xeb\
ag\xbb\xae\xf3\xb4\xb8\xf1\xde\xdd\x0dW\x15!\x9cM\
D\x081\x22V]*\x03o\x92\x05\x92\xda\xcf'i\
\x1f\x5c\x92\xdb\xdee\x87\xdc\xb3\x89\x09!\xedK\x1b\x01\
\xde$=\x9f\x0e\xbb>>/\x03\xca\xa6\x9a\x96\x80\xe9\
b\x87\xb2\xbe\xfdL\xc7\xbe\x902\x01\xde$\xc1\xfb\x97\
\x19\x9b|\x92:\x01 \x84U\xd9\xf2\xba6}\xd8\x99\
\x90\x10V\xe8\xa5\x9f\xa4L\x80/I\xf00\x9e\xaf2\
6\x95\x06\x12N\x842\x89\xd6\xed\xb1\x22\x84\xd0\x0cI\
;\x01#\x1a\xc2\x1e<\x0f\xe0\xef.\xa6\x0e\x1e\x9e'\
\xd5\x0d\x86\x8a\xa9f\x96\xa0\x10\xda\xd2J\xc0H\x02k\
>\x1d\x9eW\x9e\xe79y\x83\xcf\xa5\xb4\xa2\x81%\x22\
\x84\x95\x02}?m\x04\x8cl\x83\xe0\xc5\x22[:.\
G@\xc9\x91\xc6H\xa0\x06\xca\xac%n\x963\x1cY\
\x11b=]LZ\x08\xb1\x8a\x80\x9d\x04\xdf{\xe73\
Vel\x945\xa0'\x5c\x03\xd4\x1b\xa6\xbc\xde\xf6\xa8\
B\x88\x11\xf9uJ\x04\x8c\xec x\xb0\xf6\xde\x09y\
\xcb\x9c'\x05\x8dj/\xf7\x86\xbc\x1c\xb2\x03\xce\x96y\
59\x87+\xe4=\x08\xbc7H\x89\x80\xbe-,r\
\xe2\x15U`uU\xfd|\x1eE'\xc2\x05\xb0\xe8X\
h\xeb\x8b\xc8\x13^(\x95\xb9\xa7\xd4\xe7\x0f\xbaZ\x94\
\xdd^[Z\x08\x18\xd8f\xcf\x83\x9d\x1f{\xca*\x0d\
r\x98\xe7\xf5\xab6C\xc3\x9d\xccn\x0a\x85\xb8@\xf7\
\xf0\xda?\x87>\x0e\xdbY\x86\x22D\xd4\xd3\xc7I\xe9\
\x00V\x11\xb0\x13\xe0\xc1Z\xba?\x91\xfb\x01\xc5\xee0\
\xefC=\x10\x9a\xdf\x14\xb4\xb9ED\x1f\xf3-\xb7j\
\xc7\xc8u D\x92c\xb7\xf3\x97I\x130\xb0C\xe0\
\xc1\xde\xb3\xca\x1fH\x146x\xc2\x088l\x0f\xado\
D\x8aa\xae\x22\xa2\xa7\xf8u\x9e\xd6\x17\xea\xebJ\xb0\
|\x9d\x98U\xbf;i\x02&v\x08\xfc\x99\x7f\xcdC\
\x1ac\xa2\x81\xae\xa9[f\xd01\x12\x0d\xbc\xd6_\xc3\
Y'~\xca\x09\x10h\x1e\xcc\xb5\xb8\xb2!l\xc3d\
\xf6\xacw}\xc6+\x11y3)\x02|\xdb(xj\
kl\x1e\xe1\xcf\x07o\xabA\x1dp\xcb\xe2&\x22:\
\xa0\xcc\xd5\x9eU\xff;^\xfb\xe7:\xfd\xeaLa\xbc\
\xda\x05\xed4\x85\x84 F\xa4\xc1a\xa0?\xdaq\x02\
F\xe2\x80\x07{\xf7\x80\xbc\xab\x83\xe6eX\xee\x0f\x01\
\x12\xf5\xe4\xaf\xca\x5cA\xe40\x22>8\xbe\xffT[\
Dk\xfdPM3\x8f\x9a\x10q\xcb\x22\x22\x22\xce>\
\xf1\xdd\x84\x09\xa0\x15g\x98d?\x9b\xd215\xf8\xf7\
J{\xf8:\x0f[\xf7\xa5=\xec\xa8\xa5S\xee\xea\xe4\
J\xdc\x8b\xeb\xb9\xbfO&\x05#\xb2d3\xd5}K\
=_Q\xa0\xfby\xbdP\xe8\xe2\xef\x05\xa3\xbd\x14)\
\xa9\x94\x0b\xaaP}\x00=A\x93\xa6\x96\x98/d\xe9\
8\xa6\x06\xbb\xd91\xbe\xa6\x8f6\x85\xe7\xfeZ\xf9\xb3\
9,\x10\xd7\xc6\xf9\xf2\x96\x17\xa27\xe4\xac\xe1\xfao\
4\x12xz\xbc\xd0\xceJ\xcb\xdck\xaa\xe7\x5c{\x07\
9\xbf\x97\x91\x04\xec?\xf7\xb2\xbc\x85Z\xdf\x9e\xeb\x94\
_pf\xd1\xb7\xa29\xcd\xae\xaf\xff\x95\x88\xe8\x1c\x8f\
\x9e\xbdt\xba\xa0\xbd\xf5z\xac\x0d\x134b\xcb\xcd\xa1\
7\xc7\x88\x1c\xd7D\x80d?\x1b\x11\xdaZ\x8eA\xd8\
C\xa8G\x84{\x94c5e\xf2w@\xb6\xc2\x0d\xb9\
\xbf\xfbe\xee\xb7X,_\x8c\xb5t\x81\x04%\x12\xb8\
0\xe6H\xd7\xcd\x1e\xcf?\xa3\x91\x00\xad\xfa\x0a\xa3\x14\
\x80jR\x13\x01\xbe-\x12\xbch\xa5\xefA\xda\x12\x9e\
\xfbqx\xee\x8f\xf7k\x17\xf8LFD\xc4\xaf\xe0\xb0\
g\xd31s\x93\xe7\xba:K\x80\xd9\x0a\x5c\x0f1\x22\
+\x11\xa4\xe2\xd0\x0f&>\x1a\x9d\xdb6\xf0\xe7\xc7\x16\
\xe5\xd2W\x1f\xfe\x1e\x00<e7\xd05u\xee\xd72\
\xaa\xf5\xeeocD\xf2\xe1\xa76\x0a\x11b6\x998\
\xe8j\xf97|qR\xd8\xd8\x22\xd7\x13\x02\xe9\xcf\xa8\
\x9f\xcc\x94\x95n\xc8\xfdM\x9e\x88\xdc\x9f\xc8\xa8\xddU\
\xfb\x0dx\x0f \x0a\xe4^\x94\xe7=\x8b\xbae\xb6\xf0\
0\xe2$\xf0H\xd8N;\xd0\x1c^\xfa\x96\x15\xbb#\
r\x7f2\x032E%\xa2\x7f\x87O\xeb1\xa2\x1fC\
6\xb1\xed!?\xd3e\xca\x10\x052\x04@A\xf0\xd4\
mnx\xe7\x1f-\xf7\xbfr\x03\x0b\xe4\x08_\x02%\
nf\xba\xd4\xc1L\x03\x1d\xac\xcc\x1a\xf2\xbe@\x89\xee\
U\x1f\xe2n\xf2C\xd1@y\x83Cm\xa2\x9e\xce\xc3\
9\xdd\xff\xc3\x10\x91\xf3\xe7X 'E\x81>\xe5i\
\x0c\xd1\x8e\x8cZ\xa7\xaf\x87\xee\xd5\x1e\xff\x03\xf1\xf7\x83\
\x15\x1c/\xce\xdf\x00\x00\x00\x00IEND\xaeB`\
\x82\
\x00\x00\x02l\
\x89\
PNG\x0d\x0a\x1a\x0a\x00\x00\x00\x0dIHDR\x00\
\x00\x00d\x00\x00\x00d\x08\x06\x00\x00\x00p\xe2\x95T\
\x00\x00\x00\x09pHYs\x00\x00\x0b\x13\x00\x00\x0b\x13\
\x01\x00\x9a\x9c\x18\x00\x00\x02\x1eIDATx\x9c\xed\
\xddMJ\xc3@\x00\x86\xe1^B\xd1MS\xcb\x07\xd6\
\x144kQ*\xee\x8dd\xb4\xdeDO\xa0G\xf0g\
\xa5\xf4\x04\x8a[\x85\x1e\xa0\xaet\xe1qF\x9a\x8d\xa2\
\x82U1\xfdR\xdf\x07\x02]t\x11x\x99t:\xf9\
k4\x00\x00\x00\x00\x00\x00\x80\x8f\xda\xed\xd5\xf9\xa4\x95\
>$\xadt4\xfe\xfc\xc9WP\x15)\x9bKZ\xe9\
c\xb2\xd4\x8d\xe3\xad\xb9\x94>7\x9b\x9d\xc5\xcav\x00\
\xefGF\xf7i\x1c\xa2\xb3\xb1Une\x98V\xf7\x89\
\x912\xc5\x91\xb1\xbc\xbe\x19wn\xceb~{\x11;\
\x9b=F\x8aC\x8c0\x1c\x94\x1bQ\x8cb\x04\xa2\xf8\
\xc5\x08D\xf1\x8b\x11\x88R\xedl*\xbf=\xff2\xc6\
k\x94\xf37\xb3\xaft\xf4\xc7\xbb\xfa\x7fc\x14\xf7W\
1\xeb\x87\xd8;9\x22\xc8\xb4\x0fS\xc5\xfdU\x5c\xdb\
+\xe2\xea\xeeN,\xee.'>d%I\xbaP\xd9\
\xce\xcf\x1a\x11\xc3\x87\x88\xe1C\xc4\xf0!b\xf8\x101\
|\x88\x18>D\x0c\x1f\x22\x86\x0f\x11\xc3\x87\x88\xe1C\
\xc4\xf0!b\xf8\x101|\x88\x18\xf58\xd3\x97\xf5C\
\xb9\x8c>^Ng\x09}\xca1\xc2pP\x9e\x5c\x22\
\x86\xf19\xf0\xc0\xc9%b\xcc<F\x86\x11b\xd4d\
j\x9bMtu\x08\x17$T\x12c\x8d\xabC\xaaE\
\x0c#\xfc\xe93\xc2\x9f>#\xcc\xa6\x8c0\x9b2S\
\xde\xed\xfa\xc9U\xe8\x93,\x14\x86\xe1 \xaelms\
\x1f`\x15A\xbeZ(\x0c\x04\xa9\xe8\x90u}\xfa\xab\
E\xc3&\xb70\x13e&1R\x0c\x11\xa5fQz\
\xc7\x871;\xd8\xfb\xd6YA~S\xfe0J\xf1\xc3\
\xc5E\xa2\x10e61R\x0c\x11\xc5\x90\xf8M\xf1#\
\xa2\xf8\x11Q\xfc\x88(~D\x14?\x22\x8a\x1f\x11\xc5\
\x8f\x88\xe2GD\xf1#\xa2\xf8\x11Q\xfc\x88(~D\
\x14?\x22\x8a\x1f\x11\xc5\x8f\x88\xe2GD\xf1#\xa2\xf8\
\x11Q\xea\xf4\xa8\xf1\xcb\x98\xed\x17<j\xdc)J\xe0\
a\xfc\xf5\xbal5\xe7Vk\x9f(91|\xa2\xe4\
\xc4\xf0\x89\x92\x13\xc3'JN\x8c\xe9j\xf3b\xc9z\
\xbcz5\xe1M:\x16/'\x1e\xf1rb\x00\x00\x00\
\x00\x00\x80F\x1d\xbc\x00\x16\x04\x86\x87\x98;\xed@\x00\
\x00\x00\x00IEND\xaeB`\x82\
\x00\x00\x01^\
\x89\
PNG\x0d\x0a\x1a\x0a\x00\x00\x00\x0dIHDR\x00\
\x00\x00@\x00\x00\x00@\x08\x06\x00\x00\x00\xaaiq\xde\
\x00\x00\x00\x09pHYs\x00\x00\x0b\x13\x00\x00\x0b\x13\
\x01\x00\x9a\x9c\x18\x00\x00\x01\x10IDATx\x9c\xed\
\x9a1J\x03Q\x14Egy\x06w\xe2\xfc*KP\
H\x84\xf1\xf3\xecn\xe7\x0f\x08\xafMi\x91\x1d\xb8\x04\
+I\xb2\x8f\xa4\x89\x09\x0aj\x08d\x9a{\x0e\xbcn\
\xe6\xf1\xb8\xcc=\xd5t\x1d\x00\x00\x00\xc0\x85\x0c\xa5\xdd\
>\x95\x97m-m\xf7\xe7\xf4m3\x94\xc5d\xec}\
W\xa7\xf6m\xf3\xef\xb1\xa7Y\x8f\xbd\xef\xea\xd4\xc31\
\xfa\x5c\x1d\xa7~\xbc\xed\xa6\xef\xcbo\xf3\xf5\xdc\xb9\xfb\
~\xbe\x7f\xe9\xbe\xd1\x03\x88Y\x1e\x8f\x9b?\xbc\xfa\x05\
\xf0\xfcx\x0a`vo\x18\x80\x0ec[\x01\x11\xc0\xca\
\xfb\x0b\x08$\x98HP\xce\x15\x90\xbb\x03\xe4\x1e@ \
\xc1D\x82r\xae\x80\xdc\x1d \xf7\x00\x02\x09&\x12\x94\
s\x05\xe4\xee\x00\xb9\x07\x10H0\x91\xa0\x9c+ w\
\x07\xc8=\x80@\x82\x89\x04\xe5\x5c\x01\xb9;@\xee\x01\
\x04\x12L$(\xe7\x0a\xc8\xdd\x01r\x0f \x90`\x22\
A9W@\xee\x0e\x90{\x00\x81\x04\x13\x09V\xab_\
e{\xf3\x9f\xa5\x87\xb2\x98\x9cy\xf4\xba\xde\xb5\x9b\xb1\
\xf7\x01\x00\x00\x00t\xbf\xb0\x07\xed\x8e\x988tg+\
\xa7\x00\x00\x00\x00IEND\xaeB`\x82\
\x00\x00\x04h\
\x89\
PNG\x0d\x0a\x1a\x0a\x00\x00\x00\x0dIHDR\x00\
\x00\x00@\x00\x00\x00@\x08\x06\x00\x00\x00\xaaiq\xde\
\x00\x00\x00\x09pHYs\x00\x00\x0b\x13\x00\x00\x0b\x13\
\x01\x00\x9a\x9c\x18\x00\x00\x04\x1aIDATx\x9c\xed\
\x9b[O\x1aA\x14\xc7}\xeaC?@\x93~\xc1\xa6\
\x09\xfb\xd0\x976\x9a\xda\xf8fkd\xfb\xa0\xd5Fk\
 U\x03\x88iSkJ\x93z\x03o\xd1\xa2\xa8x\
\x03\xc5\x05D\xb4\x16q\x89/\xcd\xae\xc2if\xdd%\
\xb3\x17\x97\x05Yv\xd59\xc9?\x81\x99ag\xce\x8f\
9\xff\x19\x1ehj\x22A\x82\x04\x09\x12$T\xd1\xd6\
\xe6\x7fD;\x5c\x1dN\x87\xeb\x98\xa6\xdc`79)\
7\xeft\xb8c4\xe5j\xed{\xd6\xf7\xb8\xa9\xde\xe1\
\xa4\xdc\xef\xacN\xd2\xb0\x1c\xaeH\xe7\xf3\xc1'u\x05\
@S\xee,zx\xe0\xe7\x0e\xcc\xae\x9e\xa8$M>\
\xc1p*M'9\x88\xe7K0\x7fxYn\x9b\xcf\
\x5c\xc2A\x01\x80\xc1\xc5\x82lL0\xcdC\x82U\x8c\
QH\x9a7\xb8|\x04\xe3cQ\xe8n\xf1\x95\xaew\
\x84k\xab\xae\x10hq\x22\xad\xe4\xf5\x00L2\x1cl\
\xe5\x8a\x10\xce^\x95\xdbfR<$\xce\xd5\xc9\xe0c\
&\x93\x1c\xc4\xf2%\xdd\xe4q\x00\xd2:\xa6\x17\xd2\xd0\
\xfbfT\x80@;\x5c\xbb\xef_\x0c=\xb5\x14@\xe4\
\xe4\x0a\xa2\xa7E\x19\x90\xdd3ub\xf8\x18\xa4\xcd\xbf\
E\xa1=\x91/\xc2\xf8H\x18zZ|\xd0\xdb2\x02\
\xe3\xfe\x15\xa1\xed&\x00\xa6A\xa0k\x00\xb0\x98\xb9\x84\
\xdd|\x09\xa6\xb0\xb6u11\x5c1\xc5\x98\x95\x93\xab\
r\x1fJXY\xe3\xa8M\x0f\x80)\x10\xe8*\x01\xa0\
\xfa\x8d\x9f\x97`&\xcd\x97\xdb\xd0\x16W&\xbf\xcf\x82\
l\x8c\xd2\x1b\xd0\xb7\x8e\x9e\x9b]\x1b\x80\xa3\xd5\x01\xe1\
5j\xab\x04\xa0\xee\x10\xe8*\x00L\x89\xa6\xb7\x90\xc1\
L\xef\x90\x17L\x0eO\x1e%\x8a\x8fA \x10\x10\xad\
\x1a\x87\xdc'A\xd2{#\x00\xea\x0a\x81\xae\x02\x00\xaa\
\xdf\xf0\x89\xdc\xf4\xf6\xce\xd5u\x8f\xb6\xba\xcc\x1b4L\
O\x0f\x00zf\xa5u!M\xcd\xa7\xa1\xa7\xd5/A\
\x88\xd4tO\xa0\x0d\x02@Im\xe60CKr\xb0\
\x93S'&\x1b\xc3p\xb0\xa1\xe1\x0d\xba\x00X\x80\xb9\
\x0co\x08\x80\x04\xa1|D:\xdc\xafM\x03\x10C\x86\
\x96\xc4L\xefT\x9dX\x5c1\xe6\xf7\xb1\xda\x1b*\x01\
X\xce^\x97\x8eQ\x00H\xdf\xc7\xa2\xe2E\xc9\xbdm\
\x1a\x80\x10fhh\x91\xca\x84\x0eX\x90\x8dA\x17\x1f\
\xa57\x18\x01 }\xbe\x1a\x00\xe8\xb2$\x96\x01g\x1a\
\x80\x09qa\xb3\x87\xbc\x90\xac2\xa1\xc5#\xcc\xf4R\
<\xeckx\x83Y\x00\xf0u\x9a\x0a`\xfa\x86\xc4V\
q\xd3Kj_\x88\x94\x92\x8eAt\x04J\xc7`W\
\xb3\xcf\xc6\x00\x92\x1cl\x9f\xa9\xeb~;W\x14\x9c^\
\xcf\x1b\xb4\xa4u\x11\x1a\xfa\xbcl_\x00\x91S\xb5\xa1\
\xa1\xe3j*\xc5\xe9z\xc3M\x12\xae\xc2\xfe\x15\xf8\xd0\
<\x22|\xf3\x83\x83\xcb\xf0+\xf1\xcf\xbe\x00\x18\x0d\xd3\
C~ -x\xee\x06o\xd0\x93\xf2w\x02.\xdb\x00\
\xe8~\xe5\x15\xfa\xc3\x1b\x7fd\x8b_\x12\x8f+\xc9\x1b\
\xf6\xd8\xcau\xaf\xf7;\x01\xd7\xb7\xb9\x8c0'\x9a\xdb\
r\x00\x9e\xfe\x90\xaaV\x1b%O_\xc8z\x00\xc1\xf0\
\xb1\x00A\xda\x09\x8d\x10\x9a\x0b\xcd\x89\xe6\xb6\x1c\xc0\xec\
\x1d\x11\x01@\x91\x1d\x00\xa4\x04(\xb3L\xb0/\x08]\
/=\x96\x9d\x06FL\xf1^\x1e\x83\xb4\xf2X\xec\x0f\
5\x1e@\xb7x\xfc\xa5\xa3\xeb\xc0\xb3\x8c%J\xad\xaf\
\x95wB\xc3\x01\xd0b\xbfU\xc9K2\xbaN\x02\xa0\
\xda\xa0\xc9\x0ep\xd7T\x02\xac\xdf\x0b\xb9\xde\x8f5\x89\
\x1d\xf5\xea>\x07\xef\xb7m\x09\xb0\xa3\xb7\x01\xe0\xd3}\
\x0e\xdeo[\x00<1A\xe6a\x9f\x02\xec-<\xc0\
H\xcd\xdfk\x0f\xc8\x19\xa8y\xdb\x03\xe0\x1fz\x09\xf0\
\x04\x00Cv\x00OJ\x80!\x1e\xc0?4\x13\xf4t\
|\x01o\xe7W\xd9\xe2\x1a\xd1f\x1b\x00\xb4\xc6\xa9\xd0\
\xc86\xcb\x00p\xf9}\xb8H-\x95\xdf\xb3\xb1\xe9\xb2\
\xccj+\xc4g\xe0\x22\xb9\x04\x5c.n=\x80\xc2^\
HX\xdcp\xbb\x17\x86\xdb=\xb2\x05\x9b\xddV\xd8\x0b\
Z\x0f\x80\xc5\x16h\x85\x08\x00\x8a\xec\x000\xab\x04\xb2\
\xe8\x83?\x02;w\xb6\x04\x02\x81\x1d\xa9?{\xbf\xff\
0AU\x90\xc3\xf5\xb6\xa6\xbf\xcc8\xaf!\x08;\xe1\
\x8e*\x8br@\xb9T\x0d\x80\x04\x09\x12$H4\xdd\
\xff\xf8\x0f\xa656M\x5c\xd0\xb4\xb9\x00\x00\x00\x00I\
END\xaeB`\x82\
\x00\x00\x03 \
\x89\
PNG\x0d\x0a\x1a\x0a\x00\x00\x00\x0dIHDR\x00\
\x00\x00d\x00\x00\x00d\x08\x06\x00\x00\x00p\xe2\x95T\
\x00\x00\x00\x09pHYs\x00\x00\x0b\x13\x00\x00\x0b\x13\
\x01\x00\x9a\x9c\x18\x00\x00\x02\xd2IDATx\x9c\xed\
\xdb\xcdN\x13Q\x00\x86\xe1\xde\x84F7|\xa5i\x22\
\x99\x06\xe8\xdaH01n \x8c\xcc\x00^\x8aw\xe0\
%(\xae0^\x81\x86\xad&ntUW\xb2\xf0r\
\xc6\x0c-\x09?\xa5\x9d\xbf\xd3~e\xde7\x99\x84E\
\x17\xe7\xcc3s\xce\xb4d:\x1d\x22\x22\x22\x22\x22\x22\
\x22\x22\x22\x0a\x92\xba\xd1o\xad\x0f\xb2BG7\xfa\x05\
C\xe0T\x14cr\x00\xb2 \x90\xf4\xe7\x97\x99\x07 \
\x0bJ\x80x%@\xbc\x12 ^\x09\x10\xaf\x04\x88W\
\x02\xc4+\x01\xe2\x95\x00\xf1J\x80x%@\xbc\x12 \
^\x09\x10\xaf\x04\x88W\x02\xc4+\x01\xe2\x95\x00\xf1J\
\x80x%@\xbc\x12 ^\x09\x10\xaf\x04\x88W\x02\xc4\
+\x01\xe2\x95\x00\xf1J\x80x%@\xbc\x12 ^\x09\
\x10\xaf\x04\x88W\x02\xc4+\x01\xe2\x95\x00\xf1J\x80x\
%@\xbc\x12 \xcd\xd4\xebm=V7\xfa\xa3n4\
\xca\xffv\x07\xe954^\xcb\xfa\xfd\xe1#u\xa3\xbf\
W'im=\xfa\xb7\xb6\xb6\xf1\xd4\x15\xa4\xdf\xe0x\
\xed\x1a_i\x83\x8b|b\x1b/^^\x1e\xe3w\xc8\
\x07\x17U\xae<\x05\x06iz\xbcV]\xbf\xd2\x9e=\
\xdf\xc9\x0e\xbe}\xcc\xe2\xf3O\xd9\xc6\xcen\xe5+O\
\x01AB\x8c\xd7\xa6i\x93\xbb:Yu&\xa9@ \
\xa1\xc6k\xd1\xac\xc9\xd5\x9d\xa4\x02\x80\x84\x1c\xef\xd2+\
2\xb9:\x93T\xc3 \xa1\xc7\xbb\xf4.\x1f\x15'\x1b\
b|~:\xf7\xc4\xe5\x9f)\xb3q\xaaA\x90\xdb\x1b\
x\xf9\xf1F\xa3\xce\xaa\x83\xec\xbe\x7f\x97%?>W\
FQC \xf30\xf21\xe6c]y\x90;K\xc0\
\xd7\x0f7&4<N\xb2\xed\xe3\xc3)(\xc5\x96\x83\
&@\xe6-S\xf9\xd8\xb6\x8f\x92lx\x92\xce\x1c\xa3\
\x14=\xe9\xacB\xb3P\xae&\xbb\xf5\xe6 K\xbe\x9f\
\x95FQM\x90\xa2\x18\xb7\xc7\xb7\xb2\x18\xa1QT\x03\
\xa4\xb5\x18!QT\x11\xa4\xf5\x18\xa1PT\x01\x04\x8c\
\x80w\x8aJ\x82\x80Q\xe11s6\xca\xe9\x8dG\xe2\
\xb2 \xf3\x1em\xa7\xef\x19\xe5\xbe\x1b\xb5\xfaNQY\
\x90\xb6n\xe0\x8bFI\x0b\x82\x80Q{\xf9:\xcb\xb6\
\xd2\xc3l\xf8\xf6\xe8\xceI\xce?\x17\xbdz\x9dm\xee\
\xef\xcf\x05\xd9\xdc\xdb\xbb\xfc\xec}\xcbT~\x5c\xffr\
\xda\x9ae\xaa\xda\x9dr6\xf5g\x8b\xba\xc7\xfd\x18-\
[\xa6\xaa\xfe\xcc\x92\x06\xc0h\xfd\x9e\xe1\x80\x92\x80\xe1\
s\xa7$`\x84[\xbev\xa7\xfct\xcf\x9ea\xf8\xd3\
}\xca\x06\xbe\x1c\x94d\xf2H\x5c\x04%\xff_\x06O\
S\x0bB\x19\x1e's\x1f\x8bo/o<\xda\x06D\
IK\x1e`\x18m\xf41_\xfa|6\xfa\x18\x0c\x9f\
=%\x06\xc3gO\x89\xc1\xf0A\x89\xc1\xf0A\x89\xc1\
\xf0A\x89\xc1Xn\xbd\x87\xfcb\xcd\xaa\xd6\x9f\xf2\xea\
Yk\xff\xb9\xe4Ro\xfcr\xe6\xe8A\xbe\x9cID\
DDDDDDD\xd4\xf1\xed?\x16;\xad\xc3\xe2\
M\x03\x03\x00\x00\x00\x00IEND\xaeB`\x82\
\x00\x00\x01\xec\
\x89\
PNG\x0d\x0a\x1a\x0a\x00\x00\x00\x0dIHDR\x00\
\x00\x00@\x00\x00\x00@\x08\x06\x00\x00\x00\xaaiq\xde\
\x00\x00\x00\x09pHYs\x00\x00\x0b\x13\x00\x00\x0b\x13\
\x01\x00\x9a\x9c\x18\x00\x00\x01\x9eIDATx\x9c\xed\
\x9a\xb1N\xc30\x10\x86=\xf1\xb2\xf6;T\x80\x9a\x14\
\xd57t\xe9\x82b\xef\xacm_\x00\xca\x84Xai\
'\x1a\x04o\x00\x03\x1c\x0a\x22\x15C\xa9\x1b\xe2J\xc9\
\xf9\xff\xa4\x1b\xbaD\xf1\xaf\xff~_\xaaS\x0a\x00\x00\
\x00\xf8\x93\xc1\xe0\xea\x84\xb4\xbb\xb0\xda=\x93\xf1\xdc\x93\
*\xad\xf1\xa3\xea\xddU[\xac\xf1\xa3\x0e\x1c\xe8\x7f\xa5\
]\xdeZ\x002\xbe\xac\x1ev\xb9|e\xbf\xe6(U\
\xac\x98G\xf7\xef<\xbc{;J\xe5\xf3\xa7\xad\x13b\
\x08\xc0U\xc5:|]\xd3\xc7\x8f\xa3\x09PU\xfd\xde\
\x9d\x15\xa0Xq\xda\x02\xf85\x04\xe0\xbe8\xa0\xfc\x0e\
\xc1\xeb\x97\xde8\xa0\x0eAk\xdc\xa6\xbd\x00\xda\xe5\xb1\
\xae\xa5I\xb6\x08\x0a0>\x9dE\xbb\x06\xad\xf1Y\xac\
A(\xaf\x9d\xd0\xb6B\x02\xc49\xb8\xdbT\x87\x8f2\
\x08\xc5\xa2\xa9\x00J\x1a\x04\x01<\x1c@\x92[\x80\xb4\
\xbf\xdd\x86\x90v\xcb\xe4\x1c`\xb5[\xfeJ\xe2\x9b\xe4\
\x04\x08\x01\x01\x0c\x1c\xc0\xa2[\x80\x10\x82\x0e!\xb8\x0f\
d\x80\x11\x9e\x01*u\x01\xa8a\x08N\x86\x0b\x1e\x9f\
\xcd\xd2\x9d\x04\xe9\xe7\xb7\x18\x01B@\x00\x03\x07\xb0\xe8\
\x16\xa0\xa6!\x98-x|>\x97#\x80\xc5$\x98\xf8\
\x1c\x10B\xfc\x1c\xa0R\xbf\x05\xa8a\x08\x8a\x13\xc0b\
\x12\xdc\x8fx\x07\x84\x80\x00F\xb8\x03\x08!\xe8\xf09\
\x9ct\x0b\x84\x80\x00F\xb8\x03\x08!\xe8\x10\x82I\xb7\
@\x08\xf1\xff\x085\x15`\xfa\xb0{YZr\x08\x96\
\xf5\xc6i\xb1\xfa\xe4|\xc7\xba|\xd4\x0d\xcf\xce}\x0e\
\xeb\xc37N\xa3lxv\x8d\xc1\x01\x1b\xa7\x9d\xdc\xf0\
\x04\x00\x00\xa0\xe4\xf2\x05\x89c3\x11\xfet,j\x00\
\x00\x00\x00IEND\xaeB`\x82\
\x00\x00\x07\x9f\
\x89\
PNG\x0d\x0a\x1a\x0a\x00\x00\x00\x0dIHDR\x00\
\x00\x00d\x00\x00\x00d\x08\x06\x00\x00\x00p\xe2\x95T\
\x00\x00\x00\x09pHYs\x00\x00\x0b\x13\x00\x00\x0b\x13\
\x01\x00\x9a\x9c\x18\x00\x00\x07QIDATx\x9c\xed\
\x9d{lSU\x1c\xc7/\x18\x135\xc6W4J2\
\xee\xb9\xb7\xed\xb6\xee\xdc\xb6cm\xb7\xb5{\x97\x8dm\
\xdd\xee\xda\xad\x02\x8b\x88\x06DA1\x0cy\x18\x91\x09\
2'\x06\x19\xcf\xc1\xe6xm8\x10\x95\x87\xc2f\x18\
q<\xfc\x83\xc4D\x8dFt`\x82\x22h4A\x85\
\x7f\x8c\x0f\x0c\xecg\xce];\xd7v\x8f\xaet\xdeG\
\xcf'\xf9\xfe\xb1-'\xf7w\xce\xaf\xe7\xf7;\xe7\x97\
\xde\xdf\x18\x86B\xa1P(\x14\x0a\x85B\xa1P(\x14\
\x0a\x85B\xa1P(\x14\x0a\x85B\x89\x0f\xa6\xdd\xc2\xb2\
\xe6{\x95(\x84R\xefa4\xcexV'd#\x1e\
\xafE\x1c\xfe\x14\xf1\xc2\xcf\x88\xc7\xd7\x11/\x80R\xc5\
r\xc2\xdf,/\x5cdy|\x8a\xe5\xf0\x0b\x1cgN\
f\xb4\xc0D^\xa8@\x9c\xf0u\xe8\x849\xbd\x09t\
&\x9b2%X\x07w\x12/\x1cM\xd0\x99\xcd\x8c\x1a\
\xd1\xe9lw#\x0e\x7f\x10\x98Lbz\x16d>3\
\x0b\x8a[\xea\xa1\xe2\xbd\xadPu\xbc\x0d|'w+\
VU\x1f\xee\x02\xf1`#\x14\xae\xaf\x05\xdbc\xd5\xa0\
\xc3i\x01\xc7\xdc`9\xbc\x9a\xeczF-\xb0\xacY\
\xc7\xf2\xf8,\x99\x80\xdel\x87\xdc\x15\x0b\xa1\xaa\xbbU\
\xf6E\xf6\xdd\x84<\x9d-\x90\xf1\xf4,@zs`\
\xb7\x1c\x9e0\xc1v\x07\xa3t\x0c\x06\xc3]\x88\x17z\
\x88\xd1\xc6\xdc\x02\x10\x0f4\x8e\xfci\xec\xde\x05\xde\xce\
\x16\xd9Ev\xc5H\xb6\x16o_\x0dz\x8b\xbd\xb7/\
\xcf\xe0C\x0c\xc3\x8cc\x14\xcc8\x96\xc7\xc7\x88\xb1)\
\x05\x93\xc1\xdb\xb5}\xd0I\xb9\xf7\xae\x03\xe7ss\x01\
\xbb\x0aAoI\x07\xce`\x91?o\x98l`\xf1T\
D\xb4[\xca\xf6m\x1c\x98gj\x19\xa52\x91K\x99\
N\x8c4L\xca\x00\xf1\xd0\x96\xb0\x89\x90\x98\x9cV=\
\x15\x0ci\x99}\xf9d\xdb\xab\xe09\xd2,{8\xf2\
E\xa1\xa2\xadu\xc0\xe9L$t\xfd\xc5q)\x88Q\
\x1a6\x9b\xedV\xc4\x09\xe7\x89C\xf2\xeb\x97\x84M`\
Js\xbd\xe4(\xe7\xa2y\xe0\xed\xda!\xfb\x82\xfab\
 \xeb\xccj\xff.\xc1\xed\x8c\xd2@\x08\x97\x12\xe3\x92\
\xb3\xf3\xc2NPEMu\xa0OM\x87)\xcd\xaf\xc8\
\xbe\x88\xbe\x18\xaa\xe2\xe0\x16\xe0\x0cf\x92K\xfeQ\xdc\
e\x92\xe5\x85\x16\xe2\x10\xe7\xe2yAF\x97\xbf\xbbY\
\xda\x19\xe4\xb8+\xf7\x02\xfa\xc6@\xe6\xf2\xb2\xbe]\xa2\
\xc33\x18%\x11\x08W\xee7\x1b\x82\x0cN}\xb8\x12\
\xb2\x9e\x9f/\xfb\xc2\xf9\xc6H9\xb55\x81\x9b}+\
\xa3 \xc6\x91\xe4\x86t\xa6\xa0\xa3cI\xeb\x1a\xe9B\
\x18\xc9qR\xad*\xda\xba\xaao\x87pB7\xa3\x14\
\x12\x12\xf0}\xd2%\xd0d\x0b26}\xee\xe3a!\
Lkr\xef]\x1f8\xfe\xf60JA\xa7\xc3\xacT\
\x1e\xb19\x83\x8cMr\xe4\x82\xbb=8\x84iM\xe2\
\xc1\xc6@\xc8\xba\xc4(\xd9!U'\xda\xa4\x0b_\xd5\
\xf1\xc8K&\xde\xae\x1d\xa3\xbe9\x87\x8e\x19\xab\x1b\xba\
\xea\x1dB.|\xe4\x16>\xe2\xa4N\xb4A\xfe\xcaE\
`q\xe6C\x22\xb6B\x8a%\xbd_\xe4gkaq\
\xf8qy\x981\xd1h\xc8\xe7h\xc9!\xc4\xd0\xd0\x10\
6\x98\xf2\x96\xd7\xc0\x94r/\xf4\x9c\xfd\x0cn\x5c\xbf\
\x1a\xa4k\xd7~\x85S'\xbb\xc0l\xcf\x86\x92\x9d\xaf\
E4&\x1a\x0d\xf5\x9c\xb8t\x88qR&\x5c\xfc\xbe\
g\xd8\x05\xdb\x7f`\x1f8\xaa\xa7\x8ejL4\x0a}\
N\xdc9\xa4\xe2\xfd&\xb0\xd8\xb3G\x5c\xa8\x0b\x17\xbe\
\x82Tg\xfe\xa8\xc6D\xa3\x81\xcf\x19)\xccj\xd2!\
R\xb1\xd1\x917\xe2B\xfd\xf8\xc390e\xe4\x8cj\
L4\x1a\xf8\x9c\xa1\xe4\xe9h\x06c\xbeK\x9b\x0e!\
\x89\xdfl\xcd\x1aq\xa1\xbe=\xff%\xa4\xe6\xb8F5\
&\x1a\x0d|\xcep\x1f\xa2\xd0yj\xc6!D\xd8\x96\
\x05\xdf\x9c\xfb|\xd8\x85joo\x05\xc7\x8c\xe9\xa3\x1a\
\x13\x8dB\x9f3\xe8\x87\xa8\xb3\x05Ln\xb7v\x1dR\
P\xbf\x14\xb2\x5c\xc5p\xfat7\x5c\xf9\xed\x22\x5c\xbd\
r\xa9_\xbf\x5c\xfeNJ\xb48\xcd\x01\xee=\x0d\x11\
\x8d\x89FC='\xeerH@\xae\xb5/\x82\xbd\xd4\
\x0dFK\x06\x18-\xe9\xfd\xc2V\x07d\xfa\xaa\xa0\xb4\
\xed\xf5\x88\xc7D\xa3\xe1\x9e\x13W9D\x8d\x12\xb5\x9e\
C\xd4&1\x9e\x1c\xe2UA-K\xfb\x0eQY-\
\xcb\xa3\xf5S\x16\xade\x8d\x01qW\xcb:\xa1\xd1c\
\xaf\x1akY\x1e-\x1f{\xd5X\xcb\x12\xb5\x9c\xd4i\
-k\x8c\x88\xa7Z\x96\xa8\xe5\x1d\xa2\xc6Z\x96\xa8u\
\x87\xa8\xad\x96%\xc6\x83C\xd4$\x91:d\xb7\xecN\
\xa0\x0e9)\xff\xc2S\x87\xd0\xe2b\xec\x88\xa7\xe2\xa2\
\xa8\xf5\x1c\xa2\xb6\xe2\xa2\xa8u\x87\xa8\xad\xb8(j\xd9\
!j,.\x8aZv\x08-.\x8e\x11\xb4\xb8(h\
c\x87\x10\xd1\xe2\xe2\x18@\x8b\x8b\x82vv\x08\x11-\
.\xfe\x1foPu4\x83\xde\x1c\xc1\x1bT*S\xd9\
[\x1b 9+W}\xa7,r\x9b\xe6\x12-\x9a{\
%\xba\xa8\xa9\x0e\xccee*t\x08\xb9\xc0e\xe7K\
\xef\xaa\xcb\xbd\x88\xbe\x18*{\xd9\xb3`\x9f\xfd\xa8\xb2\
\x1dB\xfa|\x10\xa3H\xcb\xa2\x81\xc6g\xce\x7f\x02\x1c\
\x0b\x9e\x94}\x11}1\x94PR\x0aE\x9bW\xf6\xff\
\xecn_\xe7o\x1c\x80\xcf0J\x02\xf1\xf8\x0fbX\
\xe5\xb1\x9d\xff\x19\xbb\xa7Aj\xc54T\xdf,\xb5\xa9\
\x84t\xa6\xb0:\x82\xc2pQ\xe3\xcb\xfe\x0es\xf8\x18\
\xa3$X\x1e\x9f#\x86\x85\x86(\xeb\x8ci\xe0X0\
G\xf6\xc5\xf4\xdd\xa4\xc8{\xf7Bi)\xe4\xd5-\x09\
\x0ba\xfeN\x0e\xdb\x18%\x81x\xbc\x89\x18\x16\x1a\xa2\
H\xc3K\x83\xcd\x01\x937\xae\x90}Q}7!\x12\
~\xcd\xe5\xe5a\xad\xa7L\xc5%\xfen@\x82\x8fQ\
\x12\x08\x09.bXRF\x96\xd4C1t\xab\x93&\
\x02\xae\x86\xe5\xaa\xdc\x19\x8e\x05s \xd9\x99#}\xd1\
z\xe0\xdf\xca\xdf\xde \xb5\xbb%\x8dw\x1e\xc0\xf8N\
Fa\x8cgy\xe1\x0b\xe2\x14\xd2\xb2(tb\xee\xdd\
k!\xd1\xee\x04\xfb\x9c\x99\xe09\xf2\x86\xec\x0b\xed\x8b\
@$\x07\x92~X\xe4\xdb\xee\x9e\x8ep\x9bI\xeb)\
\x7f3\xcc&F\x89 ]J\x99\xff\xb4\xd5K>=\
\xa1\x13 \x93\x22\x1d\x82\xc8\x85\x91\xb4\xc7\x9b\xbc\xaeV\
\xea\xa6C~/wGRog\x0bx\x0e7K\xfd\
\xbe\xf2V-\x06\x8b\xb7Bj\xbc\x96\xf3R\xcd\xa0\xfd\
Z\x0a^_\x06\xa4\x1d\x15\xe2\x84\xdfy\xde\xf4 \xa3\
TX\x1e\xbf#\xb5\xfa#[\xbcc\xf0\x06\x97$\xaf\
\x90^\xbed\xd2\xc6\xec<\xa9\xb7\xaf\xdc\x1dIu&\
\x9b\xd4\x86\xd0\x98W\x00i\x8fL\x03\xd7\x9aeC\x9e\
\x0eI\x08\xe6\x93S\x03\xc9|>\xa3d\x12\x12\x1c\xb7\
#\x0e\x7f\x12\xc8'\xa4%\xac\xdc\xa1\xc7\x17C\x15n\
Z\x09|JZ\xaf\x12\xbb\xc8\x0d\x09B\xf8!\x96\x17\
>&F\xf3\xc6I\xe0\x5c\xf8\x14T\x1eU\xf7]D\
<\xd0(\x1d\xe1\xa50\xd5w\x11\xdcI:\xb12j\
\x01!t\x1b\xcb\xe1]\x88\x17z\x03\xdd\xe6H\xde \
\x95]r\xbb%\xdf|\x97;gx\x87\x11\x09\xab$\
4I\xf9\xa4\xd2#\xd5\xe5\xfc-a\xffd9S\x0d\
\xa3V8.%\x93\xe5\xf1G\xb1\xf8\x17\x12HV\xe1\
\xeb,/\xb4\xe9\xf5\xc2DF\x0b$\xe8\xb1\x81\xe5\x84\
\xa5\xd2\x7fL\xe0\xf0\x19\x96\xc3\x97\x11\x8f\xaf*W\xc2\
O\xfe\x5c\xb8\x1f\xe9\xf0\xec\x09II\xf7\xcb\xbd\x86\x14\
\x0a\x85B\xa1P(\x14\x0a\x85B\xa1P(\x14\x0a\x85\
B\xa1P(\x14\x0a\x13k\xfe\x05\xae\xe5jY\xcc$\
{\xb8\x00\x00\x00\x00IEND\xaeB`\x82\
\x00\x00\x02`\
\x89\
PNG\x0d\x0a\x1a\x0a\x00\x00\x00\x0dIHDR\x00\
\x00\x00d\x00\x00\x00d\x08\x06\x00\x00\x00p\xe2\x95T\
\x00\x00\x00\x09pHYs\x00\x00\x0b\x13\x00\x00\x0b\x13\
\x01\x00\x9a\x9c\x18\x00\x00\x02\x12IDATx\x9c\xed\
\xddON\xc2@\x18\x87a.\xa1\xd1\x0d\x05\xf2%\x92\
\x92 k#A\xe3\x9aj\x87\xe0M\xf4\x04z\x04\xc5\
\x15\xc4\x13h\xd8J\xe2\x01p%\x0b\x8f3\x86\xc6\x18\
\xa3\xfc\xd9(\xf3\xab}\x9f\xa4\x09\xcb\x927C\xa7\xb4\
\xd3\x96J\x00\x00\x00\x00\x00\x00PV\xab5\xb7\xa3J\
\xfc\x12U\xe2\xe9\xfcs\xe8\xfd)4\xb3\xd6VT\x89\
_\xa3j\xc3\xcf\xb7r5~+\x97\xeb\xbb\xa1\xf7\xab\
\xc0#\xa31\x9b\x87\xa8\x1f\x1ee[\x16\xa6\xd2\x981\
R\x02\x8e\x8c\xbd\x83\xb6\xef>\xde\xfad|\xe7\xeb\xed\
\x0e#E!\x86{\xbe\xcf6\xa2\x08\xc5pD\xd1\x8b\
\xe1\x88\xa2\x17\xc3\x11\xe5\xefe\xe7\x19\x1f\xb3\xa9d<\
X\x1b\xc3}F\x190\xfb\x0a\x1d\xa4su\xe1[\xe7\
=\x9fNFD\xd9\xd8O\xd6\xc3\xcd\xd2 \xe9d\xe4\
\xf7{\xa9o\x9ev}\xfa4d\xf6E\x94\x02a\xa4\
\x08\x22\x8a \xa2\x08\x22\x8a \xa2\x08\x22\x8a \xa2\x08\
2N\x1e\xf5\x18Q\xf4\x18Q\xf4\x18Q\xf4\x18Q\xf4\
\x18Q\xf2\x1ee\xe8\x9b\xee,\xbb\x9e\xc2\x95G\xa1(\
\x9d\xebK.\x07+Eq\x5c\xa3\xdf\x0c#\x8a\x1e#\
\x8a\x1e#J\xfe\xa3t~\xdc\xcd\xc2\xbd\xc4A\xa3\xa4\
\xdc\xcd\xb2\x19F\x14=\xc6\xc9\xa3\x1e\xe3\xe4Q\x8f1\
\xfb\xd2c\xcc\xbe\xb4\xd7/\xc6\xc7'+\xa7\xc3\x8b\xff\
\x90\xfcz\xd7}<\x0d\xfd}\x0a\x15\xc4-\xf8C\x92\
 \x81\x17\x07\xb9\x15\x0b\x85\xa2(\xde\xf9\xcd\xfd+\x14\
#\x86\x0e#\x86\x0e#F>c\xa4\x93\x91o\xf5\xdd\
\xb7\x038\xc7\x8c`1\xf6\xd7,\x95\xe3\x00N\x8c\xff\
\xc1\x18\x19:\x8c\x18:\x8c\x18:\x8c\x18:\x8c\x18:\
\x8c\x18:\x8c\x18:\x8c\x18:\x8c\x18:\x8c\x18:\x8c\
\x18:\x8c\x18:\x88!\x84\x18B\x88!\x84\x18B\x88\
!\x84\x18B\x88!\x84\x18B\x88\x91\xf7G\x8d\xf7\x1d\
\x8f\x1aW\x09\xe2x\x18\xbf\xe6\xca\xa6\x84\x9b\xd8t\xa2\
$\xc4\xd0\x89\x92\x10C'JB\x0c\x9d(\x091\xc2\
\xe2\xc5\x929y\xf5j\xc4\x9a>\x89\x97\x13Oy9\
1\x00\x00\x00\x00\x00\x00J\xcb\xbd\x03\xe5\x86\x86\x87\x87\
\xe7\x8dW\x00\x00\x00\x00IEND\xaeB`\x82\
\x00\x00\xb0\xc6\
\x00\
\x03\xda\x1ex\xda\xec}\x07|\xd6\xf5\xf1\xff)Z\xab\
\xad\xdd\xb6u\xdba\xabUk\xd5\x9f\xda\xba\xea\xc4\x01\
\x82\x03\xf7\xde\x8a\x8a\x13\x91\xbd\xf7\xde{\xaf\x84\x15v\
\xd8\x10\x92@\x02d\x92\x09\x09\x84\x91@\xf6\x93\xe4\xd9\
\xeb\xfe\xf7\xbe\xcf\xf3\x84\x00OP\xa3\xed\xbf\xe8\xf7\xd3\
\xd7\xa7H\xc8|\xf2\xbd\xbb\xf7\xdd\xbd\xef}Dg\xc8\
\xff\xa8\x9a\xe4\xff\xaf\xa0\x1f\xefiF\xbf%\xa2\xab\xe4\
\xe2\xcd\xfb\xce0o\xd7\xb3\xa1\x19}\xfe+\xd2k\x1d\
\xebX\xc7:\xd6\xb1\x8eu\xacc\x1d\xebX\xc7:\xd6\
\xb1\x8eu\xacc\x1d\xa23\xce8\x83\xce9\xe7\x1cr\
\x1e8B\xce\xfdr\xf7\x95\x90\xb3\xb0\x98\x9c\x05r\x0b\
\xe5\xbf\x8b\x8e\x92\xf3p\x199\x8eT\xd0\xef~\xfb;\
}\x7f\xebX\xc7:\xa7\xef9\xef\xdcsi\xd9\x8a\xe5\
\xe4(\xabR\x9bwe\xee#\xf7\xd6,\xf2D'P\
\xe0\xe3\xe9\xc4t\x85\x5c\xd2\xebx{\x1c\xd5D\xc7\x91\
mk&U\xa7\xed\xa1\xea\x82\x83d+.%[i\
\x05\xd9\xca+)1.\x9e\xce?\xff|\xcb/X\xc7\
:\xa7A\xac\xff\xc3e\x97\x93C\xe3\xfa\x11\x13\xe7s\
\x0f\x92+e/\xb97e\x90w\xfaF\xb1\xf9G\xe9\
\x083U\xc9\xad\x96[+\x1fg\x9b\xbc\x86l\x9b\xd3\
\xc8\xb63\x8flY\xfb\xc8\x96w\x80jv\x17\x92-\
5\x9f\xaa\xb3\x0a\xc5'\x1cR\x9fPk\xb7\xd3O\x7f\
\xf2S\xcb\x17X\xc7:\xffc\xe7\xac\xb3\xce\xa2\xa7\x1f\
}\x8c\xea\xc4\xa6\x9d%\xe5\x1a\xf3];\xf7\x90{{\
\xae\x89\xfd\xabvR\xe0\xbd\xc9d\x93\x7f\xb7\xe3\xfa=\
\xe4`?9\xe5\xbfK\xff\xfa.\xd9V'SM\x5c\
\x06\xd5\x08\x0e\xa8\xdd\x22\x7fnJ'\xdb\xb6,\xaaN\
\x11\x1f\x90\x94M\xb6\xf5)T#\xff]Wx\x98\xec\
\xc5\x92/\x94U\x92\xa3\xa2\x9a\xecU6\xbd\xc0\x08\xd6\
\xb1\x8eu\xfe\xff\xd8\xbe\xa3\xa4Br\xfb#\xe4\xa8\xa9\
#\xe7\xa12r'\xe7K\xac\xbf\xd6\xf8\x83\x03G\xc9\
%\x7fwo\xd9M\xee\x84lr'\xe5\x91kG\xbe\
\xfa\x07\xa7\xfci\xdf\x96C5I9T\x9d\xbb\x9f*\
\xab\xab\xa9\x5c>\xc6}\xcdGd[\xbb\x93\xaa\xc5'\
T/I\xa0\xea\x15\xdb\xa9F\xf0A\xdd\x9e\x83\xe4\xd8\
\x07\x5cq\x80\x5ci\x05\x8a-\x5cY\xfb\x0d\xd68\x5c\
J\x8e\xa3\x15\xf4\x7f7\xdeHg\x9ey\xa6\xf5\x8b\xb1\
\x8eu\xfe\x0b\xa7\xd5C\x8f\x90\xf3`\xa9\xf1\x01\xa8\xf1\
\x15\x99\x9c\xdf\x95#6\x9a^Hn\xb1o\xf7\x9aT\
\xf2,\xdeF\xde\xe8\x04\xf2,J$O\xccvr/\
K&\xe7\xb2$\xb2/O\xa2\xda\xd8\x9dT\xb39\x9d\
j\x92s\xc9\x96\xb6G\xb1?\xec\xbd6\xb7\x88\xbc\xc8\
\x17\x16l1\xf6\x9f-\xb6\x9e\x9cG\xeeE\xdb\xcc\xe7\
\x88\xdbm|\xc0.\xc1\x1a[2\xc5\xcf\xe4\x91S\xbe\
.|\x11\xfc\x90\xb3\xb8\x9c.\xbf\xf4R+g\xb0\x8e\
u\xfe\x03\xe7\xc7\xe7\x9cCv\x9f`\xf9\xa3\x95\xe4\x92\
\x5c\x1fy=j\xfa\x88\xff\xee\xb8,roH\x17\xec\
\xbf\x8b<K\xb6\x93wn\x1c\xf9\xc6\xc6R\xa0\xd3\x5c\
\xf2\xcb\xf5\xf5Z@\xae1\xab\xc8\x1e\x15G\xf6\xc5\x89\
T\x17#w\xed.\xaa]\xb3K\xfd\x01n\x9d\xfc\xb7\
}e2\xd5.\xdbN\xb5q\x99d\xdfs\x88\xecu\
uT+_\xe7\xff\xe4z\x17$hm\xc1\xb3b\x87\
^\x97\xe4\x1b\xea{v\xec!\xcf\xd2$r\xafO\xd3\
\x1c\xc4\x95V\xa8\xdf\x9f\xe2\x04\xf1Q\xd7^u\xb5\x85\
\x11\xacc\x9doyz}\xfc\x85\x89\xb3\x85%\xe4\xda\
\xbd\x9f\x1c\xb6Zr\xe6\x1d$wb\x8e\xb1{\xc4\xfc\
\x99\x9b\x89\x1f\x1f\x0c\xdf\xf0'\xc1\x04O\xb8\xe3\xb3\xb6\
{\xd6\xa6f\xbbS\xf6fW\xe7\x17\xb5;\xc0|_\
,\xf3O\xb8\xc5\x00\xf2<5\x98\xec\xd3\xd6S\x9d\xf8\
\x84\xba\xc5\x09\xe4\x98\xb3\x99\xec\xd3\xd7S\xed\xbc-\xea\
\x1b\x1c\x82\x0f\x9c\x19\x85\xe4\xcc.\x22\xa7\xe0~|M\
`\x0f\xd4\x15|\xe3\xd6\x90k[\xae\xe6\x16\xde\x89\xeb\
\xf4\xef\x9e\xd8\x14r\xc7K\xce!o\x97\xafK\xee\xb5\
\xa9Z\x8f\x00.q\x89/\xd1:\xe5\x91r\xba\xed\x96\
[\xa9Y\xb3f\xd6/\xd4:\xd6\xf9\x06\xc7%v\x08\
\x1b48?Wm_\xb18\xe2~L\x12ygl\
\xa2J\xb1{\xf1\x07\x07\xfd\xbd\x16r\xf0\xf5q\xccO\
\x0fc~l\x10\xf3K\xa3\xd8\xdbv\x22\xbbzF\xb3\
g\xf8r\xae\x9b\xbb\xd9eK\xc9\xcf/\xad\xa9\xea\x9c\
\xc1\xfcK\xf4\x07]\xdd\xe6\x91}h\x0c\xd5\x8a\x0f\xb0\
\xaf\xdaA\xce\x0di\xe4BL\xdf\x98nlY\xf2\x0a\
|-\xfd\xfb:\xbc=\x83\x5c\xa9\x05\xe2\x87j\xb4\xbf\
\x08\xdc\x81\xb7+>\x88\x8a\x17\x7f$\x7f\xdf\x9cij\
\x93\xe2'<kRL\xde \xdf\xb3K\xfc\x8a+\xab\
H\x7f\x06\xf0\x13~z\xdeO\xac\xbc\xc1:\xd69\x95\
\xfd\xa3\x06\x07[\x92\x1c\xbf\x18u;\xc4Y\xc5\xfc;\
)\xd8v2\xd50\xdf\xe2\x1b\xb9\x92\xf9\xf9\x11\xcc\x0f\
\xf5e~\xa4\x1f\xf3\xa3\x03\x8e]\xf8\x81\x16\xfd\xcd\xbf\
\xc9\x9f\x81g\x86\xb1\xf7\xa3i\xec\xe8\x19\xc5\xf6\x99\x1b\
\xd9\xb9>m\xe9\xa1\xac\xfc\xdbr\x98\xaf\x14\x9cp!\
\xd3\xf9\xe4\x1d\xb8\x84\xbc\x93\xd7\x93g\xdeV\xf2\xa0\x0e\
 9\x80\x17\xb6\xbd0Q\xed\xdc\xbd.\xe4\x13p%\
7\x80m;%?9\x8c|A0\x81{}\xbab\
\x01\xf5O\xf3\xb7\x9a\xf7I\xca3\xb5I\xf1)\x9e0\
F\x90\x9fKk\x8b\xc0\x09\xe2\x0f\x9a\xdf}/\x9de\
a\x04\xebXGO\xb33\xce\x14\x9b\xc9Q[\xd1\xb8\
\x8b\x9c\x1fu>\xd4\xf7\xa2\x13`\xfb\x0fz\xa7o2\
\xf6\x0d\xbb\x87\xad?1X\xee\x90\xd0\x9fr\x1f\x0f]\
\xfc[\xeb\x81\xcc-\xc5'<\xdc\xcf\xf8\x03\xf1\x0f\xfe\
\xe7\x87\xb3\xeb\x8d1\x5c\xdby\x16;&\xafe\x89\xe5\
\xec\xc8\xda\xbf\xd4\x1e\xf0u`\xbaRb\xfc\xdf\xc8\xdf\
-J\xb0~\xac\xe4\x19\x9bL\x9dA\xfc\x02j\x0d\xea\
\x13b\xb6\x93g\xf5.\x83\x0d\x80\x1b`\xdb\xf8^\xc5\
o9\x1c\x0e\xe2\x07{\x9b\xb7\xc7\xed6\x1f3u\x03\
y\x96%\xabO\xd0\xba%\xf2\x18`\x8cM\xc0\x08{\
\x05\xef\x1c0\xdcE\xc99\x1e{\xb4\x15H\x0f\xd6\x83\
`\x9d\x1f\xe4\xb1\xbb]\x06W#\x8e\xc2\xd6$\xd7\xd6\
X<'\x8e\xf8\xd7\xaf\x03o\xc7s\x9b\xa1\xc6\xfea\
\xe3O\x0e1\xf7\x89\x066\x1f\xbea?p\xa2Oh\
\x15\xf2\x09\xf0\x07\x0f\xf7\xe5@\xab\x01\xec{y\x14\x07\
\xbe\x98\xcd\xfe\x9e\x0b\xd8\x1b\x9d\xc0b\xd3Q\x8e\x92\x8a\
v\x12\xdf\x7f6\x97\xf9\xec\xc0\xa73\xc8\xdfw\xb1\xda\
\xb2\xfa\x02\xdc\xf9\xc6'x\x1a\xf8\x04\xd8\xb5\xd6\x07\xc4\
' \xfe;\x8a\xcbh70\xc2\xf4\x8d\xe6\xdf\xd7\x86\
z\x16\xf2\xf1\xf0\x11\x06#\xe4\x90w\xf6\x16\xfd\x995\
\x8f@m15\xd4\x83\x94\xbc\xe1\xea?]i\xd5\x15\
\xad\xf3\x838\xe0\xedkM\x7f\xf8\x0a\xe5\xf5\xa9\xadL\
YO\xbe\x09kP\x9f\xbf\xce\xdfu\xbe\xb1[\xd8\xb1\
\xda\xfd\x10c\xd7\x8f\x86b<0AK\xf1\x0d\xcd\xfb\
0?\xd0\xdb\xbc\x0d\xff\xd6\x1a\xfe \x82O\x08\xfb\x03\
\xf8\x93\x87\xfb\x86\xde\x7f \x07_\x1c\xc5\xc1\xf7&\xb1\
\xbf{\x14\xfb&\xade\xc9\x032]i\x85}\xec\xcc\
\xff\x96\x9c\xe1\xd7|W7\xf2w\x9cK\xbe\xf1k4\
o\xf0F\xc7\x9bX/v\x0c\xbf\x00\xcc\x80Z\xa5b\
\x03`\x01\xb1kw\x92\xa9e\x80\xbf\xc0\xf44y\x96\
&+\x7f\xc1\xdfg\x11\xf1\x8b\xa3L\xde\x80<bK\
\xa6\xd6\x1e\x90\xef\xd4\xf7\x1a\xd2\x0bM\x0f2\xef\x10\xbd\
\xf8\xc4\xd3\xca\x8f\xb0\x8eu\xbeO\x071\x0e\xcf8l\
\xc57a\xad\xce\xef NJ\xaeO\x81\x0e\xb3\xc9\xb3\
<\xf93~f\xb8\xb1\xd70\xe6\x0f\xe7\xfa\xcf\x8dP\
[\xf5N\xdb\xe8\xf5.L\xf4\x8b\xcf`\xb1+\x0e\xbe\
5\xde\xf8\x89\xb0?\x08\xd5\x04\xf4s<v\x82O\xd0\
;\xc8\xf8\x0a\xc1\x04\xc7|B_\xfdz\xc1\x97Gs\
\xe0\xe3i\xfay\xe5\xfb\xf2\x0a\xfe\x9f\xe28Z\xf1&\
\xa9=\x13\x01#\xf8\x86,3x\x1f\x98\x05\xbe@p\
K\xbd?X\xb9\xd3`\x03\xe4\x0d\x82\xfda\xfb\x88\xff\
\xc0\xfd\x92\xd7h\xce\x81\xfe\xa2\xe6\x1bs\xb6\xd4\xe3\x1f\
\xcd\x85\xe2\xb3\xcd\xe7X\xbe\xc3\xd4\x11P[D\xbfB\
9Je\xf4p\xf3\x07\xe9G?\xfa\x91\xf5\x10Y\xe7\
\xb4=W\xfe\xe9\xcf\xf5\xdc^\xad\xf7\x89\xbd\xa0\xd6\xef\
\x1b\xb6\x9c\x82\xefN\x82mm\xa9\xc7\xf5a\xdb\x97x\
\x1f|k\x02\x0b\xb6\xdeZ\xc6\xfcg\xbe\xeac\xe2\x1b\
;\xd0F\xe6\x1f\x8bM=*\xf9\xf8\x0cW\xca\xde\x1c\
\xb1\x1d\x16L\xc1\x81\xcff0\xbf0\xd2\xe0\x04\xf8\x03\
\xdcG\x1a\xc1\x08'\xd6\x11\xf0>x_`\x04\xf1\x1f\
\xc1\xe7Gr\xe0\xfd)\xec\xef<\x8f\xc5\xe6\xd9\xb3h\
\xdbfgVQO\xf9\xba\x7f>\xc4\xfc\x9b\xe0\xeb\xe3\
H\xfe\xcd\xe0\x839\x06\x17\x84s\x07\xe0\x1a\xd4\x04\x14\
#\xa0\xa6\x08^\x03~n\xf4;\xf6\x1eF\x7f\x83\xfc\
\xdd\xa3M\xafam\x9a~\x8c\x7f\xd0R\xfd8\xc5\x12\
q\xbb\x15\x1b\xa8\x7f@\xed\x01\xbcG\xf4\x18\x8a\x8e\xa8\
\xdft\xd4\xd6Z\x18\xc1:\xa7\xd5q\x14\x97\xd7\xc7?\
\x8d\x8137)\x0e\x00\xc6F|U\xec\x0fl\x1f\xae\
\xf3I|FLv'\xe5e\xf3\xbf:k\x8e\x0d\x1c\
\xae\xb5\xb6\xb5&\x0f\xf7\x89\xed\xf9{-\xd4\x8f/e\
\xfe\xa3`\xefA\xce\xc2\x92y\xeeM\x19>\xb1K\xf6\
\xf7^hp>\xe2{\xd8\xb6\x11\xef[\x0e8VC\
x\xe2\x84\x8b\xb7\xc1W<:\xe0X\x1d\x12\xf7\xa9\xa1\
\x1c|m,\x0bVa\xf1Y,6\x7fTls\x9c\
\xb3\xbc\xea\x85*\xe6\xbf2\xb5\xa0\xc0'\x82\x11\xc6\xac\
&\xc1)Z\xcfT\xbf\x00\x7f\x80>\x83\xe4\xff\xea\x13\
\xc4\xef\xb9a\xd7\xa1\xbc\xc1\xd4\x11\xca\xa9\x02|\x84\xd1\
\xab5/@N\xe4\xef\xbfD\xf1\x05\xea\xa3Z3@\
\xdf\x04\xf5\x04\xf4\x1e\xb6\xe5\xe8\xdf\xc1iV\x7f`\xab\
\xd5{\xc9\xc5\x17[\xfdG\xeb\xfco\xe6\xfe\x07\x8e\xea\
\xf3\x0c\xfb\x08|9G\xf1\xb3o\xc4J\xf2\xf7]D\
\x82\xb1\xcf\x10\x0c`l\xee\x89\xc1\xf5\xb8\xdf7.\x96\
w2\xff\x14v\xa46\x14\xe6\xe6\x00G$\xe6\xd4\xf3\
\x055^J\x9cD\xfcD-\x81\xe9n\xd4\xe5\xce\xaf\
e~\xc7\xe1rv\xa9\xdb\xb5\xa7\xdc=7\xae\xc2?\
t\x19\xfb\x04#\x04^\x1aer\x04\xad)\xf4o\x80\
\x0f\x06G\xbe\xf5u\xc5\xfe\xc7|\x08\xde\xf6\xfc\x08\xc9\
\x19\xa6\xb3\xbfG\xb4b\x04\xef\x82\xc4E\xce\xfcC\xe3\
\xd0\xc3\x8cF]\xf1\x83)\x12\xe7\xa3\x94[\xa4\xd8`\
\xe6f\xf2\xce\x0a]\xf0\x9a\xe1\x0b\xe1\x13\xf0s)'\
!C\xfb\x8c\xc0\x08ZGx\xa4\xbf\xe1\x1f\xa0\xb7\x80\
\x9a\xc1\x22\x83+\x14#\xc8\xdb\x82m'\x91\xfaF\xf1\
7x]\x5c\x19\xfb\xc8\x95\x7fH\xf9\x94;6\xc7[\
|\x04\xeb\xfc\xef\xd8\xff\x9e\xc3\x9a\x1b\x83c\x17+\xcf\
6rh\xd4\x01a\x1f\xee\xa4\xdc\x97\x90\xe3\xab\x0d\xc2\
\xfe\x81\xc7\x9f\x1a\xc6\xee\xd8]\x13\xc1\xfbE\x0d^\xeb\
\xe9\xc9\xf9\xa6\xb7.\xf6\xa1\x7f\x82;\x04.\x11\xea\xe9\
\x88\x8d\xc0\xd8\xb0\x15\xfc\x09\x1bA\x7fAl\xce\xff\xf4\
P\x0a<;\x8c\x0a\x98\x7f.\xb6y\x97\xa3\xa0x\x99\
g\xda\xc6\xad\xce\xfe\x0b\xd9\xd9~:{\xdf\x1c\xc7\xde\
\xa7\x87p\xe0\xd1P\xbco\xd1\xc0'D\xec5\x0c:\
\x86\x11\x1e\x09\xf9\x03|\x0c0\x82\xe4+\xe85\x80\xc3\
 \x98%Cr\xf9M\x8e\xda\xba\xd6\x12\xdf\xff\xc0w\
\xf7\xa0\xc0\x87S\x95\xd3\xac\xbd\x06\xd4\x0ffmQ\x7f\
\xe0\x01\xb6\x09\xe5\x0dZW\xdclj\x08Z\x0f\xc8\xdc\
O\x8e:\xbb\xce9\xc9\xf7#y\xd3F\xe2\xcb\xdbR\
\x89\xfc}\x17\xde\xf6\xd4P\x83+\xe0\x1bQ{\x08\xf5\
\x1e\xb4\x86PPL\x8eCed\xb7\xd5P3+g\
\xb0\xce\xff/\xfb\x07\xc7\x1e\xbdq\x89av\xbbCs\
\x01\xaf\xe0\x7f\xb5\x87Q\xab\xc6i\x1d/\xdc\xef\x87]\
\xbd8\x8a\xe5\xb9\xef\xe1\xef\xbfX?\x061_\xec\xc8\
\xf4\x0c\xc5\x8f\x1c\x95\xe7\x1e1R\xf9\xc3\xd0\x0f\x10,\
\x8c\xfa\x22\xfaj\xca\xd5\x05\x17G\xbe\x9e\x0b\x18\x1b\xfc\
\x1e\xcc\xfe \xff@\x1c\xee\xb3\x90|\x9f\xce\xd0\xbc\xe1\
Z\xe6\xb3*\xcb+\xde\xab\x5c\xbc\xb5\xbfm\xf4\xf2\xbd\
\x8ensYp<\xfb_\x19mj\x8b\x0f\xf6=V\
GhuB\x1d!R\xef\xb1E\x03\x8c\x80\xf7{a\
$\x07>\x9a\xa6\xb9\x88w\xd2:\x9f\xc4\xfc\xf9\xae\xdc\
\x83_\x0a6\xb9\x05_?\xf8\xf6\x04\xf2\x0f\x8c1\xbd\
\x06\xf4\x18fl2X\x01\xf8\x00\x98\x073\x09\xe0\x13\
\xa0o\x00\xae2j\x83\xa9\x05\xaa\x8bd\xf7\xba\xf55\
\x00\x97\x99o\xe9dp\xc5\xfcx\xe3\x0b\xf0\xb3\xcb\xfb\
\xe15P\x7f\x82\x1cB\xf9\x8a\xfb\x0d'!\xff0=\
\xd3\xeaq\xd5^\xb1\x8eu\xfe\xd3G\xe7w\x11\x9f\xe4\
\xd9\x04\x17\x1f\xb3|\xca\xf3\xa7\x96\x82\x8f\xd7\x06\x15[\
\x87\xed\x1fv$x@b\xfbn\xc1\xd6\xa6N\x96\x90\
\xad1\x1f6\x03\x1b\x81O@\xedPc\x9d`\x00\xbf\
\xe4\x12\xa8\xb3\xdb\x03^3W\x08\xce\x0djf\x88\x81\
\x98\xf7\x03&@m\x1e|?\xc1\x1e\xce\x99\x1b\xa9n\
\xfe\x16\xaa\x9b\xbc\x86\x1cC\x97\x92\xa3g\x14\xf1\xf5\x9f\
\xcb\xe7\xff\x15>\xcf\x03\x95\xe9{\xd6:V$\x97\xf8\
\xa6l\xe0@\xc7\xb9\x9a\xfbk\xdd\x00\xbe\xe0\xfe^\xa6\
\xd7\x80\xef\xb9\xf5\xc0\xe31\xc2q\xbd\x86\x81\xc7c\x04\
\xfc70\x82\xe4:ZG\x18\xbdJ\xf2\x86\x8d[\xc4\
\xa6\x97\xc9\xf7\xfd\x90\xc4\xf3\xdf\x06_\x1a\xa5>A\xfe\
\xcd\xf8\x02\xc1\x07\xc8\x01\xc2\x5cE\xe5\x1a\x86\xf0\x81\xd6\
\x00\x04W\xa9F\x9a\xe4W\xf6\x80O\xbe\xff{\xb5\xf6\
\xa0\xd8A\xf2\x22\x0f\xfc\x01|\x08\xfc\x01x\x97\xf2v\
\xe5<\xe2s$\x9a:\x02\xe6.\xd5\x87\x1e\xa9\x10\x7f\
p\x9e\x953X\xe7;=x\x9a\x9c\x88?\x98\xbd]\
\xbdK\xed\x11\xf6\xef\x91\xe7\x9b\xff\xf0>\xf2\x80c5\
\xb9p\xed_lE\xe2Y\x15\xd3\xe5&\xef\x0d\xf5\xcb\
=\xb1\xbb\xeasf<\xf7\x85\xa8\x9b\x0d]n\xb8\x04\
\xc8\x83Q/\x97<\x18\xb1\x92\xcf|\xc6\xf8\x04\x87C\
\xedD\xeb\xe8\xc9y\xe4\x90XZ\xb7j\x07\xd5.\x8a\
\xa7\xda\xb9\x9b\xa9n\xda:\xaa\x9b\xb0\x9a\xea\xa6\xae#\
\xe7\xb4\xf5\xe4\x02\x1e\x17\x8c\x10||\x108\xc0\xbf\x93\
X\xdd\xd9QV5[\xf2\x8f\x1a\xcf\xfc\xad\xec\x1b\x18\
\xc3\x92\xdb\xab-\xab\x1f\xb8\xaf\x97\xe9A>\xd2\xafA\
\xefq\xf0\xa91B\xb8\xae\xf8x\xa8\xf7\x08\x8c\xd0\x7f\
\x09KnP,\xb6\x9d'\xbe\xeb]\x89\xeb7\xf0Y\
\xcf\x11\x9f\xff\x8a\xf1\x07\xe0+.J4\xbdC\xcc1\
\xc2\x86\x13B\xb3Jq\xa1\xdc\x07\x1c\x03\xd4\x16\xe1/\
%O\xc2\xcf\x8fz\xa2\xce2\xc9\xbf\xa3>\xa2\xfe\x13\
\x18\x01u\x13\xd4R\xe0'\xf0\xb9PW\xcc\x0c\xd7\x10\
\x8e\x90\xa3\xbc\x9a\xce\xb5\xf0\x81u\xbe\xe5\xd1y_\xc9\
\xd1\x1d\xe0\xc8lH#{\xb6`\xd0\xb5)\xe4\x96\x9c\
\x97/iK\x9eIkM\xacl=\xe8\x18\xe7G0\
t\xe0\x93\xe9\xec\xa8\xa9\x9d,\xd8\xd9\xf4\xdcQ?\x13\
\x1b\xd7+\xb6\xa0X\x175\xb4P]\x0c3\xbbx\xde\
\xf9\x99\xe1\x86s\x07\x9f\x81|Z\xde\x07y\x80[l\
\xa7L\xfe\xbd\xc6nWm\x80\x9a\xd5;\xa8fU2\
\xd5\xacH\xa2\x9a\x98D\xaa]\x9c@\xf6\x98m\xe4X\
\x9eD\x8e\x95;\xcc\xf7(\x1f\xa7\xbdJ\x89\xc3|\xee\
\x8bZ\xab\x94\xaf\xf1\xac\x9d\x03\xed\x9dy\x87\xf6\xc9\xbf\
\xb1\xe0\x17\x8d\xe7\xc1W\xc6\x18L\x10\xee=>\x14\xea\
5\xb4\x1ex\x8a:\xc2\x09\x18\x01\xfe!\x8c\x11\x04w\
\xa0\x8e \xf1\xbb\xdc\xb5=w\xa4\xdd\xef\xedT\xce\xfc\
\x07\xccI\xf8\xfb-\xd6:\x02b\xbd\xfaC\xf8?y\
=\xea\xfb\x0d\xe1\x18\x8f^\x09f\x966\x19\xbf(\x9f\
\x83\xf8\xef\x9f\x99\x9a\x8a\xbc\x1d\xbcE\xfd\x18`\xacx\
\xc3=\x80\x0f\xd5\x9a\xc4\x9a\xd4z\xdc\x80\xdc\x019V\
Yz>]\xf8\xbb\xdf[\x18\xc1:_?\xf7?T\
J\x0e\x89\xd5\x8e\x1c\xc1\xe2\x1b\xd3U\x8f\x0bx\x00\xcf\
\x1f_\xfc.\xb9cw\xf9\xeb\xed \xcc\xfd\xc1\xdf\xc5\
&\xe49gG\x95\xad\x1b\xd3\xf5\x8a\xf7Q3D\x0d\
\xd17j\x95\xf6\xcb|\x13\xd7j|\xd3\x98\xb6 Q\
94j\x0fx\xfe\xe5\xd9u\x88\xadk\xce\x80^\x1a\
t\xc5\x04\x0b;\xbb\xcc\xa5\xaa-\xe9T\x19\x9fI\xb6\
\xc9\xb1\xfa\xef\xe5^'\xd9R\xf2\xa9v{\x0e\xd5\xee\
\xcc\xa7\xba\x94=\xe4@\xae-\xff\x8d\x19a\xad)&\
\xe6\x1c\xe3/\xc8\xd7\x0a|>\xd3|,\xf3u\xe2\x13\
\x9et\x1c\xa9\xd8(\xefS)\xf6\xa4\xf9\xbeb\x04\xd4\
\x10`\xd7\xc8\x19\x1e\xfc\x86\x18\x01u\x84\x16\xfd\xf4\xb5\
\x80o\xd1\xba\xc4\x90e\xec\x1b\xbf&C\xf2\x99$\xe7\
\xd1\xca\xb9\x92\xff\xf7Um\xd4'\x87\x18~\x12z\x0d\
x-\xc4\x07h\xff\x11\x1cf\xf1\x9d\xfa\xba\xc0\x9e\xc3\
s\x0d\xe0'\xed\xda\xab\xfdC\xd4\x15\xfd\x03b\x0c~\
\x90\xcb\xaf\x8dS\xff\xa2\x18\x01y\x04\xee\xbaT3\x17\
\x81\x8f\x83?\xd8\x1d\x9as:\x5cF\xcd,\xfe\xb2u\
\x1a9g\x9fu\x96\xa9;\xe1\x82\xe7\x8a\xda}\xbe\xe4\
\xe5\xa8\xdb\x8b=\xf9\x05gK\xae\xbeQ\xe7|\x11/\
\xc3\xbc\xffp\x1d@\xec%\xd0~\x16{\xa7m\xc8\x15\
\xac\xfa\xb1\xd8\xd9\x95Z7{k\x82\xd1\x05\x09\xd5\xce\
\xd0K\xf4\x8d_k\x9e\xff\xc9a\x7f\x90p\x8cs\x80\
\x98\x08\x8c \xcf.\xb4@\xf8\xe9a\xe276\x90[\
\xde\xcf5>\x96\xec36P\xdd\xc2x\xf2}9[\
\xeb\xea\xd5\x8e:\xb2C\x83\x1c\xcf8\xf00tI\xb3\
\x8a\x8e\xf5\xe1\x81\xbb\xe3C\xbc\x1e\xe4\xd4b_\xf8\xba\
L\xcf\xd0=\xccgV3\xdfe\xf7\xba\x87Hn\xbd\
G\xbe\xae\xe4\xfa\xab\x0dF@\xef\x11~\xee\xfe\x10F\
\x08\xd7\x05\x1a\xc3\x08\xf5sN!\xbeb\x98\x1f\xfd\xdc\
\x08\x0e\xbe3Q{\x8f\xf2\xb3\xb3|\x8d\x12\xc9\x03z\
\x88?\xb8\xd7h%\xff\x92P;\x05\xbfR\xb1\xd0q\
\x9c\xc5\xd0L\x03\xf0Qx\x1ez\x93\xe1\x1d\xb9\xd2\x0b\
\xb4\xce\xba\x03y\x03|\x07x\x8d\xd1\xe6c\x15#\xa0\
G\x09?\xb8\xc9\xf4[\xeb{\x0d\xf8\xdd\xe2u:`\
8J\xbf\xff\xfd\xef\xad\x87\xdf:t\xcb\x9f\xfff\x9e\
/\xcc\xd4/OV\xbd-\xc5\x94\xb0!\xe0O\x89\xd3\
\xa5\xcc\x97{'\xad3\xf6\x10\xc6\x00a\x1f\xd0zP\
}\xccT\xfe\x0d8y\xbd\x17\x01\x17\xc4\xca\xe7]\xe0\
,)\xbfm?\xf3\xcf\x82\xaf\x8eU\xdc\x0f\xde\x8c\xfa\
\x02\xf0p\xc0/\x04>\x98\xb4\xce\xf0\x87\xe6\x9by~\
\xcf\x92$\x83\x15\xd0W\x90\xef\x05\xfa\xa2\xfc\x87\x0f\xf4\
\xfd\xf4y\x97\xe7\xdc'\xcf\xbb{{\x9e|\x9e5\xa6\
\x86\xc0\x01\xd5\x0fU\xfd\x8fp\xff\x11>A\xb5\x83\xf2\
\x8d?\x08\xeb\x15\xc2'`VHl\x0e~\x86\x7f\xf6\
\x0ab\xec5\xe2w^v\x16\x97'\x8b\xed\x14Il\
f\x7f\xaf\x05\xcaOR{\x066\x08c\x84\xe38\xcc\
\x83#s\x98\xc33\x11aL!o\x87\x0fU>\xc2\
\x80\x18\x16{u\xcb\xeb\xb3\xd4q\xa4\xbcM\x15\xf3\x1f\
\x95\xc3\xdcn\xaa\xfaK\xf1\xa5\xc6\x9e%\x07P\x7f\x10\
\x15\xca\xa3P_\x0c\xe5\x0a\xfa3\xa0\xf7\x98\x22\x18\xa1\
\xca\xa68\xc7\x87\xd7'4\x07\x85\xd7\x15W\xdf?\xde\
\xf4[\xb56\xb3&\xa5^/E_\xa7\x83Fc\xf1\
\xd6\x1b\xff\x8f\xcejf\xf5\x1f\x7f\x88u\x7f\xd8\x1er\
U\xbe\xbb\xbb\xc9G\xc1\x85\x93\xe7\xa8\x8e\x83\x7f\x12|\
>\x1a\xfff\xf7\xb8\x06\xf8\xbbG37\x0f\xf9\x80\xc7\
O\xe0\xe4\x85j\x82\x9aO\xb7\x0c\xcd\x07\x22\x06\xbe=\
A\xe2\xea\x1c\xf0\xf6\x0f\x8am\xef\x92g\xef\x95jp\
\x85\x7f\xfa2\xf1o\xdf\xd2\xf9\x1b\x1f\x9ey\xe0\x82\xe9\
\x9bL\xee0~\xcd\xb1\xd9\x1e\xc48\xd4\x0f\x80\x0f\x16\
\x98\xbc\x191^\xf9x\xf2}i=M\xe7y3\x8c\
\xad\xa7\x16h}\x1e\x18\x02\xf3\x8c\xe0\xeei\x0d\x1e\xbd\
\x86\xdc\x10\x1f\x019t8g@\xcf\x03\xb5\x07\xf0\x93\
\x04\x7f\x00\xa3K\xdc\xa6\x5c\xf1Y\xf2}\xdekw8\
\xe6\xc8\xc7\x14\x0a~\x908\xbeB\xb9\x03\xca\x85\xc0\xcf\
\x09\x7fp\x1cF\x18\x14\xd9'4\x9c\x85\x0e\xd7\x15\xe5\
\xbf\xc1a\x0e\xbe=Qs\x11\xf1\x87,_c\xaf;\
!\xe7\x03{\xc0\xfblw\xe6f\xfc\x9b7L\x1d\x01\
\xaf\x05\xf2\xfd0F\x88\x0aq\x11\x96\x1a\xbe\xa2\xe2\xfe\
\xd0\x1ct\x98g\x84\x9a\x8e\xea\xa5\xe0\xb5\x93\xf7\x01\x0f\
\xd3?x\xa9\xf1\xa9x\xad\xd0\xefI\xddk^\x03\xf1\
\x89\x9a/\xa0OQlv\xb7<\xf7\xcc3\x82\x0d\xcf\
\xb6\x0c\xe4{~\xd0\xb7F\x1c\xf6w\x9boj\xd1\x98\
\xf9A\xec@\xae\x1a\x9d\xd0\x15\xbc9\xc5\xab\xcf\x0eG\
\x1fjf\xe0\xcb9\xc7\xf4=\x1em\x84\xa7{\x22o\
\xbfE\xa8\x0f\xf7\xc4\x10\x13\x03\x81\x110\xc73eC\
\xa1<\xbb#\xec\xb5u7\xed\x81^\x18=A\x81\xcf\
f\xea\xb3\xaa\x18a\xe82\xe3\x0b\xc4\xceU\x0f\x008\
a\x8e\xc1\xca\x8ay\x81\x17\xf0<\xcb3\xac\xcf;\xea\
\x8a37\x9b\x9cb\xc5\x8e\xfa8\xe7\x16\xfb\xa8\xef=\
J\xac\x0bs\x93\x94\x9f\x94\x1d\xca\x19\x92C9\x03\xfa\
\xf8a\xce\x220\x82\xd8\x9a\xd8\xb9\xda\x92\xf8\x9c\xeb\x05\
\xbf\x7f\xe6<T\xb6Cl\xa8F^7\x9dY\x06\xa7\
H\x7fn\xf8F\xe4\x0d\x8da\x84\x13\xeb\x08\xe1\xd7&\
<\x17%\x98*\xf8\xd2h\xad\xab\xfa\xfa/\xc1\x9c\x93\
]~\x8e\xb1\x8e\x0a[\xb7\xa3\xcc\xbfU\x1ev\xb7(\
\xc3=F\xad\x15<\x84\xd9\x86\x9f\xe4\x0dk\xa7\x84|\
B\xbd?\x08\xd9:~\xeeJ\xed\xc5,3y\x05\xf2\
\x03p5\xd0{\xd4\xbc\xc2\xe4\x80\xeaOb\xb6\x1f\xf3\
\x119\xf2\xfa`\xce\xe9P)\xfd\xedo\x7f\xb3\x0c\xe6\
\xfb\xd4\xf7;\xe3\x0c\xa3\xe9\x87\x9e\xd5\xe4u\xfa\xec\x83\
\xf3\xef\x1f\xb0\x84\x02\x1d\xe7 6Gc\xe6OrH\
\xbb\xe2K\xc1\xecbC\xed\xbc\xd36\x9a\xda\x19t\xbf\
\x10\xebq\xf5y\x0f\xe5\xc9\x8f\x0f:\x19\x1f4\xc4\xc5\
\xe1\x8f\xc1\xfb\xbe 1\xf0\xcd\xf1\x0cl\xe1\x1b\xb4\xb4\
L0\xc2&\xf7\xd6\xec\xd6\x12{/\x93\xf7%\xbe\xb9\
#\xf9{,\xd0\xfa\x97o\xe4*\xe5\xe5\xe1\xfbP\x8e\
\xde\xa4\xf5\x06'\x87\xb98\x88\x89\xb0{\x89\xe7\x88e\
\xb9\xa8\x9b\x81\x9f\xb0b\xa7\xc14\xf2>\xca\xaf\x91\xcb\
\xd7|Z\x8f\x11\xa0)\xac|\x04\xf8\x05p\x942\xcc\
\xae\x03\xf0\xfa\x8fi\x0df\xd7c\x04\x7f\xd7\xf9\x9a7\
\x1cf\xbe\xc8&\xd6n\xb7\xdb\x17\xbbv\xed\xdd\xa1u\
\x84\xa1\xcbY|\x98\xc1\x08xM\xea1\xc2\xd7\x9cs\
j\xd9`\x96\x1a\xef\x0f\x0c\xd5v2\x8b\xdd\xa3\xae\x88\
^C\xb2+\xf7\xe0h\xf1Cw\xb4f>S>\x1f\
\xa1\xff\xa2\xbe\x11|\x84\xf9[\xeb}\x83\x99k0\xb3\
\x8f\xaa\xa7\x86X\x0f\xbf\x86>\x8f\xd84~\xfe\xe0\x1b\
cC3L\xf9\xf2\xb3%)\xdf\xdb\x13\x95`\xea\x90\
a|\x04\x7f\x08>\x03xM!\x8dEh+\xb4}\
\xedMk\xee\xf14>O>\xf2\xa8\x89!\x88\x1f\xc0\
\xda\x88\xfd\xa8\xdb\x0fZJ\xfc\xe7v\x98\xa9\xcd\xc5\xb3\
\x8b\xbc^\xfc\xc4\xc1\x22\xe6\xdf!.3\xddG\x8e\xea\
\x9a\x8f%\xfe\xce\x14\x7f\xa1u\xb3\xc0\x87S\x8d&\x18\
\xf4ABu\xc1S\xf7\xd6\x1a\xd4\xd2\xc3\xfd5\xfc\xd9\
&4\xc7\x83~{\xb7(\x97<\xd3\x85b\xbb\x1d%\
\xbe\xdfd\xeafw\xea\x5c\x9f\xe4\xe6\x9a+\xe0\xfb\xf6\
\x8d\x895\xfe\x00?\x83r\xec\xb6\x1a\x8c\x80:B\xa8\
\xdf\xa0\xbd\x86\x9aZ\xd3\x7fD\xbfA\xde\x0f\xcf88\
\xcb\xa8\xb3\xa3g\xa9\x18!\xe8S\xedc\x933\x84j\
\x8b!\xdds\xad#\xa0\xb6\x96\x90}l\x0eP\xf2i\
\x83\x9f\xa2\xc2\xbd\x86k\xc46{9\xf7\x1f\x99\xef\xde\
\x94\xc9:\x0b\x0d\x8c\xf0\xc68\xf3\xb3\x87\xf9I\xc0\x08\
-O\xc0\x08\x914\x94t\x16\xfa\x04\x0e\xf3\xabc\xb5\
\xf7\xe8\x1f\x18\xc3\x9e\xf9[+%\x9e\xf7rT\xda>\
\x15\x7f\xf4\x0b\xad+\xf6\x5c\xa0\x9c\x0b\xad\xa9\x84\xe7\x1a\
\xa2\xe3\x8f\xf7\x91\xebCs\xd0\xc0\x08!\xad'\xf4\x0a\
\xb0\xc3\x09\xbf\xe3pM6\xecG\x90g)\x1eH+\
4\x5c\x86\x84\x1cr\x01C\xa1~ \xfe\x13\xfe\xa0\xee\
\xc0Q\xd5\x90\xb2\xf4RN\x13\xec/\xcf\xb2\xe2k\xb1\
y\xe4\x99:\xf37b\x85\xd1\xc4@=\x0a6\x8dg\
\x0e\xcf\xaa\xc4!y\x9eX\xec\xfei\xa6\xeb\x14\x83b\
F\x96\xaf\xfb\xcc\xec\xfds8\x1e\x94\xe7i\x88w^\
\xfc^{\xb7\xb9n\xd7\xe73\xd8\xff\xeah\xf6\xb5\x19\
|\x0c\xe76\xe4\xed\x7f\x1d\x8c\x10\xb2\x0d`b\xc5\x08\
]\xe7#\x07/\x97x\xbf@\x9e\xc5\xfb\xaa\xb5nv\
\x0e\xe9\xaco\xf7(\x83\x0b\xc6\x19?`\xf0A(&\
\x22g@\x9e\x808&8?l\xf3\xe0\xcf\x00\x13{\
:\xccV]\xf2\xda\xf8\xdd\xe4\x90\x18\xa8\xf3{\x12\x0f\
\xcb\xc3\x1c\xe6\xda:}\xce\x15#\xec5\xb5\x04p\xfe\
U?,\xc4\xcfQ\x7f\x10\x8a\x95\xc0\x1a\xc8\x9f\xf8W\
\xaf\xa1Wq\x89\xf8\x95\xc7\x1c\xb5\xf6\x11\x82)\x8at\
\x16z\xe82\xf5o\x92S\x1d\xeb\x19\x84s\x86G\x07\
\x9e:\xa7j\xd5\xa0\xd7\x00\x9f\xd9\xba\x01\x87\x19sN\
\x93\xd6a\xcei\x89|\xaf\x93\xe4\xeb\xfeM\x7f\x8f\x1f\
M\xa3@\xfbYf\xa6a\xa6\xc1\x08x=\xea5\x16\
\xd1\x8f]s,_\xd0\xd7I\x9e\x0d\xc4y\xd5F\xe8\
8\xd7\xe4\x0c\x09\xa1\x9f\x0f\xdc&\xe4V\xe0t\xa3o\
\x8c9\xc7\x04\xc9\xc1\x12\xb3\xa96\xb3\x90\xaa\x0a\x0fQ\
\xf9\xc1b*;TB\xa5\x87K\xe8\xce\xdb\xef\xb0\xe6\
\xa1\xff\x17\xed_b\x00\xecD\xed\xfd\xe1\xbe\xc6n\x06\
\xc5h\xfc\x90X\xf0\x98\xf2e\xc2\xf1)\xc4\x89\x0bJ\
\xee\xee\x1b\x1f\xcb\xee\xf8\xacJ\xc1\xbeW\xe1\x19\x82\xcf\
\xf0\x0d^jt\xfb\xbe\x9cM|\xe9\x87\xd0\x06oQ\
\xbd\xe7\xc0\xf8\xf2\x19k\x97\xd5\x8c_\xc5\x9e\xee\xf35\
\xaf\xe5\xf0l\xdf#\xfd\x22\xcf\xfe7\xf6\xcc\x87}\x08\
\xfe|f\x18\x07_\x1ec\xea\x8a\xbd\x16\xfa\xc4\xc63\
=\xd1\xf1\xaf\xd9\xbd\xee'\x14#\x5c\xf4\xae\xc9\x93\x91\
3\x84fy\x90\xd7h-\x11q\x0d\xb9\x00\xf2^\xc4\
\x7f\xb1Y'z\x0c\xdbs\xc8\xb6\xbb\x90\xca\xddv:\
\x08\xbb\x9f\x14K\xd5\xbb\x0b\xf4m\x8et\xd3\x1b\x85/\
1\xfb\xce\xfc\xea;\x94\x93\x1b\xee3\xe8\x9cS\xc1\xb1\
9'\xf8\x84\xb8p\xdd=E9\x10\x81/fc\x1e\
\xe8\xbc\x0a\xe6\x1b\xed\x1c\x1c'\xbed\xa5\xfc\xbbb\x04\
w\xc7\xd9\xec\xc3k#?w\xe0\xa1>!}4\xa3\
\x87\xd4h]\xf1\xc49\xa7\xf0l\x94\xe4e\xc0\x1b~\
\xf0\x93\x06/e\xf9\xb9\x0f\x8a\xbf\x5c\xe1\xb0\xd5>]\
\xc8|>S\x1b\xe2\x97F\x1b\xfc\x04\xbd\x14\xad\xad&\
\x18\xac\x10\xe2.j\x0d%\xec\x13\xc2\xba\xab\xe85\x94\
W\xa9\xbf\xd7\x9a\x01x\xc9\xd9\x863\xe2X\x99L\x8e\
\xb8L\xaaM\xdbKU\xb9\xfb\xa9\x22g\x1fU\xa6\xe5\
S\x15\xfe<PBUG\x04[\x84v\xc0^r\xc9\
%\x96?\xf8\x1f8\xca\x9b\x93x\x80z\x1b\xfag\xe0\
\x9e\x22\x97\x0c|>\x0b\xf8\xf1]\xd5\xfb\x09s~\xc3\
s\x7f\x0f\x1b\xed\x0e\x8d_\x7f\xf9\x88\x04\xe3\xc3.F\
\x08\x8e\x98\x22y\xf4\x07Z'\xe82\x8f\xbc\xdd\xe6\x93\
\xa7\xefBrw\x9b\xa7z[\xdb\xe4\xb9\xb7\xd5\xd6\xbe\
\xe9^\x93\xda\xd7;'\xae\x14\x5cZ\xd4\xd2\xc1\xadU\
\x9en\xf8\x19n\x0c\x1376\xdb\x17\xeaE@3\x0c\
x%\xd0i\x1ez\xf9G\xbd36\x0fw\xee;\xf2\
i1\xf3\xcf\x99.\xd0\x99f\x7f\x97\xf9\xa6\x96>\xdd\
p\x14U;pA\x22\xb9$G\x06\x9f\xb0v]\x8a\
\xd9Y\xb45S\xafm{6UH,+s\xd5\xe9\
\x8eS~n\xa4\xe1H\x83+\x0d\xae\xbe\xe0\xe7\xea0\
F\xa8\xaa1\xfe \xdcg@]1TG\xa8\xef=\
\x02#\xe0\xbfQ{C\x0fs\xd8\xf2\xfa\xbd\xc9\x87\x98\
_\xad(>:\xae&)\xc7e\x9b\xb4\xba\xc6\xd1\x7f\
\x11;?\x98\xc4\xde\xe7\x87\xb3?<\xf7\xf8H\xa8f\
\xd2\xfa\xabr\x86\x06\xb3\xd0\xa1\xde#C/E\xfc\xaf\
\xea4\xcd\xd8\xc4\x9e\x95\xbb6\x8b\xff\xe9'\xdf\xff\xa5\
q\xcc\xe7hoV\xe2\x80b&`\x04\xe0\xa6\xa8\xf8\
c>\x01~3\xac\x8b\x80\xda\x80\xf8\x04\xe5k\x0bF\
@\x7f\xd65h\x099\xd6\xa6P\xed\xb6l\xaa\xde\x91\
KU\xf1\x19T\xbd5\x83\xaa\xb2\x04\x0f\xec?L\xd5\
E\xc5T\x93\xbe\x97\xea\x04W\xd5\xee/\xd6\xfd\xafU\
%\xa5TQr\x94\xca\xe5&l\x89\xa3_\xfc\xe2\x17\
\x16o\xf1\xbft\xce\xf9\xd19F\xe7\x03\xf5\x22\xf4\x89\
\xd1\xfb\x02\x16\xe8+X\xe0\xa1\xbe\xc8\x07\xb6\x99\x9a}\
C\x9d\xcfc\x9a_\xbeQ+\xfd\x98u\x85N`\xa0\
\xf3<\xa3\xd1\xf5\xfa8\x0e~<\x9d\x83\xed\xa6n\x96\
\xcf\x9b\xe4\xd9\xba\xfbE\xb1\xbf\xcb\xfdo\x8d'\xff\x1b\
\xe3\xc8-\xfe\xc0\xd3C0\x82\xfc\x1d\xcf|-\xf3\xdf\
=\x9b2\x1f\x90\xe7k\x8d\xc4\xa9J\xe0{\xf4\x0bU\
#(\xcc\xa9\xf9&\x18\xa1E\xffc\xfeC\xb0\xb5\xf6\
\x1a\xa0+\xda{\xa1S\xe2\xdcV\x89\xcf\x0b$\xbf\x7f\
\x93\xe9,\x92\xcfK\xe0$`\xc6\x11\x1c#\xc7\x82x\
\xaa\xc3\xce\xa2y[\xa8n\xc1V\xaa[\xb6\x9dj6\
\xa6Q5\xf6\x18\xcas[\x93\xb5\x8f\xear\x8a\xc8Q\
XLv\xc9\x07\xc0A\xd2\xda\xa3\xe4\xc5\xf0)\xea\x13\
\xb2\x0f\xa8\xbdT\x85\xf9\x08\xa5\x95F#,\xec\x13\xc0\
O\x0a\xd7\x11\xe0\x07\x04\x1f\xb8\xe2\xb3\xc8\xb1.\x95\xea\
b\xb6\x91}\x94\xe4^\x0f\xf6&\xff\x03\xbd(\x8f\xf9\
Jy\xedn)K\xce\x9eX\xb7(a\xb7g\xf2:\
v\x7f1\x93\x03\xef\x84^\x9f\x86\x18\xea\x9b\xcc9\x85\
1\x02\xea\x08\xda\x9b\x9d\xad:\x0e\xf2}\xe7\xbav\xed\
Yl\xf7\xb8\xef\x96\xaf\xfdS\xecw\x09\x861B\xa8\
6\xa4\xf5\x80\xb0\x0e3j\x08!_\xe8\x90\x9f\xc5\x8e\
]NI\xb9T\x93\x7f\x80*\xaa*U;\xde9v\
5Ug\x08\x1e\xd8s\x80l\xe2\x13|\xed\xa6*\xbf\
\xbcv\xef!\xb2\x15\x95P\xb5\xf8V[\xce~\xb2\x83\
\xbb\x8c\xbal\x9e\xd9\xe7t\xd1\xaf~\xa3\xbc4\xeb\xfc\
\xe7\xce\xc0\xf6]\x8c\x9f\x978\xa89\xf3\xac\xcd:\xc3\
\x82\xbc\x9e/|\x079\xa3\xa7^\xeb/l\xff\xb8\xb0\
C\xc1\x97\xdei\x1bF\xa3g(\xb1\xef!\xe4\x04\xc7\
\xf1\xe4\xc2\x1c\xc1WF\xb3\xff\xc3)\xec\xfdl\xba\xc3\
6zyY\xe5\xe4\xd5\xdd*J\xcb\xee\xe5\xcb\xdf\x97\
\x1c\xa1\xad\xce\xf9z\xe1\x0f\xe4\xf3\xf0\xad\x9dL\x1d\xa1\
\xce\xfe\xbc\xe0\xf3\xfe\xbe\xc9\xeb\x0b\xb1_$\xf0\xe9\x0c\
\xc3\xdb\x87\xef\xa9\xc7\x08\x03N\x8d\x11N\xec=\xb6\x0c\
a\x04\xc4@\xf1Ox\xe6%\xceU\x0b\x16Y\xe58\
\x5c\xde\xbe\x94\xf9j\x8d\xc3\x7f\xfa\x90\x5c\xfd\x16\x91s\
\xc4r\xdda\xa6;\x0ccw\x98\x9de\xf2\xdc:\xb1\
WD\xb9Q\xb9\xf5\xb9\xb0K\xe2\xba\xfd\x90\xa9\x9bq\
\x8b~\xf5\xdc^\xe5\xe1J>\x80\xf7[\xdc\x10#`\
\x9fb\xfe\xa1\xfa\xd9G\xcc]\xd4%fQ\xed&\xb1\
\x8b\x0d\xa9fO\xda\xa2x\xaaY(\xfeh\xfa\x06r\
\x02C\xbd<\x92\xd6\x09~\x22\xe6fU%e\xad\x05\
\xb7\x0d\xf5\x0fZ\xba\x19u\xc5\xfa>L\xf3\x10?\xa9\
y\x138\xcc!^\xa7b(p\x98\xa1\xc3<e\xbd\
\xcb\xb3.-^\xf2\x9b\x8f\xcb\x99/\xd2\xd7\xe7\xcen\
ZW\xf4M\x5cW\xbf\x87\xc5%~\xc0\xb9(\x91\x9c\
\x98\xcb\x90\xd7\xa9NpS\xf5\x8e\x1c\xaa\xdc\x95K\x95\
;\xe5\xa6\xed\xd1\xf8_a\xab\xa62\xf6P\x22|c\
z\x01\xd5\xee\xdeG\xb5\xe2[\xed\xf1\xbbu\xe6Kq\
\x12\xe6\xc7P\xab\x0d\xf1\x9a\xc2\x9c\xd4]\x8bV\xd3y\
?\xfe\xb1e\xb4\xdf%\xef'\xb3P5\xb5\x81\x8b\xf9\
g\xaf\xaaO\xd7\xda\xff\xd0e\x88\xcbW+\xefM\xb9\
~C\x8e\x8f\xff\xad\x0c\xd7\xdd\x99{\xe0y\xe0E\xcf\
\x92\xa4\x17Q\x9f;6\x1b\x10!o\xc7\xc7@\xe7\xfb\
\x99\xa1\xecye${\xdaMag\xef\xe8\x80k\xdc\
\xea9\xd5)y3\xab\x0e\x1f\x91\xbc\xa15\xf9\xbf\x98\
e\xfa\xff=\x17(_\x9e\x7f\xf2\x12\xbe\x97\x7f\xbb\xd7\
\xa6\xb6\x91\x9ct\xbbo`\x8c\x1d}0\xad\xa5\xa3\xbf\
\xd60\xe6\x9f\xb2\xae8\xf8\xf8\x9c!\x5cG@\x9e\x8c\
\xde\x9a\xe0\x17\xe7\xd8U\x5c3gSAU\x5c\xfa\xec\
\xca\x92\xa3\xef\xad\x97<9\x1d=\xc8+?&o\xe7\
\xb9\xe4\x9a\xb5\x89\x5c\xcb\x931\x0ba\xb00b \xe6\
xQWD\x7f\x0d\x98xu\x8a\xd1\x03\x13\xbbF]\
\x11?Kx\x0e\x105\x07\xd7\xf6<\xad\x130\x9d\xab\
\xbd\xb7:\x8f\x8bj\x0f\x1c![\xf6>\xad3\xd82\
\x0a\xc8\x96\x9cC6\xc1\x1d6\xcc<\xc1\x07\x88\x1fr\
,L \xc7\xd2\xed\xe4\x9c\x22v7(\x86|\xd0T\
{|\x90\xfaK\xc1\x19}\x04[\x14yV\xa7\xb0\xe4\
o&\xa7\x82\xbfl\x11\x9as\xba\xff\x14sN\x8di\
,\x86\xfd\xc7S\xc38 \xcf\x01\xf8\xdd\xda{\x8cN\
\xc8\x16\x8c0M|\xd9\xb5\x15\x82\xeb\xe2%o\xf0}\
8\x85\x5c\x13\x05\xff\xcc\x8f#\x97\xfc\xacu\xabw\x92\
m\xdd.\xaa^\xb3\x83\xaa7\xa4Pu\xc2n\xaaN\
\xcd7y@^\x11U\x17H\xcc?t\x94\xaal6\
\xf0JM/\x06\xbc\xc6U\xbb\x0c'\x14sO:\xc3\
\x90\xaf>@\xe7\x1fu\xae!\x93.\xff\xddE\x96\xe1\
~W\xf6\xbfk\x8f\xe0\xfd\xd5\xc4\xff\xee\xae\xb1\x09y\
\x00fw03\xe3Y\x93\xf2\x86\xe6\xfe\xad\x07\x1d\x1f\
\xfbaO\xf2\x1c\x05\xdaM\x95\x8f8\x93\x02\xed\xa6\x81\
\xb3\xb7\xad\xfe\x19j\xf8\xbea\x7fq\xaaZ\x1ej]\
O\x0f\xe5\xc0\xabc\xcc<]\xa7y{\xbd36\x8e\
\xf6.\xd9\xdeR\xe3\xcd#\xfd\xb5\x7f\x8f\xefI\xfd\x94\
`\x04\xc1\xdd\x178\x8eV\xdc\xe4^\xb5k\xa6w\xfc\
\x9a\x22\xc9W\x94\xa3\xab\xf3\xff\xf8\x1a\xad\x1a\xc4\xfc\xd6\
_\xa3\x96\x1e\xeeK\xa0\xb6\x09?%\xb8\xd8/\x9f\xcb\
\xfb\xe5lv\x8cY\xc9\xb6\x95IU\xb6\x94\xfcT\x89\
\xef\xcf\x96\x874A\x94\xb3\xa8\xfbI6\x93\x07{\x8b\
B\xf3\x0c\xe0/\xea\xdb\x16$\x1c\x9b{\x5cl8\xf9\
\x8e\x92ry\xd6\x7fc\xe2&\xe6y\xc5g\x00;c\
\xce\xc2\xb99\x83\xb6\xc8+\x0a\x9fQYQIU\x99\
\x05\xba'\xdd\xb6%\x9dj%\x9e\xd6mJ'\xfb\x8a\
dr\xcc\xd9B\xee\xc9\x92\x9f\xa3\xa6)_K9P\
\xe8=\xc2_\xca\xf7%\x98\xfbb\xf1+\xef;\x8eT\
,w%\xe5\xf9%?\xd1\xf9\xac\x80\xf88\xfd}<\
\xd4`\xce\xa9\xc57\x9c\x85~84\x0b\x8d9\xa7v\
\xd3\x18Zm\xde\x85\x89l\xdf\x98\xbe\xb5l\xf7\xde'\
\xe5{\x7f\x80\xe91\xf9>\xfeE\xee\xf63\xa9f\xde\
f\x9d\xd9\xb4mL5\xb5\x14\xf9Yl\xdb\xb2\xa8f\
W\xbe\xf6\x08j\x04\xf7W\xcb\xad\x11\xdfg\xcf\x15\x1c\
\x14\xd2a\x0e|2=\xd4\x8f\xccS\x9b/\x09q4\
\xe0\x0b\xfe=\xac=\x9du\xb6\xc5I\xfc\xb6\x07\xfdY\
\xbc\xb6:[:}\xa3\xd6\xa5\xc09G\xbd<\xf0\xfe\
d\xd4\xaa7\xd7?\x07\x0d\xed\xf9q\xa3\xfb\xe9\x1f\xb8\
\x84QS\xe3\x87\xfa\xa0v\xe8\xa8\xe7\x03\x9fh\xff\x91\
\xee\x13'\xec\x0b\xd1\xb8<\xf0X\xee\x00\x8e \xf4\xff\
Q\xbf\xee\xbb\xc8\xe5\x9b\xb2~\x82+\xffPWS'\
\xbbH\xb97\xfe.\xf3L\x9d\xe2\xe1~\xf2\xb6\x87\x80\
\xbd\xff\xe0\xde\xbc\xbb\x9d7*!C\xf2\x97:\xf1\x17\
\xa6\x8e\xf0\xcc\xb0c\xbd\x8b\xc60\xc2\xe3'\xec.\x09\
\xef'A>\xd3\xbcO}=\xdd/6\xe4\xeb\x11\x05\
\x1dA\x9b;>{\xac<\xab\xd7io\xed\xb5\xb1\xe4\
\xffl\x86\xc1\xc5\xe8?\x82\xa3\x04\xfe$\xf2f\xf4\x1c\
\xa6\x87\xea\x8c\xa1\xbdf\x9eP\xee\x8c>:\xea\x04\xc8\
\xb7\xa0-\x06\xed#'\xea\x0fb\xe76\xd4 W&\
\xd3|\xecIw9\xa86Kld]\xaa\xe9M\xc6\
l\xaf\xd73\xaf\xd7.\x8e\x0b\xcd>\x1e7\xe7t\x85\
\xfa\x04\x9b\xbc\xeav\xbf\xa7\xbf3\xe7@\x89`\x10\x9f\
w\xdc\x1a\x8d\xe7Zwm8\x0b\xfd\xb5\xe7\x9cB\x18\
\x01\xaf\x8d\xbc?\xfc\xb7\xaf\xed$\x9d\x95\x00F\xa8]\
\xb3\x8bKwdm)\xa9\xab\xee\x95\xc3\xfc\xbbh\xe6\
\x9f\x04\xa89\xd5MY+yM\x02\xd9\xb7dP\x1d\
f8\x05\x17\xd4\xca\x7f\xe3\xef\xae\xd0\xce\x05\xed=\x86\
\xb8\xd8\xf5:\xeb\xf0\x8f{\x0f\x13\xbf7\xc9\xfc\x8c\x92\
'X\xe7\xdb\x9d\x1f\xfd\xf4\xbcP|2Z\x15\xba\xf3\
\x03<\x00\xd4\xa3\xff\xf2\x11x?{#\xe6\xfe!\xfd\
\x1f\x89}\x1bPK\x97xx\x99\xf2\x81\xf1<<\xf1\
5\xed\xffT>\xe1\x89\x06\xf5\xaa\x10N\xc0\xf3\xe5\x7f\
Y\xfc\x01j\xd7b\x7f\xbe\x11+\x12=\xf3\xb7\xbe/\
\xcf\xf4\xf5:g\xf8\xc68\xc3U\x14;\x0a\xbe9^\
\xb5\xca\xf7\x09v\x97g\xe6^\xc1\xdd\xb1\xf2\xf6\xed\xe8\
\x8b\x03\xe7\x07\xa1\x19\x86g9\xccW\xfc*\x8cpb\
\xaf\xe1\xc1P\xcf\xfd\xd9\x11\x1a\x03\xc1\xd1u\x0f]\xb6\
K\x9e\xd7XgiU\x08\xb3\xf4S\x1e2f\x1a\xd0\
\x13U\x1f0\xc5\xf0\x11\xb4\xf7\x00m\x84P\xff]g\
\x9d\xd0\x8bD]=)\xd7\xcc9\xdd\xdf\x9b<s\xb7\
\x92\x0bs\x0dx?\xf9X\xd4\xcc\xa1\x87P7w\x8b\
\xd8\xf4%\xaa\x11\xa0\xbd7\xd4\x10\xc2:\x8b\x99\xa1^\
\x03l\x04:\x01!\x7f\x80\xbc\x04\xbf_\xccD\x80_\
\x0d\x0e\xb3`\x84w\x9d\x87\xcb6\x8b\xad\x1d\xf0\xce\x89\
c\xdd\xe3\x8a|\x0f?wX/\xe5+9\xcc'\xd4\
X\x1a\xecv\xf0\xbe8\x82=\x9fNc\xfb\x80E\x5c\
\x13\x1d\xc7\xb6\xc4\xac\xda\xa3E\x87\xb6\x97\xb2g\xd8Q\
\xc1o\xb9\xcc\xbf\x0c\xbc;\x91\x1c\xf2\xf3hN\xb5\xd4\
\xecm\xf4\x86q\xd3\xf2\x90\x8e\x92r\x15\xf3\xf4g\xe3\
'\x07\x9b9\x07\xf1y\xd6\xf9v\xa7b\xbb\xc4\xfbI\
ku>?\xd0c\x81\xd1\xdcC\xec\x1a\xb2\x8cb\x98\
\x9b\xa1F\xa6\xb6qb\xed\xbf\xb5\xa9\xab\xbb\xd7\xa7}\
\xe2\xef\x1a\x05\xfe\xcb\x8d\xe0\xa2\x9dT'\xf8.n\xbd\
\xd6\xb7\xa9\x1d\xd4\xdb!\x9eE\xd5\xdf\x98hx\xf2C\
\x96V\x89\xdf\xea#\xcf\xc8;\xbb\x99\x7f\xccg<m\
z}\xdd\xa2\xc4/\xcc\xd5\x9e{\xa8\xd7\xf0gwB\
v\x7f\xef\xac\xcd;\xe5\xe7\xd4\x8f\xc5\xec\x8d\xf2\x15[\
\x0f:\xbewp*\xed\xf1\x13qqH\x0f\x04\x18\x1b\
\xaf\x9b|/.\xb1\xa9\x15\x92\xeb\xb7-\xd1^;\x99\
~\x0a\xb8\x11\x98s\x02\x07'\x84\x0ft\x1ez\xda\x86\
\xfa\x19?h\x0a\x86\xf7\x18\xc1?\x80\xa7\x14\x9esR\
\xbb\xc0\xef\x09:C\x98\xd7\x1a\xb5J\xf3\xe7\xba\xb0~\
\x12\xf8IZWl\xa0\xbb\x8a\x1aZ\xb8V\x19\xd6\x5c\
\x05\x1f\x01\xfc$\xf1K|GW\x8a3\xbb\x1a\xda\xd8\
\x9d\xcea\xae\x8c})\x9e\xa5I\xaa{\xa6\x1c\xe6\xe7\
G\x9a\xd7\xe4\xbe\x08\x1c\xe6\xc6\xea\x08\xe1\xd7\xe6\xa1~\
f\x1eBpB@|\x85\xf7\xb51\xec\xec<\x87=\
\x13\xd7\xb2}]\x0aWd\xee=RVgk/\xf8\
\xe4\x1a\xbe#TW\x94|T\xfb\x0c\xf0\x03\xf0\x8f\x98\
UD\x8fA~\x0e\xfe\xfd\x9b\xe4\xc5\x1eJ\xc1=\xd6\
\xf9v\xa7r\xe3.rL\x92X\xd4\x0by\xe3UZ\
\xdb\xf2J\xec\x07\x87\xceQt\xe4\x19\x9d\x81\x0fa\xf1\
\xe3s\xff\xfe:\xbb#\xb6t\x05\xf8\xb7\x12\xbf\xe6k\
\xed\xb9\xf5\xa0\xef\xd6\xf6O\x953\x9c8k\x88?1\
7\x83\x1aB\x08\x87J~\x12#\xcf\xf8{\xf2\x5c\xff\
F1\xba\xe4\x94\xea\x13\x80\x11^\x1eM|O\x0fp\
\xf7\x7f)\x98\xb8\x8d\xc4\xde-\xbea+\xf6\xa1\xf7\x88\
Z:r\x0f\xfdz\xc7\xf1\x15\xe1\x13\x06\x9f\xba\xd7\xd0\
r\xc0\xb1\xbe\xc4\x93f\xce\x091\x15Zd\xe2g\x93\
$\x0e\x8fqT\xd7\xfe\xb9\x14\xb5\xf4{z\xea\x8c\xa1\
j#\x84\xe6\x1d\xd1w?\xa6\x99\xb2\xee\xd8|Ox\
gI\x8c\xe1%*\x7f\x19\xfb\xca0\xeb\xbbp\x9b\xf8\
\x8b\xadj#\xba\xbbiCFh\x16\xdaO\x8e\xb2*\
3\xcf\x17\x9e\x85n\xc8aN\xc8\xae\xdf\x81\xa4\x9a+\
\x98\xf3\x16\xdf\x03\xcd\x06\xa6\xdf#\x9f\xfa\xb7\xf8\x95O\
\x9c\x87Jw\x0b\xb6)\xd7:B\xf7(\xe3/\xf1\xf3\
6\xff\xba\xb3\xd0\x83\x8f\x9f\x85n\xb0\x17\x0e{\xa1}\
\x1fNU\xdd\x05\xf1\xc9\x05\x9eM\x19\xd1\x8e\x8a\xeaO\
*\x99/\x85><^\x13\xdd\xb7\x14\xda\xaf\x82<O\
q\x93`\x05\xeb4\xfd\x9cw\xdeyT\xb5,\x91l\
s6\x92c\xd8R*))&\xc7\x84\xd5\xda\x9b\xf7\
}1\x0b\xb1\xa9\xbf\xda\xf4c\x11j\x7f\xd8\xe7\xddq\
\x8e\x99\x07|b\xb0\xe0\xdbe\x85\xfa\xbb\x7f\xfc?l\
\xff_\xa7\x8e\x10\xae+\x86w\x94\xa0\xb6\x8f\xfe\xb6\xe4\
\xba\xfe\xfe\x8b\x0b\xc5\xb6\xba\xbbS\x0bZ\xea\x9c\xe1\xc3\
\xfdt\xa7\x198\xcf\xd8\x09\x02nl\x08#\x5c\xe3J\
\xca\x9b\xee\x1b\xb12F\xebf\x1fMS\xde\xb1\xf2\x93\
N\xb4\xf1\xaf\xc3a\x0ec\xe3\x06\xb3\xd0:\xe74x\
i\xa9'*a\xa9{k\xf6\xe3b\xaf7+\x1f\xaf\
y\x1f\xad\xe3\x99\xda\xa2\xc1\x06:\x03\x89x?1\xc4\
\xc9\x09\xef;El\x84m\xa0\xd7\x90\x15\xea5|:\
\xb3^gL\xeb\xe7\xe0\x1a\xec\x92\xb8I\xd76\x98\x85\
.\x0b\xe9\xbb\x1c\xd2\xfcA\xf9I\xe1Y\xe8\x90/\x08\
s\x99\x15#`\x0e\xe4\xee\x1e\xe19\xa76\xf6:\xfb\
\x5cWjA\x86gi\xb2\xeeXi\xf2\x9cS=F\
\x08\xedw\xc3\xdb\xc3;\x1f\xa1\x972f5;\x0b\x8b\
?\xaa\xd7/\x11\x9f\xc5g=#~0\xce\xb2\xffo\
y\xec\x95\xd5d\x9b\xb9\x9ej&\xc5R\xdd\xb0\x18\xaa\
^\x18G\xf6\xe1K\xc9\xd1W\xb0\xc0\x0d\x1d\xc8\xd1y\
\xd6\x8e\x88\xb9\xff\xe3F\xefG\xec\xe8(\xf6fh\x1d\
\xbc\xc7\x82\xfa:\xfe\x7f\xdd\xfe\xbfN\xaf!\x8c\x11B\
\xf8$\x1c\x93\x05#\x04\xe59\x9b(\xcfy\xdf\x1a\x8d\
7d\xf0\x01\xf4\x8a`\x83\xf2'\xd3\x93\xe0\xfc\xfd\xda\
\x95]\xd4N\xf2\xf7A\xf2L\xd6\x82\xe7\x84\xbc\x1f\xcf\
\xaa\xfa\x84p\x0e\xd0\xf2\x84\xfd$\xa7\xc2\x08\xe1\x9c\x01\
\xdf\xcf\x1b\xe3\x0c'O|\x8d`\xfcx\xcf\xea\x94\xde\
\x12w/\x96<\xe6\x5c\xfeg'\xb5i\xf5\x07\xa8\xcd\
\x84f\x1e\x81\x0f\xea\xe7\x1aB\x1a!:\xe3\x07\xben\
\x8c\xd1\x11\xc6\x9c3\xd3\xdfu>R\xe7\x81cC8\
Z\xec\xc8\xdfo\x89\xf1\x07~\x0f9K*\xea\xf9\xcb\
'i\xb3\x87w\xc1\xc1\x1f`\xae\x01sN\x82C\x04\
g\xe9\xef\xbe\xca`\x84\x8f\x9cEG6IN\xee\xc7\
l\x88b\x847\xc6\x9b\x9f\xf98\x8d\xc5S`\x84\x86\
\xbdG\xf8\x8e{{rPp\x98|\xde\xf1f\xee(\
M{\x81\xc1WG\x9b\xd9\xa5U\x16\xfe\xff6\xc7q\
\xa4\x9c\x1c\xa3W\xa8\xbd;\xdf\x1cC\x8ey[\xc89\
$\x86\x9c]\xe5\x99\xbf\xb5+\xd9\xdbM\x0a\xed\xf8\x1c\
\x12\x99\xf73s\xd3@\xe4\xd4b7\x17\xeb\xef\xfa\xd1\
\x01\xff\x1b\xf6\xffM0B\xf8{\x0e\xcd\x1e\x83\x0f$\
\xf8?\xde\xb3<y\x993c\xdf\x1d\x09\xcc\xe7\xa0\x8e\
\xa8\xda\xff\xfd\x17k}\x11\xcf\xbd|\xf4Yb77\
zV\xef\xfa\xcc;mc2\xea\x08\xfe/\xe7Hn\
;\x9a}O\x0d9\xc6\xbb\xfd*~RC\x8c\xd0\x90\
\x9f\xa4}\x8f\xf1\x0c\xbf\xea\x1f\x10\xb3\xd7\xb3 q\x81\
\xc4\xe5\xdb$\xf6\xfe\x9d\xafl\xa7\x9c\x08\xf5\x07\xd0X\
\x1c\x13\xab\xb5\xc5z\x7f\x10\xd6\x5c\x0d\xeb\x8db\x8e\x1f\
\x1c=\x89\xeb\x8e#\x95\xe0\x0f\x91\xbf\xf7\x22\xa3\xcb>\
\xd9\xbc\xbf\xc6\x7f\xb1w\xa6\xdf\x19\x9f\x80:\xc2\xe12\
\x937\x84\xf4\xd9\xeb\xeb\x08\xdbC\x1a\xc6\xf1Y\xc7\xcf\
B\xa3\xf7x\xf5'\xa8E\x5c)y\xc3\x9d\x8e\x9a\xda\
(\xf7\xce=\xf9\x98s\xc2|\x22\xf8D\xdaK\x0e\xef\
|l\xde\x10#\x9c\xe0\x13\xf0w\xc9\x11\xd0\xd3\x15\xff\
r\xa5\xd9\xa5\x94\xa1:%\xda#\x09\xe9\x1eY\xa7\xe9\
\x07\xf8\xcf3l\x19\xf9^\x1c\x01\xad\x5cr-\x95\xd8\
1r\x05y{E\xa3\xd7\xfa+?\xfaBa\x9d\xdf\
\x86\xd8\xbf\xd5\x00\x8dW\xae\xbd\x87Z\xa0\xf7\xe6^\x9d\
\xd2Qy?\x91|\xc5\xff\xea\x8d\xd4g\x08\xe7\x0c\xa1\
|\xa7^\xc3\xac{T\xadw\xea\x86xwlJ[\
y\xae/\xe1\x9f\xbfJ\x81\xcff\xc8\xf3\x1e\xads\x04\
\xe8A\x82G,vscu\xee\xfe\xbeU\xc3c\xfa\
{\xfb-\xca\xd0}\xa4m'q\xe0\xb9\xe1\xa6\xff\xf8\
\xe4\x90c\xfd\x8c\xaf\xe20\x9f\xa8\x97\x12\xdei\x08\x0e\
s\xaf\x85^\xc9\x03\xb6H\x8c\xffP\xe2\xfb\xa3\x9a\x83\
A\x1b\x01sN}\x17\x1d\xd3I\x09\xcf=N\xd9`\
\xf8\x08\xaa%\x18\xdam\x18\x9a\xe9\x85O\xc0n\x12\xa6\
;\xcc\xfbE\x99\xbd\x8d\xaa\x13(\xb1\x1f\xf8N\xfd\x01\
t\xa11\x0b\x0d_p\x9c\xc6b\xa1\xd6&\xd5\x0f\x84\
1\x02z\x8f\x98s\x12\xbf\x12|{\x22Mg>\x1b\
\xb3\x8fv\x0e\xf6\x91\x8f\xdf \x18\x81%\xaf1\x18\x01\
\x5c\x0d\xdd\xdd\xd2\xc7\xdcp\xef\x00W\xfc\x83wA\x02\
\xef\x95<Mg\x8e\x92\xf3T\xd7Xg\x8f\xd1\xe3\xc8\
.\xb2\x8c\xf8\xdb\xf0~\xc4\x97#N\xf0\xdf?\xd7~\
\x93\xeaRK\x8e\x19\xf8Xy\x17]\xc1\xd9=\xc9\xfe\
\xb5\xf77\xd0\xf4\x88~\xff6I\xce\x87\xe7fW}\
\xcf\xfc\xc9!\xa7\xef=\x15F\xd0\xd9c\xc3E\x08t\
\x9a+v8k\xa9\xe0\xec\x99\xce}\xc57h\xce\xf0\
\xc5,\xf2\x7f>\x93\xbc\xbd\x17\x90\xa7g\x14\xf9^\x19\
MO07\xab(-{\xb2z\xd4\xf2\xc7]\x13\xd7\
l\x0bt\x9c\xbb_b\xba\x1d\xf5\xc9z\xbd\x94\x16M\
\xc0\x08\xe19'\xf1\xcf\xf5z \x03b2<\x8b\xb7\
G\x8bO\x7f\xb5B~3|}{\x9di\xd09'\
\xd4\x11G\x19\xbd\x14\xf5\x07\x93B\xba\xabSB\xda\x82\
\x98\xf9\x0bq\x94P\x0b\x84v\xa2\xcen\x09\xb6\xd0\xda\
\xc2j\xb3\xc7!<\xd3X?\xe7d\xab\xd1\xfd\x85\xe1\
:B\xbd\xc6b\xb8\xf7\x18\xd6#\x0e\xeds\xc1\xd70\
\xbe\xb2\x05f\x1f\x7f\x22\xb8\xf1)G\x95m\xb1\xd8s\
\x99\xf8\xa5\xd0^\xe8\x99\xec{v\x18\xfb\x9b\xf7b\xef\
#}\xb8nS\x1a\x173\xff\xcc\x09\x9d\x92\xdd\xfb\xc8\
q\xb8\xd4\xec\x8f\xda\x7f\x84\x1c\x87J-#nj\xdf\
\xff\xec\xb3\x15\xbf\xa1\xb7\xaa\xbc\x1f\xf9=\xa1\xce\xac\x9a\
w\xaf\x8cA\xffeC\xfd\xf3\xd8\xd0>\xda\x98\xde?\
fIU\xb7\xef\x85\x91\x98\x13\x0c~#\xde\xcf\xe9\xea\
\x0f\x1ap\x11\xf4\xef\xa8+\x8a-\xa36(\xf6\xbf\xc7\
;{\xf36\xef\xf2\xe46b\x1f\x17\x06\x9f\x19&9\
TG\xf2\xc1'\x08N\x80O\xc5\xc5,\x8dk\xd7\x9e\
\xb7\xc5\xee\x96\x19\x9d\xe19\x86\x9f\xf4\xfc\xc8\xe3c\xfe\
\xd7\x9dsj\xa8\x9f$\xd8\xda\xec=\x9e\x83\x1c\xa6\xd4\
;\x7f\xeb\x1e\xb1\xbbO\xc5\xb7\xff\x9b\xe9)\xe2f\xcf\
j\x1fT{\x0d#\x8d\xee\xaa\xd1h\x8f5}\x06\xdd\
\x8f\x1e\x9a\x8bF\x0da\xb1\xd1\x19E\xbc\xadS>\xde\
\x0c\xc3mF|_\xb5\xcbh\xa5e\xee\xd7^du\
\xc3^CA\xf1\xf1\x1a\x8b\xe0\xee\x865\x16C\x1a\xcc\
\xaa\x1d ~\x05X\x05\xbc\x8d\xfd\xcc\xbf.g\xbeJ\
\xbe\xd7\xe1\xf6\xdc\x03Kj\x97mg\xd7\xb4\xf5\x5c\x9b\
U8\xc6%x_5\x05\xc4\xee\xeb\xca+\xd5\xd7\xa8\
\xceHY\xa5e\xc8M<o=\xfdB}^\x18\xe6\
\xfe)n\x1c\xba\x5c\xf5\xb0\x02\xedg\x95\x9eT\xfb\x0b\
\xef\xfbh3\x143\x7fQ\xa8\x95\xef\x03\xa7\x0b3?\
-\xff\x87s\xff\xff\x06F\x08i\x9d)Fx\x13\xb3\
\x86\xd0A\xdf\x18p\xafO[a\xaf\xaa\xfe\x8bb\xf4\
_\xbe\xa6\xf3\xd4\xcaYT\x9en+\xedeI\x0c|\
D\xb0W_\xc1b6\xb1O\xb7\xf2\x11\x90{\xc1\xd7\
\xb6\xec\xff\xf5\xe6\x9cN\xe4\xe0\xb4\x0aa\x84\x97\xcc,\
4\xe6\xff%\xee\xd7x\xa2\x12\xc6J\xcc~i'\xf3\
\x8f\xb0\x974\xf0\xa9\xe41\x9d\xe6\x99~\xe3\xf0\x95&\
o\x10_\xa0\x1a\x09\x93\xd7\x1f\xc3\x07\xa8\xb7-0\xda\
\x00\xf0\x01\x88\xfb\xca\xd7\x17\x0c\xa19\xc5\x8aP\x7f\x0e\
\xb6.\xb1\xbfB\xfdA\xd0\xe80c\x9f\x138J\xe1\
Y\xe8p\xce\x10\xd6OB\xee\x80\xff\x06\xd7\x0f\x9f\x7f\
\xcc*\xfd\xdcG\x98\xcfs\xb4\x9bD\x8e\xf5\xa9d\x17\
\xfb\xaf\xcb\xdeO5\xd5\xd5f\xc7jq\x99\xd6\xaf\xad\
\xd3\xc4\xdc_|h\x18\x0f\xaa\xdd#\x06\x80w1l\
9~w\x17\x9d\x92\xf7\xf3\xfc\x08vo\xc9|\x1f\xcf\
\xb0k{\xde\x83:\x83\xf3\x9f\xe0\xfd\x9c\xae\x18!\xdc\
k\x08\xf1\x85\xd1#\xd0\xbc\xbdgt\x99\xd8\xf8jw\
L\xd2\xbd\x12/\xff\xca\xff\xf8Bb\xdfx\xd3g\x00\
.n3Dw\x06\x0b.\xfe\xab\xd8\xc3[\x9e\xe8\x84\
\xed\xf2\xfb\x08\xa2\x8e\xa0\xf5U\xf4\xd7\xc25\x8ao\x8c\
\x11\x06\x1c\xd3\x10\xc4,\xb4\xd69\xa3\x0e\x88}'H\
L\xfe\xb4\x0e\x1c\xe6\xdf\xbcA\xe0\xdf\xc0'\x00\x07\xfa\
\x86\xad0\xb5\xc4\x89\xeb\xeay\x09\xc7\xedC_j4\
\xd5t\xf61\xfb\x80r\x90\xf0\xb3\xe8\xdb\xd6\xa7\x1b\x8d\
E\xec=\xc4\xb36;\xee\x98\xee\xea\x91\xd0\xce\xc7=\
'\xf0\x11Ps\x00\x7fa}\x1a9\xb6\xee\xd6Yb\
'\xfe\xc4<qr.\xd5\x09\xfe\xafp\xd6\x92'\xa5\
\x80\x1c\x07\x8eR]\x95\xcd2\xe4\xa6\xe6\xfe\x19\xfb\x14\
\xeba\xeeO\xfd\xb8\xfcn\xc1\x89A/\x5c\xf2\xbd\xab\
\x82\xcf\x8f\x88<\xf3\x03\x1e\xae\xe4\xfe{\x99\xcfA\x9f\
L0\xe2\xeaz\xde\xdc\x93C\xac\xfbd\x83\xbabx\
\xa6!\xdc\xe3\x0e\xf7\x1a0{\xdcn*l0 \x18\
<Gl\xac\x9d\xdd\xeb\xbe\x1a\xf1\x18\x1aj\xa6\xae8\
\xcfh\x8b\xd2=\xfa\xfbq\x96U\xb5\x928;Np\
\x9a\x13\xf9>b\xba\xce\xf6\x85\xe7\x9c\x1e\x89PG?\
U]1\xdc\x87\x83\xc6\x22\xfc\x13f\xa1?\x9f\xe5\x96\
\x98P+\xf6=\xd8q\xf0h\x9b\xb0\x1e\x09\xf2\x16\xd5\
\x11\xc4~\x12\xe0Dp\x12\xc2\xf8 \xbc\xc7\x18<\xbd\
\xb0n\x108J\xabS$G\x07F\xb8\xcb\xd4\x14\x81\
5\x97'\xd7\xef:\xc6\xbe\xf7J\xad#\x04\xcd,4\
\xfa\x0c\x82\x0f\x1c\x98\x83\xce\xdcG\xf6\xb4\xbd\xe4\xc0^\
'\xe8\x0c\x89\x0fqd\x14j\xfc\xe7f}\xc8\xbd\xdb\
\xecJ\xaf\xad\xb6\xec\xbf\xa9\xc7\x1d\xda5\x0d\x1e\x09j\
6\xe0\xa5\x8790\xde\x19\x9b&\xa8M\x9f\x98\xcf\x87\
x?\xa8\xdb\xea\xb3\xf1\xdc\x08\xf2\x0fZz\xf8\xff\x1b\
\xef\xe7t\xc6\x08-\x1b\xf0\x09\x11\x93\xa1\xf5\xfd\xe9\x0c\
\xf4\xbb\x8e\xfa&\xad\x9b)\xbf\x9b\xdb\x8f2\xff\x92/\
}Oy\xcb\xe0c\xaa6\xdb\xcd_\x12\xdf\xd5\x0d5\
\xf9\x9b\xdd\x9b3?\xf4,\xdaV\xe8\xef\x11}\x04\xf8\
^q\xd8\xb3\xc3\x8f\xe707\xd4e\xff*\x8c\xd0\xf0\
\xfbyk\x82|?3\xc1\xf1@\x1e\xb3Tp^;\
\x1b\xf3\x85\x9f07C/\x14\xdf\x93\xd6\x15'\x98\x9d\
-\xbeP\xffQg!\x81+C\xda a.3r\
L\xe8\x87\xef\x0a\xf5\x1e\xd5G\x00?\x80\xdb\x0c\xedD\
\xc1\x00\xc1w\xcc\xae\x86:\xecJ/)#\x87`\x03\
G\x8e\xd9\x15\x8fz\x82\xa3\xe00q\x8c\xf8\x11\xe8\x8e\
J\xfc\xb2\xf4\x81\x9av.\xbf\xe2\x0a\xf5\xc5\x8a\xe1\xa2\
\x8d~\xbe\xe6\x00\xc3W\x10_\xf51\xfaHi'\xe9\
\xfd\x84y?\xa8\xfd\x0d[\x9e\x09\x9c\xb0NrH\xdd\
\x03\xf2U3?\xf0%m,?pJ~R\xeb\x06\
\xbd\x06\xf0\x89\xc4\x06C\xfa$n\xc1\x08;\xe5>\xeb\
\xf0\xb8\xefgzD\xe7\xfdu\x87\x87\xc4d\xcc]\x83\
\x8fp\x90\xf9\x17\xce\x83G\x1f\xf7\xac\xda\xb5\xd870\
&Y\xe7x\xde\x9f\xa2\xf5\xc90n\x8b\xa8\xc3\xfcU\
\x18!\xac\x0f\x14\xc2\x08\xd0\x03\xf1M\x5c\x07\x1d\xe6\xde\
\xce\x92\xca\x96\x98\xaf\xe2_\xbfA\x81\xf7\xa7\x18>\xc2\
\xa0\xa5!\x1df\xd3s\xd0\xd9\xc7\x06s\x0dZK\x80\
\xdd\xaf2\xfb\x09\x1d\xb6Z\xd3k\x98\x8c}Eb\xdb\
\xf2\xa7#>\x8b\xec{\x0f\x93\xfd\xe0Q\xad\xf7\xa3\xce\
\xaf\x17\xfb\x9c\x8eT\x92\xb3\xa4\x9cF\x0f\x1aj\x19r\
Ss\x7fhSa\x0f'l\x1e\x98\x0e\xbf/\xc9\xfd\
U\xef\x07xOr\xc3\x88\x5c\x9e\xd6f\xde\xc63/\
\xae'xqu\xd8o\x8b}\x17_\xc5\xfbQ\xfb\x1f\
j\xd9\xfd7\x9e\x85nP\xf3\x83\xce\xe9;\x13\xc5\x06\
\xa7\xb1\x7f\xc0\x92b\xcc99s\x0f\xb4\xc3\x8ec\xfe\
\xed\x9b\x06\x1f@\x0b\xbd\xf7B\xd5@f\xfa\x07~?\
w\xba\xd7\xa5}\x22xb\x95\xbf\xffb\x9f\xea\x81(\
\x87yX\xfd\xceV\x93\x074\x82\x11\x1eoD\x1f\x01\
9\x03\xf6\xa0\xab\x7f\x9ac0\xc2\xa4u\xd3];\xf2\
\xdf\xcbb>\x1b\x5c\x12\xcc4(F@M\x09\xf8 \
\xccY\x0c\xfb\x83Y[t^\x01s\x0b\xcaG\x80O\
\x80\x0e\x82\xc4u\xf4\x1a\xb0G]\xeb\x8c\x88\xfbb\xfb\
\xcaE\xc2\x9f\xd8\xcf \xd7\xda5\xf0-r\xff]{\
L\xbe\x0f<\xd9\xb2\xbf\xc1\xfe\xd0\xf0\xee4\x0f5\x9a\
\x0b\x82a\xcd\xbd\x13\xf5~\xe4yD\xafJ\xfc\xf0\xed\
\xc8\x15\xe4\xf73\xa2\xbeo\xf5\x84e\xc3\xff1\x8c\xf0\
D\x03\x0es\x03\x8cP_\xdb\xffrN\x9d\xf8\xf1\x8d\
\xee\xf5i\xbd\xeaT\xe7\xfb>\xb3s\x15s\x0d\x98s\
j;Y\xf9\x82\x15\xe2\xaf\x9d\xf9\x87\x9et\xafI\xd9\
\xea\x1f\x18\x93ef}'\x9b^\xc37\x99\x85\x06\x17\
\xa2a\xdf\x03\x17\xbdP\xe8\x81\xe0\xfb\xe9\xbfD|\xc2\
\xea$\xcf\x8a\x9d=\x1c\xe5\xd57@\xa7\x85\x1f\x1dH\
\xc1\xf7&\xe9\x1c\xb4\xe2\x82\xfa\xb9G\xa3;l\xb4\xd9\
\xe3L\x9fa\x8d\xd9\xe5\x8e9h\xdd\xd9\x94\xba\xd7\xec\
r\xdc_\xa2\xf7Gg[\xb6\xff\xadr\xff\xf8l\xcd\
\xbb\xb0\xdb\x07\x1a\xd6\xaa\xfb\xab{~\xe6\x22/{_\
wwD\x9a\xf9\xc1\xcc\x9f\xe4\xa8\xbb\x99\x7f\x22x\x10\
\xbf\xbb\xb4\xef\x05\xef\xe7t\xee=\x86\xeb\xfa\x8f\x87\xe6\
\x9c\xa0\x9d\x84Y\xba\xe1\xcb+\xc5\xaeFK^\xfd\x82\
\xd6j\xfe\xd1\xde\xf4\x19\xbaGC\xa3U\xe33\xde^\
\x07M\xb5\xadY#%6\xc7\x82\xd3\x01\xfe\x8db\xba\
6CO\xc0\x08a\x7f\xd0\x08o\xbf\xe1\xf7\x13\x9e\x03\
yv\xb8\x99\x85\x86\xf6\xf8\xf0\x155\x12s\xc6\xb8R\
\x0b\xde\xaf\xd6\xbd\xd0\xe7+7\x10\xfb\x9ct\xbf\x5c(\
g\xd0\x1e\x03f\x9bP+\x0c\xcd\xfbj\x0f\x01Z\x89\
\xfb\x8c\xfd[\xe7[\xf0~\x047\x99\xfd\xbe;\x0c\xef\
'!\xdb\xec\xde\x85\xde\xc7C}Q\x03\xd8x\x9cn\
g\xc3\xdc_\x9e3\xdf\xa0\x18\x8f\xc4|\xe2\xdf\xbf\x85\
\xd8rl\xa6\xcd\xb2\xcf\xff\xffu\x84\x86\xb3\x86\xc0\xf4\
m\x86\xe8~ \xe5\x08v\x99_\xeb\xef\xbbh\x86\xd8\
T\x1f\x1b\xe21\xdd\xa3sN\xf5\x18Ab3\xdf\xd8\
\x01\xb3<\xd7\xb8R\x0a\x9e\xf4D'\xcc\x91g\xa1T\
\xf5R\x04#(\xce\xc3\xd7\x08\xeb\x7f}\x956{\xc3\
:g\x8b\x06\xbd\x06\xccX@3l@\x0c\x8b\xdd/\
so\xcd\x9ee\xf7\xb8n\xc9f>\x0f< \xccZ\
\xe8\xeeb\xf0R6\xa4\xa9\xc6\x8f\xb1\xff\x12c\xff\xfb\
,\xfb\xff6\xa7\xe3\xa7\xed\xcd\x8c\x18p\x16\xf6@\xa1\
>\x8b\xfc\x0c;j\xae\xf9\x14\xfb]\xdc\x11\xf3\xf9P\
\x8c\x97\xb82\x0e\xbc\x9f\xc3\xcc?\x0f\xe0\xb9\xf8\xa1\xf0\
~\xbe\x0f\x1cf\xfc;\xb4\xd0QG\xc0\x8e\xa0\x811\
y\xde\xe8\xf8)\xae\xac\xfd\xf7+Fx\xb0\x8f\xee\x07\
\xd29'\xe8,\x8aO\xd8+\xbf\xe7Z\xe6\xcb\xdc\x1b\
3\x86\x08\xde\x8b\xf3\x8e\x5c\xc9~h\x86\x81\x8f\xf0\xe4\
\x90\xe3uT\xbf.\x879\xccY\x0c\xcf]a\x0e\xb3\
\xcb|\xc9\x1bb\x0a\xbc\x0b\x12\xe2\xdc\xdbr\xdeJa\
n\xa6<A\xe8\x01\xc3\xfe\xa1\x9d\x8ek\xd9\xff\xb7\xab\
\xfd\x1d8\xa2\xfb=\xb5\xde\x0fM*\xec\xd9F>6\
r%8\x9cW\xa9\x86t$\xdeOH\xeb\xd7\x95\x9c\
\xd7\x01\xf1\xc2\xbd=\xf7\x15\xf0H\xbes\xde\x8f\xd5'\
\xf8\xefa\x84\xf0,\xf4\x1b\xe3\x8c\x1e\xc1\x80%\xd0\xfb\
Y\xea\xde\x94\xf1Y>\xf8\x81\xa8\x05\xb7\x9bjt\x16\
{I\xee xa\xae\xbc\xbdF\x10\x80+\xeb\xc0\x87\
\x9eU;\x93\x5c\xa3Wy<\x1dg\xb3\xe7\x9d\x09\xec\
{z\xe8\xb1:\xc2\x89|\xc5\xaf\xdaO\x12\xe6G\xc8\
\xc5\x9ei\xa3\xe3\x98In\xec_\x83\xf678\x84\x05\
\x87-\xfb\xff\x16\x07Z\x9f\x98\xd5\x00\xa7\x131\xfc(\
r\xffY\x86\xf3\x8f\xdf\xb1gY\xf2?U\xf3\xa6\xf5\
\xc0\x88Z\xbf\xf0\xd3\x82\x0f/\x95\xfc\x12\x5c\xd0\xcd\x86\
\x0f\xf8C\xca\xfd\x87\x86\xee\xf7\x14#\x84g\x8f\x11\x93\
\xa1\xb9\xda-\x0az\x04\xbb\x04+\x8ew\xe6\x16\xfdm\
\x0f\xf3\xf9\xf8\xddc\x07 \xfa|\x817\xc7S\xe0\xa5\
Q\xb4]\xb0{qqI\x8b\x8a\xcd\xa9\xf1u\xa3W\
\xa4\xba\xba\xcee\xcf\x07\x92\xf7\xbf<\xca\xd4\x11\xc2}\
\x8cG\xbf\x82\xc3\xdc\xd2\xe4-\xde\xf9[\x0bT{\x1a\
3\xbf\x92\x9f\xba\xf6\x1c2\xb3\x06\xf9f'\x88u\x9a\
vF\x8f\x1c\xa5\xf3\xd3\xaa9\x0d\xbd\xfa\xa4<\x9d\xf9\
\xf1\x0f\x8a\xd1\x1a\xb1\xfc\xf7\xfcSj\xfd\xf6\x5c \x1e\
\xe3&\x83\x11\x07\xc6\x94\x1b\xde\xcf`\xcb\xfe\xbf\xaf\x1c\
f\x9d=\x1ed\xea\x08\xaf\x8f5\xfd\xff^\x0bj\x04\
;.\xf2\xacIyYs\x86s^ \xff{\x13\xc9\
\x83\xb9\xc7\x0e\xb3\xc8\xdb~&1]C\x8b0\xdf\xb7\
+\xafS\xed\xf0\xa5\x13\xec}\x16\xd8}\xd0a\x86\xf6\
8\xf4\xe4\xc2\xb6~\x9c\xa6\xda \xa3\xbb.\xbe\xc7\x95\
]\x94\xec\xef\xb3\xd0\xd8?v\x0a\x95W)O\x15\xb5\
@\xecU\xb3N\xd3NuY\x85\xf2\xabu\x07\x05\xea\
+\xa1}_\xc0\xfe\x98\x17\xf5w\x8f\xca\x8f\xcc\xfb1\
u_\x7f\xbfEk1\xe7\xaa\xb8\x10zO-\xfb[\
\xb9\xff\xf7\x9d\xc3|\x9c~R\xc3\xb9\xa2\xd1\xca-\x02\
\x17Tl3\xde\x1b\x934\xc8\xe1r^\xa8ZP\xef\
L \xefg3t\x9f\x93\xa7\xd3\x1c\xe2\x9b:\x12?\
\xd0\x9b\xea\xfc\xde\xbf\xcbs\xd7\xcb7u\xc3~\x7f\xe7\
y\x81\xfa}N\xe1Y\xe8{{*\xbf\xc1\xeer>\
\xa7{\x9a\xc1\x19\xdc\x91\xaf\x9c@\xc4\x1cp\x86\xac\xfa\
\x7f\xd3\x8fM\xec\xdf\x8e]*\xcb\x92\x88\xdb\xcfV\xfd\
x\xcc\xfbc\xcf\x0f4\x16\xa0\x8f\x17\xb1\x9e\xa7\xb3\xa5\
\xc3\xd8\xbd!}\x8e\xea\x82V\xd8n@\x0d\xc9\xaa\xfd\
\xfd\xc09\xcc\xe1\xdc\x1d\x18\x01\xb3\xc7o\x8dW\x0d\xa4\
@\xb7\xa8}\xbei\x1b\x17\xca\xf3\xd2\xb2\x80\xf9\x02\x7f\
\x8b\xbe\xe4\x7fa\x04yzF\x93\xb7\xc3l\xdd\xfd\x87\
\x1dO5\xcc\x97\xb9v\xef\xef)\xf9\xe8R\xff\xc0%\
U\xa8I\xfa\xc6\xc6\xb2\xbc\xfd\x1f\xba\xd3\x00z_\xbb\
\xf6h\xcfR\xe7\x0b7e(\x07\xc8:M;5\xa5\
\x15T\xbb\xe7 9\xb6d\xea^k\xccT\xba\xa7m\
 _\xb7(*[\xb1\x9d\x22\xea\xf7\x86\xb8\xa3\xe8\x09\
;l\xb57\xa2N\xe0\xde\x98>\xcf\xf0\xcc-\xde\x8f\
\xe5\x13\x1a\x99\x85\xc6\x0eXh\xa5\xbc?\x99\xbd\xdd\xe7\
su\x9f\xf9\x9b\x1d\x0b\x13:\xef\xf5\xd8.\xd7\xbc\xe1\
\xd9\x11\xe4\xed2\x97<\xb8\xe2\x17\xf8\xbaO)\x97\xf9\
lGM\xed\x9b\x01\xc9E=\xebR\xcd\xee\x02\xc9\xfb\
\xeb\xb5\xff%vav\xd0:M;\xb5\x87\x8eR]\
\xc1a\xb2\xa7\xec!\x9b\xc3\xae3\x95\xce\xe5\x82\x05\xae\
lG\xf6\x0d\xa9s\x22ry\xc2{\xbe\xbe\x98\xc5\xab\
\xc0\xf7\xef<\x8f|\x03b\xd65\xba\xe7\xcb\xaa\x05X\
9CC\x7f\x10\xc2\x09~\xf93\xf0\xd2H\xf6\xbc0\
\x9c=\xedg\xb0\xb3\xc3\xcc\x1c\xfb\xe45\xb3\x0eO^\
q}*\xf3\x15\x12{\xb4v\xe0\x01'\x05{\xd10\
S\x0c\x9d/\xe8\x0e\x02\xb3\xa2\x07\xb0{?\xfd\xe2\xe7\
?\xb7\x0c\xb9\x09\xe7\x82\x0b. {\xde\x01\xb2g\xed\
'\x87\xbc\x9ev\xf1\x03\xd0Tq\xae\xdcav\xedN\
Y\x1b\xda\x0f\x1fa\xe6O~\x97\x82\xfb\xb3\x8d\xd6\xef\
_\x8d\xd6o\xcb\x1f:\xef\xe7\x7f\xc8\xfe\xdb\x9c\x06\xf8\
\xe0D\xedc\xc1\x99A\xec\x8fzn8;\xdbN\x10\
\x9f03\xe0\x99\xb8v\x97\xef\x9e\xee\xe4\x9a\x10K\xce\
\xf9q\xe4\xdc\x94N\x15\x1d\xa6\x92}]\x8a<\xb3\x12\
\xff\xf3\x0fY3\x7fM\xed\xfb\x17\x96\x98}\xd5\xd8\xa5\
&y\x95\xeeY\x06\xcfZ|m\x19\xf4&\xfa/2\
\xfa\x8b\x91j\xff\xcf\x8d\x80\xfd\xbf\x83\xfeo%\xf3\xef\
~Pz?_\xe9\x03\xac\xb8\xff\xad\xf9\x08!\xfd\x7f\
\xcf\xc7Sy\x1b\xf3O\xedS\xd6R\xdd\x9cMT\x1b\
\x15gv\x07\xaf\xddA\xb6\xf5\xbb\xc8y\xe0\xa8e\xc8\
M\x9d\xf9\xc9\xd8gvE\xcc\x89\xd3z\xbf\xea1\xcc\
\xd9\xa2\xbc\xeb:\xe6\x7f\xa9\x96\xfd\x89\xf5\xfc'\x0c\xef\
/\xf0\xfaXv$\xe7\x5c\xef\xef6\x1f|\xccn\xba\
\xe7\xab\xd5\x00+\xf7\xb7\xeew\xe3\x0fZ\x9b=B\xf6\
q\xab\xf8\xf7\xccg\xd5,I \xdb\xead\xdd\x19^\
\x99\x9cm\xee\x8e\x1c\xfa\xcd\xf9\x16\xf6o\xf2\xccOB\
\xb6\xce\x5c\x81\xbfQ\x0e\xdeOt\xbc\xee\x93\x81^\xb4\
g\xd5\xceV\xaa\xdf\xddzPD\xfb\xf7\xbe\x8e\x19\xf2\
a\xe4\xffx\x1a\xb8B#\x1a\xf2\x81\xadk\xddom\
\xff\xa8\x13<\xdc\x97+\xd7\xee\xe4K\xc5\xfemq\x19\
T\x9d\x9cCU9\xfb\xa8*w?U\xee)\xa2\xca\
\xbd\x07\xa9\xd9\x99gZ\x86\xdc\x84s\x86\xfcO5>\
go!\xcc\xedA\x9fYu\x9c\x06/%\xad\xbbL\
\xdf\xb8\xb4\xd1\xda\x1f\xec\xff\x8d\xb1\xeb\x02\xd8\x19{\xfd\
\xe7\xe4\x1b\xb1\xc2[\xcf\xe1\xb2\x9e_\xeb~\x175C\
\xe0\xff\x17F\xb2}\x7f\x89\xeaJ\xd5\xa5\xec\xa1\x9a\xdc\
\x22\xaa.-'[Q\x09\xd9\x0e\x1f%\xdb\x912\xcb\
\x90\x9bx~t\xd6\xd9\xaa\xbb\xa2{\x95\xc5\xee\xe1\x07\
4\xf6\xf7Z\xa8Z\xdf\xfe.\xf3\xf65\xa6\xf7\x13|\
f\x18\xbb\xbe\x9c5\xc6\xd3=\x8a\x0a\xd1\x97\xed>\xff\
\xd8~+\xeb\xf9\xb5\xeeW\xf5\x02\xc2\xf7T\xef'\xb9\
\x7f\xe0\xb3\x19l\x97\xa7J\xf5\x7fv\xe4Q\xdd\xde\xc3\
T\x1d\xf4R\xdd\x81#T\x8b\xbeuE\x95e\xc8M\
\xad\xfd\xe5\x1e4Z?\xd0`\xc1\xdei\xccZ\x0f[\
nv:\x82\xcb\x87]\x1e\x91f\xfe\xc0\xfb{~$\
{\xe7\xc6\xdd\xed\xeb\x19\x8d\xde\xeb\x8b\xc1\x0f\xa7\xf2\x0f\
\x8f\xf7\xfb=\xbf\xe0}|\x17\xfaLO\x84\x9e\x19\xd4\
\x86Z\xf4e~\x04;\x81\xe5\xb6\xec'1c\x80\xf9\
\xb7H\x9ar\x0f\xf6\xd1\x1d\xa2G\x98/\xd0}\x03q\
\xbb\xc9\x91\x7f\x90\xae\x154\xe0D\xbf\xfaH\x05\xd9\xab\
k,Cnj\xedo[.\xf9\xa0\xef\xd1n\x9a\xd1\
\xfa\xc5\xbc?f~$\xa6;\xf7\x97\x5c\xa5;\x98Z\
E\xd0\xfb\x11L\x80y\xed\x22\xc9\xc90/\xe4\xde\x94\
\x11\xa7\xdat\x91v\x82Z\xf7\xf4\xbd\xdf\x956\xdbc\
\xc8\xe3\xb1\xeb\xb3\xbb\xb1y\xd8;\xfel\xde\x83\xf9\x9e\
.\xcc\xf7v5\xff\x1e\xc6\x9a\xe1\xda\x1ff\xfefm\
.\xc3>v\xcf\xc2\x04\xc3\xf3\xcb.R\x0d\x10h\xd3\
\xea\xae\x1f[\xade\xc8M8g\x9eq\x86\xea}@\
o\x0d\xdc\x1d\xc7\xd1\x8a\x90\xd6\xf7b\x9d\xed\xf4,\xdf\
1Am:R\xee\x0f\xce\xc6\x07S<|\xdd\xe7\xc4\
?{\x05\xbb\x1e\x1c\x0d\xf7\xe3Y\xd7\xba\xc7\xc5q\xb1\
\xed\xea\x97\xc6\xf2\xe7\xd1\xf9|w\xb2\x93oM\xf3\xf1\
\xbdI\x0e~v])\x0f\x9a\x9a\xc2;?\x8b\x16[\
\xefo\xfc@\xcb\xbe\xc6?\x00w\x0a\xfep\xed\xc8\xcf\
\x87\x06\x09t\x00\xc1\xfbs\x94\x94\xab\x9e\xb8r\x7fr\
\x8a\xc8YSg\x19s\x13\xceO\x7f|\xae\xd1\xfa\x98\
\x1f\xaf\xba\x8b\x9eE\x89:\xef\xaf:\x91\xefN\x84\xfe\
\xcb\xc2\x883\x7f\xa1\xbc\xcd\xdfin\x228\xbfK\xc1\
\xfd\xeb\xb7\xd8\xecg\xb4\xb0\xbfu#\xc5~\xb1\xebI\
#\x13\xf8\xdc2\xe6K\xf73_\xb9\x97\xf9Or/\
\xdf\xc7|\xe1!\xe6\x8b\x0fJJ\x90X\xc3\x1b\xba.\
3\x98\x009\xc2\xc3}\x11c\xd8QZ\xf1\x01t\x00\
5\xe6'\xe5\xea\xcc\x0ff\xd3\xb1k\x18;B\xee\xbb\
\xf7^\xcb\x98\x9bp\xb0'Mk~\xd0\xf8\x81\xd6/\
\xe6\xfdG\xac\xd0:\x00\xd3E\xd0hm$\xf77{\
\xbe\xc4\xf6\xdb`\xafl\x1d\xf3\xdd\xaa\x0d\xf2UZ\xdf\
\xd6\xfda\xd6\xfaBq\xfd\xc3\xc5\x85|\x91$\x8c7\
e\x04\xf9\xd6t\x9fb\x80[\xd2\xfd|\xd3\xee\x00_\
\x9b\xcb|\x91\xf8\x81\xdf\x153/\xef\x1d\xcb|\x7f\x0f\
\xdd\x03\x0e\x8d1\x1b\xf3?\xd0\x93\xf6\xac\xda\xa9{\x80\
\xa0O\xa83?\xd8\x01t\xe0(5k\xd6\xcc2\xe6\
\xa6\xd4\xfe\xa0\xf7\x11\xd2\xf8\xd0^\xdf\xbc\xad\xaa\xf3\x0f\
-\xc8r\xe6_\xe8\xce\x88H{\xbb\x91\xfb\xbf>\x8e\
\xdd\x1b\xd3\xff\x09\xac\xe0J+\x98\x8a\x1e\xcd\x0fv\xcf\
\x97u\x1b\xaf\x1b\xc0\xfe\x1f1u\xbe\xe6\x89u\xfc\xe7\
=\xcc\xb7\x88\xdd\xff+\xd5kn\x9a\x97\xff)\x17\xfe\
\xe0\xfa\x1c\xe6\x9f\xcb\x83\x87|\x80\xef\xee\xc2\xfc`o\
\xf6MY/\xd1\xfef\xc5\xa9\xeeu\xa9:\xf3\xa7{\
F\xa1\xfd\x91\x9c\xa7\xb9\x80u\x9aX\xfbK-P\xad\
O\xd8?\xf6\xb3!\xa7\x0a\xdb\xbf{s\xe6\x07\x91\xf5\
~\x8e\xd5\xfe\xa0\xc3\xcewv\x83\xdeO\x91\xd6jN\
|_\xeb\xfep/\xf6\x08\xe0\x22\x8f\x7f\xa0\x07W\xbe\
<\x8e\xaf\x96\x18\x7fM6\x8b\xbd\x1fo\xff\xea\x03\xc4\
\xfe\xff!\xf6\x7f\xb1`\x80\x84/%\x97\xbc\xb3\x93\xc6\
\x13\xf7\xfa\xb4R\xec\x1eD\xec\xc7\xac\x1fb\x96+\xa4\
\xfd\xed\xca*\xa2w\xdf|\xcb2\xe4\xa6\xf2\xfe\xb0g\
yi\xb2\xeeer\xcak\x09\x8du\xe4\xff\xf2\xba\xe3\
mK\xea5\x9d#\xf0~\x02_\xce9\xac\xda\xf1\xf4\
8|\x86\xd1}\xb5\xf6|\xfd\x80\xe3\xfd\xa9s\xffM\
]\x96\xf1\xc5\x92\xf7\xff#S\xec?l\xfb'\xd8\xff\
5\xf9\xcc\x10\x12\xabzi,\xf3]\x9d\x99_\x1f\xcb\
\xae\xdc\x03\x93\xb1?Lk\x7f\x899dw9\xcd\x9e\
\xc0\xec\x22\x9d[9\xfb\xec\xb3-CnJ\xed_r\
\xa6\xfa\x9d\x8c\xd8\xaf\xb4d\xbb\xd1\xfbA\xdf\xff\xee\x1e\
\xd8\xff\xe1l4\xf7\x97?\x03\x1fM\xeb\x88\xdc\xbf\x8a\
\xf9Z\xd5\x06\xb1r\x7f\x0b\xefGz;\xfa\xfd\xf7w\
\xe5\x913\xd2\xf8\xb2\x03\xc8\xfd\x03\xc7l\xbf\x81\xfd\xdf\
\x9a\xe1\xe3?\xefcn\x9eTg\xfa\x80ww\xe5\xe0\
g3\x18\xb5%\xef\xec\xcd&\xdfO\xcc\xa6d\xc1\xa9\
\xd0\xa8\x02v\xb5\xf4>\xbeE\xed\xaf\xbc\xcap~\x04\
\xefC\xeb\x1d{\x15\xc0\xfb\x03\xef\xf7\x02\xe63\xa0\xf9\
\xda\x98\xd67v\xcbx\x96l{\x17;\x82\x9c\xfb\x8f\
|\xa4\xb9@\x0bK\xef\xcb\xba\x11j\x7f\xa1\x1e\xffK\
+\xf6\xf3\x1f\xc4\xbeoN\xf7G\xb4\xff\x9b3\xfd|\
\xe9A\xe6O\x17\x09\x00\xb8K\xb0\xff=\xddY\x9eO\
\x96t\xe0W\x9eeIf\xef\x8f\xe4\xfc\xee\xcd\x19F\
\xf7\xd7\xd2\xfbhz\xec?\xf3Lr\xed\xdeG\xaa\xd7\
\xd7\xbc7\x15\x85s\xff\x91+u\xe6\xc7\x95St\xbb\
\xeawG\xe4\xfd\x88\xfd\x83\x13$\x9f'\xf8\xd6x\xd4\
b\x92\x8d\x9f\xb7\xf4~\xac\x1b\xc1\xfe\x11\xcb[\xf5\xe3\
[\x13\xab\xf9\xafb\xda\xb7F\xca\xfd\xe5\xde\x98\x15\xe4\
\x0b\x0f3\xcf\x19\xb2\x89\xf9\x8e/\xe5\xe3\xfa\xb0wA\
\x82\x8b\xe92\x93\xfbo\xc9T}Z\xd5\xfa\xc8\xdaO\
\x92\x17P\xdc\xa6-\x9617\xe1\x5c{\xcd5\xda;\
E\xcc\xe7\x1b\xdak\x1e\xa5\xb9\xff\xd0\xe5\xba\x1b\xce\x13\
\x934+<\xdf\x17\x91\xf7\xf3\xf1t\x07\xdf\xdeEw\
|\xfb\xc6\xad\xa9\xd2y\x7f\x8b\xf7c\xdd\x93x?\xf2\
L\xdc\xdf\x9ds\xdf\x9c\xc8\x7f\xcca\xbe.\xe7\x84\xda\
_\xe8\xe2m\x7f\xcfe\xbeB\x02Q\xee\xfb\x92K\xde\
\xd1Q5%];\xf2\x93\xc0E\xc3N\x1a\xe4\xfc\xce\
\x83G5\x07p\x8a\xedC\xeb\xf3Lk\xe6\xafI\xc7\
VQE\xae\x8d\xe9\xe4\xc6N\xe5\xf9[\xc9-\xfe\x15\
\xfc\x1f\xdf\xa0\x18\x0a\xbc?\x19\xb3?\xdb\xeau\xd8O\
\xb4\x7f\xe4\xfe\x9f\xcdX\x82y\xffB\xc1f\xaa\xfb\xfd\
p?\x8b\xf7c\xdd\xc8\xb5\xbf{\xba\xf0\x8a\xfek\xf9\
R\xb1\xed\x1bv\x9fP\xfb\x0b]`\x82\xab\x80\x0d$\
\x07\x08\x22\xee\xa0\xf6\xd7v2;jj\x9f\x09\xf3~\
\xa0\xf5\x8d\xdd\xbf\xd8M\xa3\xbc\x9f\x83\x96\xdeG\x93\xed\
\xbf\xbc\x92\x1cq\x82\xa7\x16'\x92\xbf\xd3\x1cr\xae\x95\
\xdcj\xe6&\xf2\x8c\x8fm\xa0\xdf\xddH\xed\xef\xa9\xa1\
\xd8\x05\xd3\x0a\xf3\x01\xf2\xfbx\xc8\xe2\xfdX\xb7\xd1\xdb\
\xaa\xbf\xda\x7f\x8f\xe8<\xfeC\x91\xa9\xfd\xd5\xdb\x7f\x8a\
\xa7\xde\xfe\xc1\x01\xfa\xa3\x04\x93\x97\xb6\x9417\xef)\
\xf6\xdf\x95\x03\xfd\x17C\xeb\xf7N\xad\xfb\xa3\xde\x97\x9c\
\xa7\xb6\xafu\x00\xc9\x05,\xfbo\xfa\xa9>ZF5\
\xbb\x0b\xc9\xbe2\x19\xba\xaaT\x07\xad\xbf\xf9q\xe4\x1e\
\xad{\xben\xf1\xbf;\xf1d.O8\xf7\x7f}\x1c\
{\xe2w_\xec\xef\x1a\x05\xad\x80\xb9\xfc\xec\x08\x8b\xf7\
ci\x8aE\xce\xfd\xc1\xfb\x91<\xfe\x89\xad\xd5|M\
\x01\xf3\xbf2\x0c\xf6\xbf\xed\x84\xf8\xff\x7f\xe2\x17\xc0\x0b\
\x1c8#\x95\xf9\xdf\x12\xfb\x1f\xe8\xc5\xbe\x99\x9bx\x13\
\xf39\xb0}\xe5\xfa \xe7G\xdf?\xb5@k\x00\xd8\
\xf9m\x9d&\xda\x7fQ1\xd9r\xf7SM\xc2n*\
\x0f\xba\xf5O\xfb\xa2\x04ru\x9cM\xb6\xed\xd93\xfd\
O\x0f=Y\xbf;T\x0f\x08\xbe?\x99\xf9\xa7/\xeb\
\xcehOTB\xa9\xd1q\xb5r\x7fKW8\x82\xfd\
7\xef\xc1\xb5/\x8c\xe6\xeb\xb2X\xf3\xfb;\xd3\x8d\xfd\
\xdf\xd1\xc0\x07\x00\x0f\xfcC\xf2\x82K\x0e2\xaf\xeb\xb1\
\x8c\xf9\xb6/\xf5\xd9so\xcb\xf1\xf2\x05o\x80\x87f\
z}\xc5ef\xd7g\xfe!\xdd\xf3u\xf6YgY\
\x86\xdc\x84s\xee\x8f\x7fL\xb6\x8c\x02\xb2\xa5\xe4Sm\
|&U\x8b\x1f\xa8]\x97BuK\x12\x09\xb5V[\
\xf4\x16\xd3\xcb;\xa9\xf6g\xec\xdf\xfd\xd1\xd4\xfc@\x87\
9\x9a'(\xef\xc7\x9a\xf9\xb1nc\xb5\xbf{\xbbr\
R\xfb\x85|\xe9>\xe6\xeb\x95\xf7\xe3;)\xff\xbfU\
\xdevm\x0e\xf3U{\x99\x8b\xb1\xef\xe7\xf6N\x1c|\
e\x14\xdb\xf7\x17/\xf3\x0cZB\xce\xf8,\x9d\xf7u\
\xf8<\xe4L\xddk\xf6|\x8b/\xb0\xb4~\x9bv^\
n\xf9\x04\xd9\xd7\xa7\x92}\xcd.r,K\x22\xfb\xa6\
trH\xecwN]O|\xee\xcbd\xef\x13\xdd\x88\
\xd6\xf7\x10\xd5d\xae}g\xec\xbb\xde\xces\xb1\x9f\xe5\
j\xad\x13X\xb9\xbfu#]hz\xdc\xdd\x99\xc7\x8f\
\xde\xc6\x17\x9f\x98\xfb\x87z\x7f\xffN7\xb5\xff+\xf7\
\x08THu\x9a|\xe1\xf6\xce\xec\xef8\x87+\xd9\xd7\
\xcd!\xf9)\xf6\xd0\xd8s\x0fh\xed\xcf\x91\x9cK\x0e\
\x89\xfd\x8e2K\xef\xa7\xc9\x9c\xdfm9\xe4\x9e\x17G\
\x9eY\xa8\xf7\xad!7\xe6\x7f\xa7m \xef\xd8X\xe4\
\xfeW`\xefZc\xbc\x1f\xdf\x8b#\xb9r\xc6\xda\xc7\
\xdd\xbd\x17\x90\xa3\xe8\xe8\x17\xd8\xfbci}[7\xf2\
\xcc\x9f\xc4\x85\xfb\xba\xf1{1\xfb\xf9\xb2B\xe6\x9b\xd3\
N\xe6\xfd\xdc\x01\xfb\xcf\xf4\xf3e\xfb\x99\xdb\xad,2\
3?wwg\xcf\xe4u|\x98\xf95\xc4\xa6\xda\x1d\
yT\x93\x7f@kSu\x82Y\xeb\xf2\x0e\x90\xa3\xca\
f\x19rS\xed_\xf2)\xf0|\xc1\xf3\xe1\xdf\xbee\
\xf4~\x86\xaf _\xff%\xe0T?\xa3\xbc\x9f\x93j\
\x7f!\xce\xbf\xd8?\xd3\xdd\xba\xaf\xb1bURE\xe0\
\xc9\xc1\x16\xef\xc7\xba\x8d\xf3~\x04\x03\xfc;\xd9\xc5W\
\xe67\xce\xfb\xb9)+\xa0s\xbf\x13G'\x18\xde\xcf\
C}\xd8\xb3&E\xf9e\xd8AS\x97\xb6\x97l\x85\
\x87\xc9)\xb9?l\x1f;\xaa\x1c\xd5\x96\xdeO\x93\xed\
\x7fc:y\xa2\xe3\xc9\xdf#Zk)\xd0\xfbS\xbd\
\x9f\xb6\x93\xc5\x07,\xfe0\xa2~wh\x1fC\xe0\xf3\
\x995\xbe\x17F\x10\xdf\xde\x8d\xaaG-3\xd8\xdf\xe2\
\xfdX7R\xee\xff@w.~c2\xffEl\xff\
\xdaFg\xfe\xbc:\xf3\x0b\xdeo\xea'\xf3M\xed\x0f\
\xbc\x9f\xf4\xc2,\xff\x07\x93u\x1f\x8d#s\x1f\xd5\x1e\
-'g\xdeA\xb2\x1f8Jv\xc9\xfd\x9b?\xd0\xdc\
2\xe4&\x9c\x1f\x9d\xf3#r\xafI1\xfb=b\x92\
\xcc\xfc\xcf\x04\xc1\x02\xfd\x16\x13?;\x9c\xfc\x03\x96\x14\
4\xa6\xf5\x8b\xf9\xae@\xbb\xa9#}\xdd\xa3\xb0\x0f\xf8\
rO\xd7\xf9\x16\xef\xc7\xea\xfb\x9d\x82\xf7\xd3\x99c\xbb\
\xaf\xd4\x99\xbf\x1b2\x83\x1a\xebO\x9a\xf9I\xf7\xe9\xbc\
\x1f|\x80\xfd9\xc1\x96wtb~\x7f2;\xdc\xce\
/\xb0\xe3\x1b\xf3\xa9N\xd8?\x07\xb4\x07\xe0\x80\xfd\x97\
W[\xb5\xbf\xa6\xce\xfc\x94U\x91'*\x9e\xbc\xf3\xe3\
\x05\x03$(\x9f\x02\x9c\x7f\xe0\x7f\xe5\xfd|4\xad\xd1\
\xdc\x1f{\xbe\xbc\xd37v\xf5\xf5YH\x8e\x80\xff\xc9\
 v\x02\xb5\xb0j\x7f?\x88\xbe\xdf7\xd5\x00\xc5\xcc\
\x9f\xd8\x7f\x9f\xe9\xe9j\xff\xff\x97\x1ey\xe6\xef\x96\x0c\
\x1f\xffi\x1fs\xcb\x04\x1bs\xf3^\xccwu\xe1\xc0\
\xa0\x18\xaeb\xbe\xca\xb3,\xd9\xec\xf9\x14\xdc\xcf\xf4\x18\
\xb9\xb1\x9b\x0e}\x80*K\xeb\xb7\xa9\x07Z\xdfj\xf3\
\xe0\xf9\x02\xef\xe3\xbf\x07\xc6`\xd6\x17\x9ajW\x04\xdf\
\x99\x18\x99\xcb\x03\xde\xcf\xcb\xa3\xd9\xees\x9e\x1f\xf8l\
&4\x98\xd6\xe8\x8eo\x8b\xf7\xf3\x03\xd1\xf2\x18\xfa\xcd\
r\x7fh\xf7=\xd4\x8b\x9f^_\xc6\x7f(\x80\xde\x8f\
\xff$\xdb\x0f\xcf\xfc]\x22\xb9\x7f\xa7\xf9\x02\x00\xee\xec\
hx?\xd36h\xee\xaf\x9c\xdf\xcd\x19\xf5;\xbeU\
\xeb3\xbd\xd0\xd2\xfam\xe2\x01f\xc2k\x889\x7f\xcc\
\xf8\xab\x86\x22\xb4~\xfb.B\xdc\xc7,\xd0\xb3\xea\xe7\
#\xf5\xfd\xa1\xf7\xf3\xde\xa4 _\xd6V\xb5\xd7\xbc\xd3\
7\xed\xb5x?\x96\xe6w\xa3\xf6\xff`O\xf6==\
\x5c\xed\xfe\xaa\xdcS\xcc\xfce\x07\xf9\xa2\xc3\xcc\x8b\xfb\
\xad\x95\xdc\xbf\x83\xd6\x0d<\x9b3\xf6\x04>\x9d!\xcf\
\xe96\x8d\xf9\xe8\xf7C\xf3\xdb\x95^@\xce\x9c\x03t\
\xdb\xbf\xfee\x19s\x13\xce/\x7f\xfe\x0bro\xcc \
wl\x8a\xee\xfaD\x1d\x00\xba\x1fZ\xfb{\x7f\x0a\xe6\
\xfec\xea\xf7\xaeF\xaa\xfd}4m;\xb4~\x89\xf9\
\x0cy_\xd5f\xb5r\x7f\xebF\xac\xfd\xdd\xd7\x95\xb3\
?\x9c\xa3\xb1\xff\xefY\x8d\xeb}]\x97\xc7\xfcG\xc1\
\xff\x05\xefNg\xbe]\xe2\xff\x1b\xe3\xd8\xb5\xf7p[\
\xe5\xf9c\xe6/![\xfb\xfe\xd0\xa8\x01\xff\xdf\x99\x7f\
\x90\xce\xb2x\x7fM:;c7\xe9\x9e/\xcd\xffg\
m\xae\xaf\xfd\xa9\xde\x17\x9dG\xfe.\xf3}\x8dk\xfd\
\x0ea\xdf\x98U\x13\xe5}\xc0\xfb\xb9Yy?\x0f[\
\xb9\xbfu\x1b\xa9\xfd\xdd\xdd\x99\xe7\x0d\xda\xa4\xbc\x9f\x1b\
3\x82\x11\xf5\xbe\xa0\xf7\xf3W\xf1\x0f\xe8\x01h\xcd\xf9\
\x8e\xce\x1c\xec\x16\x05\xbd\x9f\x17\xf0l\xa2F\x0d\xae\x0a\
v\xd0i- \xa4\xfdg\x9d\xa6\x1d\xccL`\x96R\
\xf5\xfd;\xcf\xd3\xb9_\xe8\xff\xf8\xfb/\xa1\x1d\xccg\
\x07\x1b\xdb\xf3\xf5\x98\xc9\xfd\xbd\xd36\xdc\xec\xef\xb5@\
~\x07\xc5#\x82\xe0iZ\xbc\x1f\xebF\xda\xf1\xf5\xa8\
\x99\xf9\xfb,z\x8f\xf2~\x1b\xd3\xfb\xb9Er\x7f\xcc\
\xfb\xbf\xb2\xa6\x98\xf9\xdenr\xbb\xb3\x7f\xf4*\x93\xfb\
K\x8e\xea^\x9f\xa6Z\xbf\x1e\xc1\xab\xc8\x030\xff\x8b\
\x99\x7f\xeb4\xd1\xfe\xc5\x97B\xef\xc3?`\x89\xd9\xf3\
\x85=\x9f\xc3\x96\x93\xdatv\xd1[\xd0\xf4\x8a8\xf3\
\x83\xda\xdf\xabcT\x83\x19\xfb\xc1\xbd\xd1\x09\xb1a\x0d\
p\xeb\x99\xb7n\xc4\x99\xbf\x96\xfd\xf8\xa1\x84\xda\x93\xb5\
\xbe\x1b\xd8\xff\xff\xed6\xbc\x1f\xd5\xfa\xbe\xfdK\xf9\xb8\
\xbe\xec]\x9e\x5c\xcd\x97\xbe\x17\xaa\xfde\xaa\xc6\x0f\xf6\
\xfd\xc0\x0f\xa0\xf6\xf7\xfc\x93OY\x86\xdcT\xde\x0f\xb4\
~c\x92\x8c\xd6\xef\xc1R\xc3\xfb\x1b\xbcT\xf7\xfe\xf9\
\x07\xc6t\x8b\x5c\xfb\x0b\xf1\xfe>\x9f\xe9\x86\xed3\xdd\
E\xbe\x09k-\xde\x8fu\x1b\xdf\xf3\xd5\xbc\x07W\xbd\
1\x91\xff\x91\xcf|MN#\xb9\xbf\xdc\x1b\xb2\x8d\xd6\
\xf7\x96N1\xa6\xf6\xf7\xe2Hv\xef\xc8\x1b\x0fL\xaa\
\xf1\x1f\xdc\x9f\xea\x1a\xe3\x07\xd2\x0b\xc8\x95w\x90\xce;\
\xf7\x5c\xcb\x90\x9bx\x94\xf3\xb34Ik)\x9e\xb0\xde\
\x8f\xc4\x7f\xfeg'\xf4\x03\x8f6\x9a\xfb\xcb\xf5\xf7\x5c\
\xb0(\xf0\xf9,:\xca|\x89\xbf\xb3\xc5\xfb\xb1nc\
\xb9\xff \xc5\xfe\xeb:,\xe0\x0b\x0f\x18\xbd\x9f\x7f\x89\
\xfd\xdf\xd6\x88\xd6\xf7_\xf72\x97\xbf<\xce\xd4\xfe>\
\x9a\xc6v\xaf\xbb\xa7\xd6\xa6\xa0\xf5+x\xb5\x1a\xba\x94\
\xd0\xff@\xed\xaf\xa0\xd82\xe2&\x9es\x9a\x9de\xea\
~\xd0\xfa\x96\x1c\x00;\xbf\x80\x03\xeay?\xed\xa66\
\xce\xfbya$\xcb\xfb\xbe\x05\x8e\xa0\xbd\xd6\xfef\x10\
\xda \x96\xd6\xafu#\xce\xfcIN\xf8\xef\x8e<b\
l\x22_t\x90U\xd7#\xac\xf7\xa17\xdd\xc4~\xf0\
~\xfe\x5c\xc8|_\xb2]\xf5A\xc2\xbc\x9f\x12\xe6\xdf\
j\xec\x87\xdeOR\x9e\xce\xa9\xa0\x0e\x10\xde\xf3e\x9d\
\xa6\x9d\xb7\xffv\x97\xd1\xf6\xc6\x1d\xbbZ\xf7}\xc3\x9e\
\xd1\xfbs\xd4\xd6\xdd\x1f|\xb7\x11\xde\x0fj\x7f/\x8e\
\xe2$\xe63\x83oO\x94\xdfCN\xa2\xee\x83\x7f\xd4\
\xaa\xfdY\xb7\x11\xad\xef\xfb\xba\xf2\xeb\xcb\xf6\xf1\x15'\
\xd4\xfe`\xffw\x8a\xed\xdf.>\xe0\x96\xddF\xeb\xfb\
\xa3\xc5\x05f\xcf\x8f\xd1\xfb\xf1\xd5\xf3~6\xa6\x9b\x9c\
\x1f:\xdf){L\xef\xffh\xa5e\xc8M\xc5\xfe\xaf\
\x8f!\x7f\x87\xd9\xe4\xef8\x97\x02=\x17\x90\xff\x83)\
\xba\xdf\x1b\x1c\xc0@\x8f\xe8\xdb\xf8\xf9\x91\x8d\xea}\x04\
\xde\x9f\xec\xe7\x07\xfb\x10?3\x9c\xbc37W[Z\
\xbf\xd6m\xd4\xfe\x1f\xea\xcd\xfc\xf4\x10\xbe/\xd5\xcd\x7f\
\x89P\xfbC\x1f\xf0.\xc4\xff\xac\x00_z\x98y\xf6\
\x90\xcd\x92 H\xee\xff\xe4`\xf6l\xc9L\x05\x17M\
\xf7\xfc\x81\xf7#x_\xfd@\xe6>\xed\xfb[;>\
\x9bL\xfc#\xcf\x1bc\xc9\xf7\xfaX\x0a\xbc6\x96<\
/\x8c\xa0\xc0\xcb\xa3(\xf0\xd2(\x0a>7\x82\xbcO\
\x0e\xbe\xaf\xde\xdeO\xfc}\xca\x15l\xb0\xc0\xdfe\x1e\
I\x96v\xb6\xee\xf8\xb6r\x7f\xeb\x9eb\xe6o\xff\x87\
\xb3T\xcb\x073=\xff\x8a\xa4\xf5-\x17\x9c \xf4\xfe\
2>\x9boj\xff\xaf\x8fegI\xf9p`S\xd4\
\xa9\xc0\xf5\xb1\xbb]\xc4\x0f\xf51Z\x9f\xfb\xac\xdc\xbf\
\xc93?\xd55\xe4}w\x02y_\x1bC\xde\xa7\x86\
\x90\xff\xdd\x89\xe4\x7fe4\x05\x9e\x1fA\xc1\xa7\x87Q\
\xe0\xb9\x11k\x22r\xf8a\xe3\x82\xf5}cV\x8d\xf4\
\xf7\x8c\x06_\xf8\xee\xc0'3,\xde\x8fuO\xc9\xfb\
\x89\xe9\xb3\x86/\xda\xcf|cfPc\xfd\xed\x11\xb4\
\xbe\xaf\xcec\xdd\xf7\x1dxf\xb8\xe6\xfe\xc1^\x0bX\
\x9e\xaf;\xea\xfb~\x12\xf3+\xa0\xf5=j\x95\xe6\x03\
\xd6\x9e\xafo1\xf3#\xbe\xd3\xdbw!\xf9`\xf7\xd7\
\x7fF\xbenQ\xe4o;\x89\xfc\xe2\x0f\xf8\xa9a\x14\
l3\xb4$\xa2\xfd\x87k\x7f36\x5c\x1e\x90\xbc\xc1\
\x95s`n\xd0\xda\xf1m\xdd\xaf\xd0\xfa\xee2;\x9b\
/\x894\xf3\xd7@\xeb\xfb\x0f\x85\x12^6\x97\x1b\xbd\
\x9f;\xbb\xb0w\xfa\x06h}?\xa6x?\xc5h\xfc\
\xf1\xed=\xcc\xcc\xdf\xae\xbdd\xaf\xac\xb6\x0c\xf9[\xf0\
\xfe\xc0\xa5\xc6\xcc\x1fv'\x02c\xf9;\xcd\xa5\xc0{\
\x93\xc89e\xedeAh\xfd>18b\xee\x0f>\
6\xf4~\xb0\x13\xc4;{K\x92\xd6w\xad\xdc\xdf\xba\
\x11g\xfe\xfa\xa8\xe6\xcfc\x9b\xab\xf8\x8f{\x8f\x9f\xf9\
k\xa8\xf5{sF\x80/9\xc0\xdcyz\xaa\xe9\xfb\
?\xd0\x8b\xedkw\xf1y\xccg8\xb7\xe7\x90#\xbb\
\x88\xecG+\xc8\xb3`\x9b\xd1\xfd,(&{\xb5\xa5\
\xf7\xd5\x94\x03\xad_\xf7\xd6\xdd\xba3\xc1;\x7f\xab\xee\
K\x07\x07Xg~>\x98\x82~\xc0`\xe8\xadD\xd2\
\xfa\xc4\xdb\xbcm'\x16\xf9\xdb\xcf2\xf3\x01\x03c\xac\
\xdc\xdf\xba\xa7\x9c\xf9s<7J\xb5>\xae\x8e4\xf3\
\x17\xb2\xff\x9b\xb2\x83|E1sl\x9fU\xf2N_\
h\x8eY\x9b\xb5/\xcb\xff\xe5\x1c\xd5\xfa\xac\xcb-\xa2\
\xda\x9a\x1ar$\xe6\xa8\xd6W\x9d`\x7f\xcb\xfe\x9bv\
\x9el\xd9J\xeb\xa9\xde\xe8\xd0\xcc\x8f\xfc\xb7o\x82\xd1\
\xfc`\xfa?\xd8\xb4=b/O\xfe\x1ex|\x10W\
\xf7\x98\x13\xedm?\x13;\xbe/\x0b|9\xc7\xd2\xfa\
\xb5\xee)\xb5\xbe\xd3>\x99\xcf\x97\x0b\xb6\xbf~\xb7\xd1\
\xfa>\xc9\xfe\xc5'\x5c+\xb9\xff\x95\xf2>G\xde\x99\
\xaa\xbc\x9f\xc0\xe73\xb9\xb4\xce\xd6\xd1\xbe8\x81j\xb7\
d\x90-k\x1fU\x0a\xea\xacM\xcc\xa2\x9a\xbd\x07\xa9\
\xa6\xb8\x94\xae\xbe\xfaj\xcb\x98\x9b\x82\xfds\x0f\xe8\x8c\
?\xfa\xfe\xe8\xf7+\xe77\xc4\xf9\xc7,\xbf\xee\xeej\
\x15\x89\xf73\x98=\xcf\x0d\xe3#\xbdg\xb7r\xf5\x98\
O\xb5G+>\x0a\xbcj\xcd\xfcX\xf7\x14\xbc\x9f\xbb\
;\xf3\x94\x11\xf1\xba\xc7\xe7\xa6\x8c\xc8z?\x98\xf9\xfb\
\x0bZ\xfe)ny\x96\xfa\xeb\xcc\x8fc\xf8R\x96t\
\xe0\x9d\x9a\xd8\x1dd\x8b\xcf\xa4\xaa\xdd\x05\x14|\xa4\x0f\
\xd9\x12wSuV!U\x95\x94Z{>\x9bj\xff\
;\xf3U\xe3\xc7\xdfi\x1e!\x8f\x07\x06\x00\xe7\x1f\xf6\
\xef\xa8\xb4\xdd\x1a|e\xf4\xb1\x99\x9f6'\xf4\xfd_\
\x1b\xa3\xb3X\xde\xf7'Q\xf5\x82\xb8\x05\xc1\xd0\xee_\
\xeby\xb7nd\xad\xef\xae\xfc\xfe\x92}|\xd9W\xcc\
\xfc]&\xc6\xfe\xf6\x8a\x03f\xc7\xe7\x83\xbd\xd9\x13\xb3\
]\x9f\xb3\xba\x8diT\x93\x94MU\xb9\xfb\xa9.N\
p@\xda\x1e\xaa\xde]H\xe5\xc5\x16\xef\xef\xdb\xcc\xfc\
\x80\xeb\x1b|m,\xd9=.\xf0wT\xfb'\xf0\xf1\
t\xe8\xfe~\xc8\xe8\xbfD\xdc\xf1-\xf6\xff\xe9\x0c\xf6\
=7\x9c\xf8\xcav\xe4\x9c\xb4\xd6\xe4\xfeV\xed\xef4\
\xd5\xf3\xf9/h}?\xda\x9f\xefIr\x9e\xac\xf5\xdd\
\xc0\xfeo\x0a\xcd\xfc\x8d\x19\xb7\xfd\x18\xefgk\xd6f\
o\xcfhr\xaeI!\xfb\x8e<\xb2\x1d,\xd1?k\
s\x8b\xa8\xa6\xe0\x10\xad]\xbd\xc62\xe4&\x9c3\xc1\
\xfbA\xee?g\x8b\xce\xfcb\xe6\x07\xb9?\xe6\xfd\xb9\
y\x1f\xf0\xff\x0b5\x9eG\xd2\xfbA\xfc\xffb\xf6\xfa\
\xc0\xc7\xd3h\x0f\xf3\xcf\xfc}-\xde\x8fuO\xcd\xfb\
)y}\x12\xff5\xef\xd4Z\xdf\xff\xc8a\xd5\xfb\xdb\
\xf6\xc5By'\xb1\xff\xb7'\xb0\xa3\xacj\x84w\xca\
zr\xaf\xdcI\xce\x1d\xf9T\x1b\xf0\x92k]\x1a9\
r\x8a\xb4\xf6gi\xfd6\xed\xbc\xfc\xc1;\x1a\xfb\xf1\
\xda\x22\x07\x80\xd6W}\xee\xdf\xa2?\x05\xdf\x9bt\xa4\
Q\xad\xefg\x87\xb3o\xc8\xd2\xaeb\xf7\xd0_\xba_\
\xf0\x82U\xfb\xb3\xee)\xb4\xbe\xbb\xf0\xban+\xb4\xef\
\x7f\x03\xf6\xfcE\xd0\xfa\xfegH\xeb\x1b\xf5\xbf\xba\xe7\
F1\xdf\xd6Qy?\xd5\xd0\xfa\x85\xde\xcf\xea]:\
\xf3\xa33\x00\xcb\x92\x95\xfb\xef(\xb5\xf6|5\x99\xf7\
S\x5cf\xb4~z/$n5\x90\xbc\xd36\x92o\
\xc82\x8d\xffU\xcc\x17\x06\xdf\x9d\xd4\xe8\xcc\x0f??\
\x82\xdd\xf1\x99\xbf\x0at\x98\x8d\x1d\xdfC1\x03T\xff\
\xbe\xe8\x17>5\xd4z\xee\xad{L\xeb\xfb\xee\xce<\
hr\xca\xd7\xd2\xfan\xa1Z\xdf=\xc5gtc\xff\
\xb8\xd8cz?\x98\xf9K\xce#\xcf\xda\x14\x9d\xf7s\
c\xd7w\xa5\xa5\xf5\xddd\xfb\xcf;(~4\x89\xfc\
=\x17\x90\x0d\x1a\x8a\xd0\xfb\x11\xfb\x0f\xb4\x9f\x05M\xa5\
\xc7\xf8\xd9\x11\x8d\xce\xfc\x04\x05\x97\xa9\xd6\xef[\x13$\
\x87\xd8^\xa4:\xbf\x0d\xeb\x84m\xac\xe7\xde\xba\x0d\xb4\
\xbe\x9b\xf7\xe0\xe7\xd7\x1e\xe5+N\xd4\xfaN=A\xeb\
\xfb s\x87\xa8\x5c3\xef\xffh\x7f\x96\x98_\x12\xf8\
d:y\x16%*\xefW\x9f\xd95)F\xeb;\xa3\
\x90\xee\xbb\xf7^\xcb\x90\x9bp~t\xf6\xd9\xe4\x92\x5c\
J\xb9?\xd0RH\xcc\xa9\xaf\xfd#\xa7\x97\x9c`Y\
\x98\xe3\x13I\xeb7\xf8\xd6\xf8\xf8@\xc7\xd0\x8e\xef\x11\
+C\xfb\x80\xad\xda\x9fu#\xcd\xfc\xf5\xe2@\x9b\xa1\
\xba\xc7\x1b\xf9\x7f\xa3Z\xdfY\x0d\xb4\xbe\xff\xf9\x85\xea\
\xfd\xb8r\x0f\xcc\xc3\xee\x09\xe5\xfd\x03\xef\xd7\xd5)f\
\x85\xd6\x9f+\xef\x805\xf3\xd7\xc4\xb3'?_\xeb}\
\x9e\xe5;\xcc\x9e/h\x7f\x80\x0706Vl\xfa6\
\xf2w\x8f*=\xa5\xd6\xef\xc0%s0\xf3W\xc2\xfc\
\x9b@\xc7\xb9\x96\xd6\xb7uO\xa1\xf5\xdd\x8d\xf3\xde\x9f\
\xf5\x95Z\xdf\x7f\xcf5Z\xdf\xf9mg\x9a\xda_\x87\
\xd9lg~\x1a\xbcT\x9d\xf9\xdb\x91G\xa5\xc0\xa93\
7\xd5\xeb\xfe[\xa7i\xc7q\xa8T\xf1>\xf4S\xd0\
\xefC\x0f\x00~\x15\xbb~T\xef\xe7\x93\xe9\x91\xb9<\
\xa1\xdc\xdf\xdfo\xd1\xcd\xfenQ\xe48R\xf1\x85\xee\
\x03ni\xe9\xfdX\xf7\xd4Z\xdf\x17\x9dJ\xeb[\xec\
\x1f3\xc1\xc8\x01\x82\x88#wv\xe6\xe0\x80%\xdc\x99\
\xb9\x99\x17\xb5?`~\xc1\xab\xd0\xa6\xaa\xd7\xfb\xb1f\
\xfe\x9a\x9e\xfb\xe7\x1c0{~\xa0\xefG\x7f$\xcf\xfc\
x\xd5\xfa\xc2\xce_\xf1\x0dwi=\xaf\xf5\xc0\xc8z\
?\xaf\x18\xde\x0fv\xb0\xb8\xd7\xa4\xc6j\xad\xcf\xda\xf1\
m\xdd\xc6\xb4\xbe\xef\xed\xc2\x9fG\xe7\x9fZ\xeb;\xc3\
h}\xbf\xb0\xfe\x88\xd6\xfd\xf8\xfe\x9e\xec]\xb2M\x9e\
\xb3\xdb\x0d\xf6\xc7~\x9f\xdd\xfb5_\x85\x1fp\xa5\xee\
\x95\xd8Sn\x19rSy\x7f\x92?\xb9cw\xe9~\
\x0f;\xfb\x14\xff\xfbF\xac\xa0\xc0\x17\xb3\xd0\x13\xec\xa1\
5\xfcF\xb4~\x83m'9\xc0\x0fb\xba\x07=\x03\
\xa3\xf5g\xf1~\xac\xdb\x98\xd6\xb7\xdc\x16[m\xfc\xa7\
\xaf\xd2\xfa\x96\xdc\x7f \xb4\xbe\xc1\xfb\x91\x1c\xd3\x9d\x98\
\xbdV\xf7|I\x9e*\xffM\x8e\xd2\x0a\x93\xf7\x8b\x1f\
\xc0^z+\xf7o\xda\xb9\xec\xd2\xcb\xb4\xe6\x87\x1d_\
\xbe\xc9\xeb\xb5\xae\xaaz\x9f\xa3W\x11\xff\xfem\xec\xfc\
(\xd1\xdc\xbf\x91\xda\x9f\xe4\xfd\xb1F\xeb\x9b\x80\x17B\
\xb5\xbf\xff \xf6\xb7z\x09\xa7\xb5\xd6\xb7\xed\xc5\xb1\xca\
\xf9\xf9[Nd\xde_C\xad\xef\x8d]\x96\x9a\x99\xbf\
\xb6\x93\xd8YY\xdd\x13\xf3(\x88\xff\x88W\xd8G\x09\
\xad\x1fW\xd6~K\xeb\xf3[\x9c\xf2\x03\xc5\xe4\x9b\xb2\
\x81\x02\xa8\xf5u\x98K\xce\xa5\xdbM\x1d\x00{?\x1e\
\xecC\x81\x8f\xa6{\x1a\xad\xfd=;\x9c\xfd\xbd\x16\xbc\
\x03\xce\x00j3:\x1fdi\xfdZ\xf7\x143\x7fI\
\xed\x17*\xe7_g\xfe\xd2N\xd6\xfb@\xed\xefZh\
}\x170W\xbc4\xce\xf0~\xbaGq\x19\xf3\x05\x9e\
\xe8\xf8P\xfc\xcf!\xdf\xd0eF\xefo\xe7\x1er\x14\
\x7f\xff\xb0?x\x8c\xe7\x9dw\x1e\xd9\xabl\xa7\xbc\xaf\
\xbc\xf4\xf2\xb7\xfa:\x95\x85\x87\x88\xbbF\x11?<\x90\
\x96`\x8e2v'\xb9&\xaf#\xaf\xe0\x7f\xb1\xe9?\
\x05\xdf\x9e\xd8\xb8\xd6\xf7s#\xd8\xc6|.8\x02\xee\
m\xb9\xa3\x8f\xe3\xfdX{o\xad{\xdc\xcc\x9f\xe1\xfd\
\x8c\x1b\xb3\x9d/,2Z\xdfw\xa5\x9fl\xff\xff\x12\
\xfb\xbf\xf2\x04\xado\xdf\xacM\xbcC\x9e3\xb5\xfd\x0d\
b\xf3\xe0\xfa\xa0\xe7\x9f\xb2W\xb5~\x1dG+\xbew\
\xb6\x7f\xdf=\xf7~\xa5\xed\x87\xef\xc5\x17_\xdcd\xde\
su~\x11\xb9\xe6o\x15\xfc~\x0b\x958lT\xb3\
*\x99\x1c\x93%\xfe\x8bM\xdb\x12w\x8fT\x0d\xafV\
\x8d\xec\xf9B\xbc\xff\xcb\xc7$8\x80<\x0b\x12\x8b\x7f\
p;\xbeQ\xeb\xb4\xf2\x91\xaf\xaf\xf5}\x7fw~s\
\xf9A\xbeL\xec\xfb\xf6\x0c?\xdf\x9d\xee=\xbe\xfe\x0f\
\xbd\x9ft?_.\xfe\xe1\xc3\x95EF\xeb\xfb\xd1\xfe\
\xec]\xbd+;\xf0\xe1\x14S\xfb\x8b\xcf\x22g\xee\x01\
r\xa5\x15\xe8\x9f\xd8\xf1\xd9\xbaE\xcb\xef\x95\xfd\xff\xf6\
\x82\x0b\xbe\xb6\xed\x87\xefo~\xfd\xebo\xfcu\xb0\x1b\
\x19s\x93\xb5\xdbs\xb4\xfeW\x99\x90I\xb5\x0b\xb6\x92\
c\xccJ\xf2\xb5\x9dD\xf6\xe9\xeb\xd3\xd5\xa6\x1b\xdb\xf3\
\xd5n\xea\x8e\xe0\x1b\xe3\xc4w<\x0c\x9e\xb0\xc1\xfeV\
\xdf\xdf\xba\x8d\xf0~\xf0\xcc\xdc\xb9\xc3\xcdW\xe6IX\
\x978\x0f}\xff\x7f\x9e\xa0\xf5\x0b\x1dP\xec\x02\x89\x19\
\xb8^r\xff\xf6\xcc/\x8fbWa\xf1\x1c\xd4\xa3\xdc\
+w\x90+9_5j=\xaaO\xb5_w\xd3}\
\xdfv|\xf7\xea\xde\xe3\x1b\xdb\x7f\x87\xcf\xdb\x7f\xe3\xaf\
\xd3\xe6\x81Gt\x8e\xbanC*\xd97\xa7S\xed\xfc\
-\xb0yrL\x5c#6}\x1d9:\xcd\xae\xd1\xbe\
\xff\xe3\x11r\x7f\x89}\x92\xf7\x8f\x06_\xb8\x9a\xf9:\
\xd5\xfb\xb1\xb4~\xad\xdbX\xee/\xb1\xff\xc0\xdbSu\
\xde\xf7\xda,\x09\xed\xe9F\xdb\xff\xb8\xdc?\xcd\xc7\xd7\
g3_\x22\xf8 \xfb\xdd\xa9\xcc\xb7|\xc1\xdci.\
x?/\xb8\xa3\xe2\xc9\xb5!\x8d\x9c\x88\xfb\x92\xa7:\
\xfb-$\xe7\xbaTpN\xbew\xb9\xff7\xb5\xfd\xf0\
\xfd\xa6G\xf7\xa4\xcd\xdcH\xaei\xeb\xc95v5\xb9\
\xe6l&\xd7\xf8Xr\x8dZII\xcc?s}:\
5r=Os\xff\xe1\xec\x1f\xbe\xec\x0ah\x83:\xf7\
\x95|\x11|}\xec\x0fW\xef\xc7\xaa\x03|\x8d\x99\xbf\
\xce\xbc\xa2W\xac\xce\xfc@\xf3\xef\x9f\xa1\xfd>w\xa4\
\x9d\xac\xf5}M\xba\x87k\x9f\x94g\xec_\x1d\xd99\
b\x19\xefc\xfew\xdd\x9a]T\xb75\x93\xeav\xef\
\xa3\xca\xc9\xb1d\xdb\x94F5\x09\xbb\xc9QVi\xd9\
\x7fS\xed?!\xdb\xd4\xfa\xbbG\x999\xcaY\x9b\xc9\
;|\x85j~\xbb\x0b\x8b\xefQ\xbd\x9f\x88\xb9\xff@\
\xf4\xfd\xb9\x92\xf9\x97\xb0\x7f\xcf\xaa]\x1b\xd4\x06Z\xff\
\x00y?\xf8\xb9\x9f\x1azz\xcf8b\x86#\xac\xed\
\xf0\x9f\xf8\xfda\xe6\xef\x9e.\xdc{Ff\xbd\xd6\xf7\
I\xbc\xbf\x90\xd6\xf7\x1f\x0b\xe41\xda\x5c\xa6\xfa@|\
_\x0f\xae\x9b\xbbY\xf9e5\xb1;\xc9\x96\x98E\xd5\
yET\x9d\xb8\x9b\xaa\xd2\xf2\xa9*\xb3\x80~\xdd\x84\
\xbc\xf74\xb6\xff3\xe5\xfe\xfa\xbb\xb0\x7f\xd4\x0b\xdd\x82\
\x9f<\x0b\x13\x95\xeb\xeb<\x5c\xaa3\xff\xaa\xf5\xfb\xc5\
l\xec\xfe\x9c\xa0\xbb\xfb\x1a\x99\xf9s\xbf1\xe6(\xbf\
6V\xf5~|cb\x8fF\xac\x13\xfc\x10l\xfft\
\xb7\x7f\xb1\xf9\xc0\xa3\xfd\xd9\xf9\xc4\x00\xae\xdf\xd5\xf6\xc4\
w\x9c\xfb\x87f\xfe\x9e\xdaP\xa6\xbc\xff\xc6f\xfe\xc0\
\xfb\xc1\xcc_\x9f\xa8\x1c\xe6\xbb:\xc9\xc7\x0e\xe4\xaa\xb8\
\xb4\x18g\xd7\xb9T\xb7\x22\x89l\xdb\xb3\xa9\xf2H)\
\xd9$\xee\xc3\xf6\xab\xc4\x17|\x1fy?\xa7\xb0\xff\xb3\
\xe4^\xf6]\xd8\xff\x99t\x86\xda\xbe\xee\xf8\x9d\xbaA\
\xf7&c\xdeG9\xff\x8f\xf4\x83\x0f\x88mL\xef'\
(\xf9\x9c\xed\x8bi\xcb|\xedg\xd2\x02\xe6\xb3\xfc]\
\xe6\xff\xe7y?\xff\xebzY\xa7c\x1f@9\xb9\x03\
8 \xbfg\xfb\xd2m\xeczN|X\xf3>\xdf\xed\
\xef1\xa4\xf5\xedyf\x04\xdf\x94\x11\xe4\xabr\x1b\x9f\
\xf9\xbb!;\xa8z_\xcb\x07\xac3\xbc\x9fvS\xb8\
\xd6f\xfb\xd49{39\x96'Q\xad\xd8\x7f\x89\xa0\
\x81\xba\xb5\xbb\xa8&u\x0fU\x17\x1c\xfc^rr\xfe\
\x1b\xf8\x1f=T\xef\xb4\x0df\xceO\xf2\xfd\xf0\xcc\x8f\
\xea}Qs\xd8?7\xc6\xfb\x09\xbe8\x92\xeb\xba\xcc\
j\xe1\xee<\x97jjj_\x08\xbcbi\xfd\x9e\xbe\
:\xfcb\xef\xcf\x8e`;\x07\xb8fQ<\xf3\xed]\
\xbe>\x87\xeb\x89c{\x1f\x1b\xc5\x0c:\xf3\xd7\x953\
?\x9a\xabZ\xdf\x7f\xdf\xdd\xf8\xcc\xdfu\x92\xfb\xffI\
\xde\xe7\xc0[S$\xf7\xff\x92\x83\xfd\x17c\xcf\xcfM\
\xee%\xdbL\xadoG\x1e\xf9$_unH#\xc7\
\xf6\x1c\xaa\xf9\x9e\xee\xf9\xfbo\xd8?\xb8\x93\x1a\xef\xa1\
\xef\xf9\xd14\xf5\x05\xe0Ta\xa7j\x9d\xbc\xe6:\xc7\
\xd7X\xee\xff\xf6\x04\xf6\x14\x1d\xb9\xd9\xd5#\x8a\xcaV\
n\x1f\xe8}v\x985\xf3s\xba\xd6\xe5\xef\xee\x8e\x9d\
\xcd\xec`F\x9d\x9d\x03\xd0y\xba\xb3\xdb\xa9k9a\
-\x08\xbc\x0fp_x\xe6#\x92\xcf\x08i}\xcf\x18\
\x16\x17\xd2\xfand\xe6/\xc3\xa7\x9c\xbf\xdb\xd2<\xa6\
^\x00\xde\xcf\x9c-\x9a\xfb\xbbW\xed$\x17\xf6zf\
\x14\x92+>K\xb9?\xce\xd4\xbdT{\xe0\x88e\xff\
M\xb5\xff\xf5if\xb7O\xe7yT\x869j\xc1\x01\
\xd0\xfc\xc7\xdf=\xf3\xb6\xbe\xa4\xbc\x9f\xd6\x91\xb5~\x83\
\xefL`\xdf\x8b#\x89\xef\xeaN\x15\xd3\xd7\x96\xfa\x1f\
\xb3\xf6|\x9d\x9e\x9c\xbcA\x1a\xef}\xc3\x96\xb3[l\
_o\xe6>\x0e\x88O\xe0\x07zG\xce\x03B\xcf\x80\
\xda\xfc\xdd=8\x88\xf9\xef\xde\x0b\x8d\xff\x7f|P#\
3\x7f]\xf9\xc3\xc5\x85_\xa9\xf5\x0d\xde\xcf+k\x8a\
\x8d\xd67x?kR\x92%\xd6\x18M\x1a\xf0~\x0a\
\x8bu\xde\xcf\x89\xbe\x7f\xdeA\xba\xf8\xc2\x0b\xbf\x97\xf6\
\xff\xbb\xdf\xfe\xf6\x1b\xdb\xfe\x05\xbf\xb9\xe0\x1b\xf1~T\
\xef\x03\xb5?\xf0*6\xa4\x1b\xad_\x89\xfd\xfc\xf40\
\xec\xf9\x99\xa3\xf6\xdc\x98\xd6\xef\xa73\xb6\x06\xde\x9d(\
y\xc2]\xe4\x1e\xb2\xd4<\x0f\x96\xfd\x9f\x96\xb9?\xdf\
\xd6\x99\xdd\xb1)j\xfb\x12y\xd9\x05\x1f0v5\xf3\
\x1d]\x8f\xcf\x03\xc21\x1f\x1fsO\x0f\xb1\xe9\x1e\xec\
\xef:\x9f\x1d.'\xcb\xf3#\x18\xbfgd\x9e\xd8#\
\xbdU\xef\xff\x81\xc4:\xfe\xf3\x9e\xc8\xb9\x7f\xc3\x99\xbf\
\x91\x13\x92\x0d\xef\xe7\xd51\xec\xdaW2\x16Z\xb4\xaa\
\xf7\x97\x90\xad;\xbe1\xfb\xab\xf6\xbf\xff\xc8\xf7v\xcf\
\x07j\xf3\x8f\xb7n\xfd\xb5m\xff\x0fW\xfc\xe1\x1b\xf1\
\x7f\x9f\x7f\xecI\xb5}\xccS@CAs\x7f\xc9\x05\
\x10\xff\xf9\xe1\xbe\x14\xf8rvE\xa3Z\xbfO\x0fc\
\x7f\xf7\xa8~\xd0\x05\xd6\x1d\xdf\x1d\xe6X\xbc\xbf\xd3\x96\
\x93\xd7\x97\xf9\xfe^\xec*,Q\xdb\xf7\x04\xfc\xfa\xa7\
\xd3\xee\xd0\xb8\xce\xff\xee~\x0c\xd7\xe3yh\xde\x9b\xfd\
\xb7vd\xcfS\x83\xd9\xb6|\x9b\xe6\x0bN\xb9\xbe\x01\
K\x8e\xbd\xef\x89\xcf\xcb\x03=\xb8\xe2\x95\xf1\xfc\xb7\x5c\
\xe6k\xbe\x86\xd6wb\x87E\x86\xf7\xd3a6v|\
\xff\x05\xcf\xa7\xf2~\xb7fI\xbc\xf9\x15y\xc0\x01\xdc\
\x96K\x8eCe\xdf\xeb\xb9<\xd8\xf3\xf9\xe7\x9f\xff\x95\
\xb6\xffe\xfb/\xbe\xf1\xe7vf\x15\x99\xdc\x7f\xf8\x0a\
\xd5\xf7\xf4\xce\x89S\x1c\x80\x99\x7f\xc9\x05.\x0c|8\
\xa5\xd1\x99\x9f\xe0\xf3#\xd9\xbdzWKh\x83\xb8R\
\x0a^\x08\xbe66\xa4\xf7c\xd9\xd4i7\x8f+1\
;\xf8\xdcpv\xf9\xbc\xc6\xfe\xbd^\xf6\x06\x03\x8a\x05\
\xbcqY\x82\xc3\xbb\x99<\x00\xfe]\xfcD\xe0\x81^\
\xec\xe8\x15\xc5\x8eJ[=^\x80\xfd\x07^\x1a%x\
\xa0\xe7\xc91\x00\xfe\xe0\x9e.\xbc\xb9\xf3R\xed\xfb\xff\
\x03Z\xdf\xa9\x91\xb5\xbe\xaf\xc9g\xfe\x9b\x5c\xdb\xf3\xa3\
\xb5\xf6\x17\x18\xbf\x86K\xc5%(\xf6_\x9bj4~\
\x13\xb2t\xf6\x17\xda_\x8e\xc3\xdfo\xfb\xffO\x1e\xcc\
N\xc0\xde\x83o\x8c\xd7~\x0a4\xd5`\xfb\x82\xe7\xa0\
\xa9~w\xf0\xa5\x08z?\xe1\xda\xdf;\x13\x8d\xdeO\
\xbbi\xd0\x0b\xdc\x16~\xbbeS\xa7\x1b'o\x90\xd6\
\xf9\xfc\x9d\xe7\xa9-\xfb\xe5r\x90\xeb\x8f\xfe\xbd\x97\xe4\
\xf57t\x10<.\xf9\xf8K\xa3\xd9\x93\x94\xa7\xf9\x81\
7t\xf1q\xce\x83\xa5\xaa\xcf\xa3X\xe2\xc4x\x11\x9a\
\xf9\x1b>a\x87\xd6\xfe\x1a\xd3\xfa\xbe5\xa4\xf5\xfdp\
b\x8d\xf8\x1b\xf9\x5c\x0f\xf6b\xdf\xa2\xc42\xf9\x1c\xba\
\x8b^\xe7\xfc3\xf7\x19\xad\x1f\xfc\x99]Dm\xdf|\
\xdb2\xe4&\x9cf\x923\xc1\x97BC\xd17f\xb5\
\xbe\x9e\xba\xe7\x13}\x80vS\xc9\xb3 aa}m\
8\x92\xde\xcf\xdb\x13r\xb0\x1f\x8c\x7f\xf1\x1a\xf9F\xae\
r\xd5sF,\x9b:\xcdt\xf8\x07j\xee/\xd8\x8f\
}|\x8a\xf3\xdel\xe6\xb9;\x8e{S\x00\xf6/\xb9\
\x02\xec\xdf\xb1.E\xfcC\xc7\x93\xe7\xbeu\xe6\xaf\xaf\
\xee\xfay)\xb6D{\x7f\xa7\xd2\xfa\xbe\xf4 \xf3g\
\x0b\xf70\xdf\xfe\xa5\xe4\x98C\xd9\x93\xb2g\x09rL\
\xb5\x7fy^\xc1\xf3\x05\x16\xc0\xbc\xafs\xcf!:\xfb\
\xec\xb3-cn\xc2\xb9\xe1\xeak\xd5\xf6\xc1\xf7\xd1=\
*\xd8\xf95q\x9d\xf6\xfe\x04\xbfQ\xa0\xc3\xec\xf8\x88\
\xbc\x9f\xd0\xdf\xfd}\x17\xc5\x01'H\xaa\xf6;\x7f\xcf\
\x05\x96\xd6\xefi\xab\xc5\xd5OsvOJ\x81\xdat\
MM-\xbf\xf4\xfc\x8b\xfc\xe0\x03\xcd\xf9\x93\x8f>\xe6\
)3\xa6\xf1\xf6\xcc4.L\xc9\xe4C\x15\xa5\x5c\xee\
\xb6\x9f\xe4\x1a\x80\x01$\x86\x88\x1f\xe9r2\x06\x0c\xcd\
\xfc\x05\xdb\x0c\xd5\xdd\xde_G\xeb{\xce\xe0M\xcc7\
\x7f\xce\xfc\xd1Tv\xba\x9dOA\x93\x16\xbb}\xa0\xf5\
]\x05\x9c:g\x8b\xd1\xfa,(\xb6\x0c\xb9\xa9\xd8?\
\xa3P5\x93\xbdS6H\xfc^I\x9e\xe8\x04\xdd\xf7\
\x05\xfc\xaf\xb8\xbe\xc3\xec\xc8\xfa\xbd\x88\xf1O\x0fc\xdf\
\xf8\xd8W\xa0\xf5m\xf7{\xff\xa9\xda \x96\xd6\xef\xe9\
i\xff\xc8\xeb[\x0d`\xb7\xadNm\xb9\xaa\xa2\x12\xbf\
\xfeS\xdef\xcd\x9a\xf1\xbbo\xbd\xcdn\xbb\xa3\xde\xfe\
U\x03\xe2\xee\x1e'\xe3\xc5\x90\xd67\xf4\xbb\xff\xb4\x97\
\xf9\xba\xaf\xd0\xfa\x86\xdeg\xf6\x07\xb3\x94\xf7\x17\x1c\xb0\
\x18\xba2\xb7i\xec\x87\xd6/\xf6\xfc\xcc\xdbj\xb4~\
C}@\xeb4\xd1\xfe\xa1\x9b<u\x83\xe1\xf96\xef\
-\xb9\x7f\xbc\xd6\x02\xb0W\xc1\xce\x81[\x82\xaf\x8em\
\x9c\xf7\xf3\xc68v\x16\x97^\x81\xda\x9f;n\xf7L\
\xe8\xffX\xbc\x9f\xd3\x94\xf7#\xb1\x1fzm\xee\x06\xf1\
\xbc[\xe7.j\xe7w\xdeq\x07O\x994\x99\xc7\x8c\
\x1a\xc5\xff\xaf\xbd\xeb\x00\x93\xb2\xba\xdaG\x11\xb1Ec\
\xf9c\x8c\xb1$1&\xb6h\xec\x1d\x15\xb1\xd3\x8b\x88\
\x0a\xa2\x22U\x10\x04\xe9\xbd\x83\x14\xa5\x17)\xd2{\xef\
\x9d\x85\x85\xed\xbd\xf7\xca\xf6\xdd\xe9}\xce\x7f\xde\xfb\xcd\
\x0c\xbb\xec\xc2\x12\x11eu\xee\xf3\x5c\xa6\xdc)\xcb\xcc\
\xbc\xe7\xbc\xa77z\xed\xb5jr\xe0\xa9\xa7\x9e\xf2\x10\
\x00\xa7\xc6\xfb\x913\x5cM_hy?\xeb'\xec\xe7\
;/\xa0\xd77\xe2\x7f.\xf0\xc8\x86\xc3\xd8\xb9\x1c5\
?M\x14G\xb5\x1e\x8eR6\xaa\xf2\x01\x88\x1c\xb0\x84\
&\x939\xf3\xb4\x1f\xc8?a!\xee\x8f\xcfQ\xc5\xfd\
\xa7m\xd38\xd52m\xce\x0f\xfa\xf7\x8b}5\x0c\xfd\
\xfc\xcf\x99\xf7\xd3i\xb6\x01>C~\xb4?z\x84f\
\xff.k~~\x13y?\x93\xb4\xbc\x9f\xefvT\xc1\
\xff'\x1d:*|G\x84\x84\xfa\xee\xdb\xbf{\xaf\xba\
\xafS\xc7O\xd4\xed\x9bo\xbeY\xddN--`\xce\
\x11-\xfd\xf2\x08O\x9e\xc0\xd9\xfe\x85\x09\xca\xf7?h\
U\x02\xff\xf5\x02z}\xbf\x7f\xb0P\xe4\xc50-\xef\
g\x7f\xc4aW\x97\xf9\xbe\xb8\x9f9\xbb@\xe9}\xf8\
\xad-q\x19$\x7f\x83\x1f\xcc?a\xb5l\xdeB\xb3\
\xfda\xf3\x0b\x07\xc0g\xaa\xec\x00\xd8\xfe-\xa7`\xf6\
\xe7\x9a\xf3\xe5\xfd\xc8y\x11\xf2\xb1\x98\xfeD\x8e\xc9\x9b\
\x7f\xdf5?u9\xef\x07>[\xb1\xd9\x85O\xab\x18\
\x9ew\xc1\xf6\x07\xb6\xd3\x93S}\xf7\xfd\xf3\x1f\xf7\xa9\
\xfb\x12\xe2\xe2\xd5\xed\xeb\xae\xbf^\xddN\xd6\x151\xef\
\x8d\x1392L\xe3\x80\xd5j\xfe\x84\x13\xbc=\x86\x9b\
\x1d)\xe3\xbf\xa7\xd4\xd2\xeb;\x87y\xd2\xa20yP\
\x7f\xe6\xcf\xe7\xb0%\xeb\xf44\xe4\xa3+\xfd\x7f\x22\x0e\
\xf9\xe8\xaaVU\xf5\xfcJ\xc9\xf5\x03\xf9'.Si\
\xb9\xc2\xbe\x9a\xef\x85^\xca\xa8\xffC\xfd\xbf\xe8\x7f\xfe\
O?r\x0e]\xed>g\xaf\xcf\xd6S\xd99|\xf5\
@\xd7\xe0\x95\xe8\xf7\xf3O\xd7\x97?\xf8{\xfd\xd6\xe5\
\xbc\x9f7\xc6\xb05\xb3\xa0\x0a\xfe[5o\xa1\xb0\xbd\
i\xfd\x06u{\xd9\xa2\xc5\xeav\xa3F\x8d\xd4\xedU\
+V\xaa\xdb\x0dn\xbcA\xc5\x00x\xcaNM\xff\xd7\
\x94\xf7\xf7\xc6(6\xb5\xff^\xd9\xfd\xd5z}W\xf2\
\xfd=\xe6\xe9\xf5\xbdw\xd86!\x09\x82\xffA+\x90\
\xf7\xf3\x06~\xa3\x98\xf1\x8d\x1e\xff|cG\xad\xefo\
`<\x993\xfcs\xbe~2\xfe\xcb*\xc8z0J\
\xc5\xfbUle\xddqr\xcc\xd9\xad|\x7fe\xc0t\
\xb7\x05\xd5\xf3~Zj\xb1\x22\xf7'\xb3Xl\x87\xcf\
\x91#l\x09M\xf9R\xd5\x07\xfd\x9ez\xfd\xfe\x96\xf2\
~^\x1b\xc5\xe8\xd5lq:\x94\x0f\xcf\xbbvn\xdb\
\xee\xb3\xf1\x1f~\xf0!\xdf\xf5\xf2\xd226\xea\x0d\xbe\
\xdbc\xbe\x9d\xa4=\xa1\xe3\x5c\xe6\xd7k\xa8\x13\xf0\xf4\
\xfa\x0e\xea\xb7N\xcd\xf9y\xec\xec^\xdf\x95l\xff\xc7\
\x92\x98\x1f\x92\xc7\x14|\xb6@\xcb\xfb\x99\xbf\x87\x03\x98\
\x1b\xa8\xbc\x9f\x03\x11\xda\x5c\xda\x03\x91\x0a\xfb\xb0\xffa\
\x0b\xf8\xd7O\xc4\x7fI\xb9\x8a\x9db\xc6G98\xd5\
\xdep\xa5\xff\x9d\x936a\x8ezC`\xbc\xba\xefO\
\xcb\xf9\x86\xefO\xc5\x07z,\x82\xcf`\xad\xaf~\xc4\
\x8f\xa9\xba\x97\xf7\xf3\xe20\xe4p\x9f\xc9\xfb\xa9\xb4\x06\
\xf6\xff\xc6\x87\xf3\xff\xbb\xed6%\x13\xb0V._\xa1\
\xee\xfb\xc7?\xef\xd3\x1e\xa8\xb3k~\xbf\x9az>z\
\xf2~\xe6\xce\x0c\xf4\xd4\xfc\xb9j\x9c\xf3\xf1\x5c\x94\x83\
\x1f\x10S\xa3\xd1)\x9d\xd6#\xe4\xad1\xec\xdcp\x22\
\xce\xd5q\xa6\x16\xf7;\x1a\xa3z|*\xbf\x1fj\xff\
\xe22\xa9\xe1s/\xf8\x81\xfcS|\x7f\xf5\xae\x22S\
~\xb1\x9a\x95\x02\x19`I\xccV\xb5\x14\xe0Y\xf2\x1d\
\x92}\xe5\x91\xa5^;\xbf\x9a\xbe\x10\xfc;\xc7\xae\x17\
\xfc7&\xf7\xc73\x917l\xd5\xea\xbd\xfc\xdc\xbf\xce\
mp6\xc1\xbf\xd8~Ut\xff\xb6M[|\xb6\xfe\
\xd5W_\xcd\xab\x96-\xaf\x16\xef\x8f\x0a\x09S\x5c@\
\xa5\x0a\x1e\x8c\xd1\xe2\xfe5\xe6\xfd\xa0\xd7\xf7p\xee\xb2\
5K\xf5\xfa>\xdb\xf7\x07\xec\xbf\x18i\xe7\x17b\x9c\
|W\x06\xf3\x17\x1b\x92\xb5\x9a\x9f\xb6S\xd9\x12\x9fy\
\xd4:s'\x99\x85\xef\xa3\xde\xdfXPB\xce\xef\xb6\
k\xb6\x7fZ\xdeo\xae\xd7\xef/\xb5\xdem\xfc\xa6\x9a\
\xf3i\x16\x19\x8a\xdaI\xdb\x9ep_\x1e\x101_a\
_\xb0\x8f\xdd\xef\x8e\xaf9\xef\x07\xbe\xbfo\xb7\x1cr\
}>W\x14C=\xf4\x0b\xa8\xb9>\xc0\xbf\xebD\xde\
\x8f\xeb\xd5\x11l\x8eJ\xf3\xe1z\xc5\xb2\x1f\xab\xc5\xf8\
\x1ez\xf0A\xdf\xf9\xd3O>\xc9\xaf\xbf\xd6\xa8J\xde\
\x8fs\xdav\xadWHM\xb1\xa2\xb7\xc7\xa8\xf8_\xc3\
 \x8b\xea\xf7{\xb6\xed\x0f\xfc7\x8cB\xcd\xaf\x8bo\
\xcfb\x9e3\xf3\xb8\x90\x84\xaf\xd9\xddm\x1e\x17\x95\x95\
\x1c6-=@\x86#Q\xa4\x8fI\xa3\x0a\xbb\x85\x12\
\xc0U\x17\xed\xf3\xcf\xf9\xba\x98\xb8\x7fb\x0e\xd9v\x87\
i>\x95}\x11*\xee\x879\x7f\xf6\xc5\x07\x91\xcbw\
3j9k\xf4\xe7{|\x7f\xa6\xad\xa7\x968F\xad\
%S\xb9\xfeIwM~\x02\xff\xae\x1b\xb6\x7f\xe31\
\xec\x10~n\xac\xd0+,\x9b\x0dF\xbe\xf2\xca+\x15\
\xe6\xc7\x8f\x1e\xc3\x09Q1|\xc3\xf57\xa8\xdbfO\
\x9e\x8fW&l\xdd\xb4Y\xdd\x86\xdd\xe0\xee<\xcf\x93\
\xf7S\x83\xed\xdfx\x04\xe7}\xb6\x90\xff\x9d\xc8j\xd6\
_My?\xd0\xff\x8f\xc62\xdf-\xfa?\xb4\xef*\
\x85\x7f\xfb\xd4-\x9c'\xbf8\xfd\xdeP\xd5\xeb\x0f\xbd\
>\x8b\xd1\xefk\xf02\xd2\xad;\xea\xb7\xfd/\x06\xff\
qY\xaa\xd6\x179\x7f\xee\x0ffh9@\xe8\xf73\
r-\x19m\xe6[T\x1d_\xd3I\xd5}\x7fM&\
\xb1\xb3\xe3L.8}\xfae\xfb7?\x92i\xd3\xc9\
yZ\xaf_\xbf\xed_'m\xff\x86#\xd8\xda{\x91\
\xaa\xe3\xc1Z\xbet\x99\xc2\xf6\x0b\xcf?\xef\xd3\xef\xfd\
\xfb~\xad\xc5\x016hq\x80W_yE\xdd\x1e\xf0\
\xcd\x00u\xdb\xa17i\xb1\x9f7\xcf\x91\xf7\xf3\xea\x10\
\xde3b\x87\xa7\xd7w\xcd5\x7f\xaa\xd7\xb7(\xf6g\
EFX?\x9c\xc9\xfc\xd2\x106o8\xce\xf2\xf0\xbf\
\xeb\x8eDREH\x02\x95%g\x91n\xf3\x09*\xc7\
\xf5\x88d\xea\xf7eo?\x90\x7f\xc2B-1\xfc\xa8\
\xb6=a\x0a\xf7Fv+\xdd\xef\x9c\xb8I\xd5\xff\xda\
6\x06\x0eW\xfdkk\x8a\xe3\xc8\xf7l\xee\xbf\x94;\
27\xb0\x0fZA\xe6\xf1\x1bN)\xec\xfbm\xff\xba\
Y\xf3\xf3\xd2p6\xcf\xdd\xe5\xb3\xfd\xa7L\x9c\xa4\xb0\
\xfd\xe9'\x9d\xce\xd8\x03\x1e\x990z\xc4Hu{\xf6\
w\xdf\xab\xdbM\x9a6\xd5\x1e\x10\x93\xa5q\xff\x9a\xea\
\xbe=\xbd\xbe\xc7/\x8eT\xf8?W\xcd\xdf\xd3\x91Z\
\xcd_\xf3\x802\xe6F#\x94\xcf\xd0v$f\x8fc\
\xc8J2\xee\x09%]H\x22\x95f\xe7SyP<\
\x95\xc5\xa5QiR&]\xed\xaf\xf9\xf9I\xeb\xe6\x1b\
o\xd2\xec\xfdm\xc1*\xdf\x1f9\xd5\xf6\x85\xfbU\x0e\
 j~\x9cc\xd6\xef\xa81\xef\xc7\xd3\xe3\xcd>v\
}\x86K\xcd\xf9z\x03s\x01\xdd~\xee_G\xf3~\
T\xcf\xae\x11l;\x16\xeb\xf3\xfb\x07\x07\x05U\x89\xf3\
a%\xc6\xc5W\xe1\x04c\xc5.\xc0\xed\xd7\x1a\xbf\xae\
=i\xf5q\xcd\xf7Wc\xde\x8f\xd6\xeb\xfb\xfd\xfd\xe7\
\xef\xf5\xfdT\x8cS\xf5\xfb\x18\xba\x02\x85\x01\xdf0\x7f\
1\x97\xad\xd9\x05\xbdlK\x0f\x92e[\x10\x19N%\
P!\xb8\xffa\xe1\x02\xe8\xf5\xfd\x1b\xed\xf5\xfbK,\
sR\x8ef\xef\x8b\xad\x8f\xfe\xa9\xa8\xff\x81\x1d\xe0\xf8\
v\xab\xfa\xe2\xc5\x06\xa8\xb9\x7fo3\xcd\xf6\xb7o\x0d\
:\xea\xf8j\xb1\xf2\x13:\xba\xcc\xf3\xc7\xfd\xebr\xaf\
_\xd9bGW\xa9\xf9}\xf2\xf1'\x14\xbe\x8f\x1f\x0d\
\xf0\x14\xf8\xba}2\xa1\xf1\xeb\xaf\xfb\xae\xef;x@\
;\x1f\xbcZ\xeb\x11Z\x13_|s\x14\xdb\xdbNW\
z\xff|\xbd\xbe\x1f\x8f\xd3j\xfe\xd6M\xd8\xaf\xd5\xfc\
\x0d]\x85\xbc\x9f\xb7\x95~\xda\x19Bf\xe4\xfd\x8c\x5c\
G\x16\xd1U\xe8\xf5[\x91\x96\xe3\x07\xf2O\xb5\xfd\xa3\
\xd2U\x8d\x9f\xe2\xfb=\x17i\xb6\xff\xe4\xcd\xaa\xdf\x07\
\xbeX7\xfaw\xd7\xd4\xef\x03q\x7f\xf4a;\x99\xd0\
\xca1j\x1dz\xaf\xbc\xad\xea\x83\x9aM\xf6\xe3\xbf.\
\xfa\xfe^\x1d\xc9\xf8\xfe\xccv\x9b\x96\xbfW\xa9\xa0\xff\
\xa4\x17\xfb\x9e\xd5\xb3[\xf7*\xf1\x80\xf1c\xc6\x9e9\
\xfc\xe0;\xd5\x0f\xa8F\xdf_\xa3a\x1c\xd3k\xa5\xd2\
\xfd\xe7\xeb\xf5\x8d\x9a\xbf\xbf\x89}\x90\xfa\xc5b\xe1\x12\
\xc8\xfb\xd9\xab\x1c\x8d\xaa\xd7\x1fr}C\x92\xd4\xa5\xca\
\xfb\x17Y\xa0\xcb\xf0\xd7\xfc\xfdd\xfc\x9fJT\xbe?\
\xd4\xedf\xa0\xe6\xe7\xc7\xc3\xaa\xfe\x0f5?\xd6\x83\x91\
\xed\xb4~?\x93k\x8e\x15\xf5Y\x82\x1e\xec/;\xc7\
\xae'\xc7\x8c\x1d\xb3\xf9\xfd\xe9\xfe\x9a\x9f\xba\x9c\xf73\
f}\x15\xdd\xbfa\xcd:\xbe\xe7\xee\xbb\x15\xc6\xaf\xb9\
\xe6\x1a\xde\xbbsW\x95\x5c\xa0\xb6\xad\xdbpp\xe0I\
\xdf}\xc6TQ\xda\x8dF\xd7\x9c\xf7\xe3\xa9\xf9[9\
\xe5\xb0\xb2\xfd\x1f?_\xaf\xef\x14V\x97Z\xfd\xe0(\
vn\x0c\x0cs\xb7\x9d\xaa\xf5\xfb8\x18E\x96\xf8L\
\xc1~\x1crMU\xee\xcf\xdf\xfe\xf67?\x90\x7f\xc2\
\xaawe=\x95\xef\x07\xdb\x1f\xf3=,\xd1\x19\x1a\xfe\
\xa7\x8a\xed\xdf~\x069f\xeeZ\xa4\xe4xM\xb6\xbf\
\xd8\x8b\xaa\xb73\xbd,Dp\x8c\xf0\x87\xcd\x06\x7f\xde\
O]\xf5\xfdi5?\xf6M'}m\xbe\x16/X\
X-\xee\x7f\xdf?\xfe\xe1\xc3\xfa;o\xbd\xcd\xad[\
\xb6\xf4\xddF\xdcO\xb7\xf9\x04\xf3sC4\xdc\xd6\xd4\
\xeb\xfb\xd5\xa1\xfc\xf5\xdad\x95\xf7{\xbe^\xdf\xa8\xf9\
\xeb\x80^\xdf/\x0df\xfep:[c3\xd6\xa3'\
%\xeaS\x90\xf7\xa7f|\xef\x0e#Kx\x8a\xcaU\
\xfb_\xfa\xdb\xfa\xd7\x99\xf5\xd4\xe3O\xa8\x98?\xf2\xa9\
\xc1\xadT\xed\x1fj\xfe\xa6\x88\xed\xff\xee\x04\xd4\xfd\x97\
V\x8b\xfby\xf5\x85\xdco_\xb4?U.\x89\xdbL\
\x15\xdb\xe1\x07\xae\xf1\xb1\xfe\xfd\xbf\xcf\x0d\xc4l\xc5_\
\xba\xdf\xcfk\xa3\xd8\x16\x9b\xa5\xb0\x5c^\x5c\xe2\xc3\xfc\
\xb4\xc9S8)6\x8eo\xba\xf1Fu\xbb /\xbf\
J\xdc\x7f\xfb\xe6-\xeav\x09\xdb\xd98~\x9d\xd6\x1b\
\xbc\xc6^\xdfc\x95\xff\xef\xed\x00\xdd\x05\xf5\xfa\x9e6\
?\xd8\xd7\xef\xc7\xc4\xdc\x1ezI\xe5\xfd\x9f\x88W\xf9\
\xe9\xf0SAw\xf9\xfb\xfd\x5c\x5c\xce?\xfa&\xe1\xb3\
\x85\xff\x0fq?\xf4\xfd\x03\x17\x10\x13\xedFW\xaf\x1f\
\xaa\xfb\xfe<5?\xe8\xefa\xdb\x11<\x16\xb5B\xe6\
\xbc\xe2\xa7\xdd\x9f\xcf=\x7f\xbf\x8f\xd6~l_\xf0\xbc\
\xc0_\x12\xff\xe0k\xb0\xd7E\xee\xd8Lf\x85\xe5\x05\
\xf3\xe6k>\xfe\xe7\xce\xc4\xfd\xbf\xec\xd1\xd3\x93\xe7\xb3\
I\xd3\xffo\xbf\xadn\x8f\xf2\xc4\x01\xcb\x9cV\xb6u\
\x9aYs\xaf_\xdc~c$W|4\x8b\x1f\x8ag\
\xb5\xcf\xd5\xeb\xfb\xbf\x9e\x9a\xbf\x00\xf4\xfaF\xcd\xdf\xb4\
m\x5c\xc4|\xbb\xeaI\x87~?b\xef+\xec\xa3\xdf\
\x0f\xe6\xfed\xf8\xfb}\xfcd\xdf\x7fv\xa1\xc2=\xf2\
|\xf0e*\xee?m\x1b\xc1\x9e7\xa7\xe5>X\xf3\
\x9c\xaf)*\xb6\x8b9_F\x9b\xa5\xb3s\xd4:p\
\xffV\xaa\xdf\xcf\xf9l\xff\xd6S\xfd\xd8\xbe\x8c\xf3~\
\x5c_/\xf3\xd5\xfb\x0e\x1d<Xa\xfb\xcb\xee=|\
\xf8\x9f?{n\x15_\xdf\xd2\xc5K\xd4\xed\xf7\xdf\x7f\
_\xdd\xd6\x9f.f\xe7\x9bc\x98\xdf\x1cW3_\x14\
\xee\x1f0p\xe3\x99^\xdf\x11\xe7\xee\xf5\xfdo\xe1\x07\
\xc5\x1f\xcdV=?\x5cK\x0e\xe6\xf3[\xe34\xee\x7f\
 Rq~U\xfb\x13\x92\xa4\xae\x7f\xf9\xa9\xbf\xd7\xef\
O\x8f\xfde\xab\x9e\x89\xd0\xfb\xa6\xfc\x12-\x07\xf0\xdb\
\xadj\xe6\x9fm\xfd\x89\x09\xbe\xef\xeelY\xfe\xf6x\
\xd5\x1bZ\xd5\xfc\xf5[\x86\xd9 \xdb|3`\xfc\x98\
\xaa{\xfd~\xc4\xf6w,\xd8W-\xef\x0f;-!\
I\xddw\xec\xe0au\xfb\xd9g\x9eQ\xb7\x87\x0c\xd2\
dD\xd3f\xcd\xb4\x9a\x9f\xa8L-\xeew\xce\xbc\x9f\
!\xfc\x1dz}\x0b\xfe\x9f8O\xaf\xef\xfb\xd2\x98\x1b\
\x05\x19\xb5^\xdf\xcd&\xb0-(1\xcd9p\x85\xe6\
\xfbC\x7f?\xe8\xacU\xc7T\xaf/\xf8\x01\xaf\xae\x7f\
\xb5\x1f\xc8?\xd5\xf7\x0f\xffIp\xa26?\x01y\xff\
\xf2\xb9\x82\xff\xbb;\xce\x22\xe7\xb8\x8d\xc7k\xcc\xe5k\
\xa1\xcdws\xcc\xdd\xad\xe1\xbf\xff\x8f\xe4\xee\xb1(\xe7\
\x9c3\x1e\xfd\xfb\xf2\xcf\xfbyy\x04[\x8f\xc5\xb2\xb9\
r\xdc\xff\x09-\xee\x1fp\xe8\xb0\xa6\xdfK\xca}2\
\xe1\xe9\xa7\x9e\xf2]\x0f\x08<\xa1=\xe1\xc7\xa3\x9e\x9a\
\x9fs\xe4\xfd\xbc5\x8a;\xef\xc9\xe7{\xc4\xb0|\xaa\
\x96^\xdf\xbd6\xca\x83\x9e\x1d\xa0\xf2~,\x85\xa5}\
0\x7fR\xcd\xf6\x09JT\xfd~\x9c\xc3W+\x0e\xe0\
\xef\xf7sq\x0b\xf2\x14\x9f\xa3\x8a\x01\xc0\x0f\xb8\xf6\xb8\
\xb2\xadT\xde\x0f|\xfb5\xd5\xfc4\xd3p.\xf6\xd8\
Q\xd7\x97?h9\x02\xb0\xfd\xfdq\xff\xba\x9b\xf7#\
\xdf\xb39\xaf\xb8J\xbf?}i\x19\x17\xe5\xe6Wm\
\xf7\xdf\xa5k\x95x\xc0\xb7\x93\xa7\x9c9\x14\xfbA\xcd\
\x04\xaa\x89/\xbe9\x9a\xdd-&r\xa3P\x0b?\x9c\
|V\xbf\xafJ\xbe\xbf'<\xbd\xbe\x97N=\x22\x02\
\xa8\x1f\xf3\xc85\xc8\xfby\xc1\xb6\xe1\x04\xd9v\x87*\
\xce\xcf\xd7}H\xb8\xad|\x7f\xfe\x9a\xbf\x8b\xc3?z\
\xa7\xec\x0d\xd7z\xa9\x89,\xb0m\x09R\xb6@\x16\xf3\
u\xa2\xd75\xfcW\xab\xf9\x99\xc8\xee\x0e3\xd9\x12\x96\
\xfc.r\x06\xe4\xf1\xffb\xcc\x03\xf6\xc7\xfd\xebn\xde\
O\xe7\xb9l\xb2\x9f\xe9\xf6\xd5\xa6Uk\x85\xef\x93\xc7\
\xaa\xe6\xfd \x17\xe8\xbbo\xa7\xf1g\x9ft\xe2\xd0\xa0\
3s?\x1c\x88\x1a\xb6\x9cRC\xde\xcf\x14\xad\xdf\x87\
p\xff\x9c\xae?\xf0\xa3\x09\x02k\xf4\xfb\x0a?w\xde\
\x0f\xe6\xfc\xc6\xf4\x5c\xae\xf2~\xdc\x8ac\xb6\x15\xbc\x07\
*\x7f\x9f%<U\xabQE\xde\xcf\xa9\x042\xe5\x15\
\xfbA|1\xf8\x87\xee?\x18\xa5b\x7f\xb0\xa7\x94,\
X\x7f\x02\x1c\xab\xb3`[\xd3\x0d\x95\xbfOo\xdeO\
\xbfe\x5c\xc6|?r\x84\x1c\xd3\xb7/T\xfej\xbf\
\xed_Gg|\x0fc\xe7\x84M>\xdf_\xd0\x89@\
\x85\xfd\xfa\xf5\xeb\xb3\xcd\xa0\xd5\xf8\x82\x07<\xff\xdc\xf3\
|\xdf?\xee\xe3\xed\x9b\xb7V\x11\x09\xa8\x15\xb0\xa5\x09\
OxiXu}\x01\x9d\x809?-'\xf3\xb6\x09\
\xfb\xb4^\xde\xb5\xf4\xfa~\x22\xc6\xc5\xce\xe6\x90%#\
\xd1\xebW\xcf\x7f\xed\xaa\xf5\xf7;&|?=O\xd9\
\xaa\x90\x03\x96\x98\x0cj\xf6\xce{~\x10_\x8c\xfd\x0f\
\x1f\x8a\xd8T\xca\x9f\x1a\x91\xaa\xf5\xfc\xd9\x16D\xe9\xcc\
79\xa6l\xd1z8U\xd6\xeb-4\xfc;'o\
\xe6\x8f\x99\xeb\xb9\x06\xae w\xb7\x85[\xd4w\xee\xb7\
\xfd\xebf\xbf\x1f\xb1\xd9\xed[\x83|x\xc6\x0c\x0f\xe0\
?\xd0\x93\xf3\x0b\xec{\xfbz{\xf7\xea\x15+}\x8f\
\x87\xdcpl\x0b\xae\x9e\xf7\xe3\xed\xf5\xd3d\x02w\xd8\
\x95\xafz}b\xc6\xef\xb9z\xfd>\xed\x99\xf3\xf7\xfe\
\x81B\xb1#\x86\xa8\xbc\x1f[l\xc6,;\xf2~\x10\
\xf7?\x99@F\x97]\xf5\xfcF\xdf/\xf4\xfb\xb9\xa6\
A\x03?\x88/\x06\xff\x09Y\xf2Yf\x92%2M\
\xd5\x01\xe0\xb3E^\x15\xd3M\x88\xb7\xb8\x94/\xb7r\
N\x8f7\xefg\xc5\x91ln7\x9d\xf8\xc1\xaf\xd0\xf3\
\xcf3\x07\xda\x8f\xa7:g\xfb\xbf\xad\xe5\xfdX\x12\xb2\
+\xd5\xfb<\xae0\xce\x0e\x97\xe2\xfb\xd7{zz7\
n\xf4:\xf7\xea\xd9\xd3'\x03\xccz\xc3\x99~?\xe3\
6h5\x7f\x95u\x85\xa7\xde\xc7\xfc\xc1\xf7\x0a\xf7\xc8\
\xf9\x7f2\xc2YU\xf7\x9f\x95\xf7\xf7\xf7\x0cO\xde\xcf\
\xa3\xbd\x99{\xa9\xf9#\xadm\x98\xf1\xbdC\xf4\xbf\xf0\
}L\x97Uv\x80\xfc^\xcd9\x85~\x00_l\xfc\
/\xe3\xb4\xf2\xa1*y\x9a\x9e\xaf\xfa\xa8B\xd6\xaax\
`yE7\xd7WK4\x1b\xa0\xf2\x9cw\xb1\xf5\x85\
/\xcc\xc6\x8c_~m\x04\xa1W\xac\xdf\xf6\xaf\xab3\
\xbeG\xb3[l7\x93\xce\xe0\xc3\x7f\xbb6m\x15\xbe\
\x9f\x7f\xf69\xbe\xe3\x8e;\xd4\xf5\xafz\xf5\xf6\x9d?\
\xf1_M>\x1c\xdc\xb7\xdfc\xfb3\xbb;\xceT~\
\x84*6\xa0\xa7\xcfoD\x9f\xd5\xaa\xcf\xdf\x7fP\xca\
\x1b^\xb3\xee\xf7\xc6\xfe\x10\xf7ov\xa4\x84\x13:-\
d\x9e\xa8\xfa\x8b\xd4\xb7\xc27\x85\x19\xdf\xa2\xff\xad{\
\xb4Y\xdf\x96\x90d2\x15\x94\xf8\x01|\xb1\xf8\xcf-\
\xd2\xf0/\xf2\x14q\x15|\xae\xd6\x83\x91\xaa\x07@\x22\
\xf3\x8d\xd6}\xe1Z\xde\x0e\xec:\x8f\xee\x07\xde\x85\x87\
=\xe7\x1a\xb0\x9c\x1c\x1377\x13\x1e\xe0\xb7\xfd\xebj\
\xde\xcf\xcb\xc3\xd9\xf9\xcdr\xe4\xd7\xfaj\xfe\xc2N\x06\
U\xcb\xfb\xb7z\xfc\x00X\x0f\xfc\xfb\x01u\xdf\xfe\xbd\
\xfb4\xfc\x97\x1b4\xbf\xdf\xd9\xfd~\x9ai\xf5>\x8b\
\xa7\x1d;\xd3\xe77\xcc~N\xfc?+\xf8\x7f$\x81\
\xf9\x96<\xe6\x1dC\xb62/\xde\xcbQ\xf8\x8d\x02\xfb\
\xf0S\xa1\xc7'x*z\xfe\xc6g\xa9\x1a\x00\xff\xba\
H\xfc\xe7\x15i\xfd~a\x03\x04'k\x97AI\x8a\
c\x81\x03\x941?\xe6\xf8~g\x0a\xb7\xffN\x8b\x13\
#\x17X\xf4\x85\xbd\xe7Brw\x9e\x87<\xa1\xc9\x95\
\xe7\xff\xfaw\x1d\xeb\xf7\xf3\xc20\xb6\xfdxX\xe5\xfd\
8|\x95?\xcc\xdfM\x9dV\x05\xff\xe0\xfe\xc8\x09\xea\
^)\xfeWZR\xaa\xf9\xffN%\xa9Y\xe1U\xf2\
~T_\xf8\xf1J\xff\xf7\xdc\x98\xae\xd5\xfb \xe6_\
\x0b\xfe\x1f\x16\xa5\xf3\x80\xf0\x84\xfcn\x8b\x99w\x9d\x0a\
(\x9b\xb3\x97\xcc\xe0\xfe\xd0\xfd\xd9\x05d\x0eIR\xfd\
*0\xe3\xef\xe6?\xfa\xe7|]\xec\xea\xd7\xa3\x97\xfa\
,\xe1K1\xc7e\xa9x\x0a\xfc\xaa\xca\x0f\xb0\xf9\x14\
9\x96\x1e\x2275'\xe7\xee\xf0`g\xff\x1f\xd9\x89\
\x1e\xc0\x9f\xce\x89v\xb4\x9aB\xae\xf7\xa7\x91\xfb\xab%\
&\xe5C\xf6\xda\x07~\x1f@\xdd\xd9\x90\xe5\xaf\x8cd\
\xc3\xc9x\x85\x7f\xbb\xc3\xc1N\xc7\x99\x8e\xff\xc7\x0e\x1f\
\xe1G\x1ez\xb8\xc6Y\xbfcG\x8d>\xe3\xff_\xb0\
O\xf3\xfdU\xce\xfb\xf1\xf6\xf9m2\x81\x1b\x05\x9a\xf8\
\x9f\xc9\x9e\x98\xdf\xb9\xf0\x1f\xa9\xf1\xff\xfbS\xc4$9\
\x22Z\x07}d2\xb2\xa7T,?J\xe6}\x11d\
\x85\x9f\xdam'\xdb\xcc\x9dd\x09KQz\xcb_\xf3\
w\xf1\xeb\xca+\xaf\xf4\xf5\xfd\xc7\xfc\x04\x83\xcb\xae\xcd\
\x00\x09L \xfb\xf6`r\xa0\x1e`\xf1Ar_\xd7\
\x9ety\x85\x83\xf5\x8b\xf6\xb2ek\xd0*\xdb\xb8\xf5\
\xc4\xa2\xff\x9d\x88\xfb\xe3w\x04\xfb\x00\xfc\xa0\xd9\xa4J\
\xb2\xc0\xcf\x09.\xdb\xfa\xc26\xf2\xbd5\x9d!\xdf\x91\
l\xabV\xf1\xeft\xba\xd8a\xb3\xb3\xcbQu\xeaG\
bt\xac\xea\xfd\x8b\x1e\xdf\xad\x9a\xb7\xe4\x1d[\xb6V\
\xe9\xf5\xadf\xbdy\xf3~\xbc\xdf\xb9\xa7\xcfoA\xa7\
\x05\xaa\x8f'\xfc\x7f\xe7\xb3\xfd\x81\x7f\xf8\xff\xee\x11\x9e\
\xd0\xebG!\x00C\xd4|\x81\xc7\xf4{#\xc8|4\
\x96\xac\xc2\xfbu\xf4\xb8\xea\xfd\x03\xddd**\xf5\x83\
\xf7gZ\xb0\xa3L\xa7K\xc8\x92\x90\x0d\xaf/\x99\xb2\
\x0b\xc9\x8a\x9e bw9\xb6\x05\x93\x1d\xb9V\xb2-\
sv\xf9\x14\x80q\xe5\x11\xca5\x94?[\xbe\xfe\x18\
\xcb\xfdl\x1f\xb2\x92\x199\x80\x9e\xbe\x00\xfc\xf68-\
\xf6\xd3\x1c\x9c\x101\xa1\xc9Z.H+\xbfL\xf8u\
7j\x8b\xbfW\x97\xc1/t\xe7\xe2\xce\xdfW\x9b\xe3\
\x81\xfe^ng\x95\x0e@\xdc\xbe];\x1e9lx\
\xf5\xb8\xbf\xc8\x0beG4\x1a\xa5\xd5\xf7\xe3;\x87\x0e\
\xc0~u(\x1f\x12;\xdeW\xefs\x1e\xee\x0f\xfc#\
\xee\x8f\xc7.\x1a\xb7\x9fy\xd66\xbc\xc5\xdd\x86\xe3\xf1\
dF^Jb6\x99\xa2\xd2\xb5\x19\x15r\xddh4\
\xf8\x81\xfb3\xad\x1b\xae\xbf\x9e,\x81\xf1\xa4\x13\xec\x9b\
\xc1\xffE\xd6\x16\x8cZA\x8e\x88t\xb2\x0b\x0fPy\
\x96\xbbC\xc9\xb43\x98\x8c\x87\xa3\xc8$[\xbf3\x88\
,c\x85\x03\x88m \x94\xed_\xf9b\x01\x9a\x0b\xcb\
F\xda\xf6Gnu,\xd8\xa7W\xf2\xfb\x0b\xfc\xceP\
\x0b:Hd\xc0`\xd9#\xe4\xb6p\xc2V\xf2;i\
5\xc9/\x13~-\xdd\xff\xc1\x5c^\xfe\xe4\x07gl\
\xfb&\xef\xf02\xb1\xedu\xa5\xe5\x5c\xd3\x9a\xe5\xe9\xef\
\xdb\xacI\x93J\x22\xc2\xadt\xbf#%O\xcb\xf9o\
4R\xe9\xfe\x82N\xf3\xb5:\x7f\xec\x86\x83y\xca\x82\
\xb03}~\xcfk\xfbk\xb3>\xef\x91\x1fSx\xaf\
\x15\xcc;\x02\xf16W\x1b\x83\xc4\xde\x87\xbfO8\xaa\
)%W\xf1TSN\x11\xd5\xabW\xcf\x0f\xdc\x9fi\
\xc1\x8ez\xea?\xff%\xc1-\xe9\xd9I&|\xde\x9b\
OR\x19\xf2\x03\xe5\xb36E\xa6\x9218\x91\x0cA\
\x09d\xc0\xa5\xec\xf2\x80h\xaa8\x18N\xfa}ad\
\x90mB\xef\x90\x99\xbb\xc8>d5\xe9\xa9\x09\xcd\xa5\
\xf1t\x22\x8a\xc7\x8d\xff\xaa\x9c\x17\xb5\x8b\xe2\xc0V\xdb\
X\xd7r\xb6\xfcF\xc4nl9\xc8\xb3\x87\xc9oR\
n\xb7\x12\x9d\xd1\xca\xcf\x11~1\xfc\xb7\x9b\xcd\x85o\
\x0d\xe7\x07\xea\xfd\xb1\x9a]\xffF\xe3\xc6\xfc\xe3\xd2\xa5\
\x5cVT\xec\xc3\xfa\xa3\x8f\xfcG\x9d\x85\x9c<U]\
8\xec\x8c\x10\xc3^d\xfb+Cy\xf6\xcc\x93|w\
*s\x1crw_\x96\xef\xb7\xd1p\xfexw>\xdf\
\xeb\xed\xf3[\x8b\xed\xff`\x22\xf3\xe3a66u[\
\xc8|0dd\xd9\xb2#\xa2k\xa2\x95]j\xb6Y\
\xd4l*pS\x7f\xdc\xef\xd2\xc8\x80[\xffp\x13\x8d\
\xa5\xbfP\xc6\x9c\xcdd\xffv\x8b6\x0b|g\xa8\xfc\
0\xae\xa4r\x83\x8et9\x05dH\xcf\xa3\x8a\xe4,\
*\x8bK\xa5\xb2\xc8d*\x0dK\xa1\xfc\xe0\x0c\xca8\
\x99KIG\xf3(vW6\x85l\xca\xa1\x89_\xe4\
\xd3\x8e\xe3|\xe8\x8d\xf6\xc2\xfb\xda\xc8\xcfA.\xdf\xfe\
\x88\xf9\xe3\xb6v\x1e\xdd:\x93\xb7\xb5>\xc2Y\xad\x96\
j\x98W\xdc`\xa0v\xd9\x0a\x1ca\xac\x9f#\x5cR\
\x19\x80\x5cm\xe1fm\xe6p\xca\x81@\x1e1i<\
\xff\xedo\x7f\xab&\x0b\x9e{\xf69\xee\xd7\xa7\xaf\xef\
vlxd\x15\xe8#c\xc05j\x9d\xe8y\x91\xe1\
\xaf\x0d\xe7\x0fw\x9ffQ <x9\x9a{|-\
v\xc1\x04\xe1\xfc\x0e\xfeWb\xed\xbe\xbf\xa7\xa3\x1d|\
\x9f\xc8\x896;r\x99\xbfZ\xc4l\xa9xO\xb7\xf1\
$\x99\x11\xef\x0f\x17\xfd\x83\xd8\xf4\x09\xb1\x05\x92s\xc9\
T\xe8\xb7\xfd/\xd5\xba\xe9\x0f7\x921\xbb\x98\x8a\xf5\
v\xe2\xfd\xc7H\x97QD%\x99\xa5t:\xb5\x8c\x92\
\xc2\xca\x88\xd9M\x19)F\x0a\x0f6R\xc8I\xb9\x0c\
\xd2S\xd8)\x1d\x8d\x1c~\xe6\xa7\xf3\xe2\x0b.y\xdc\
\x9e\xbfL\x99b\xe6\xf7\x9a\xc9O\xad\xad\x98\x9c\x1f\x8b\
\xda\xf9L \xfe\xb9\x98\x85\x1f\xca\xef\xa1\xb5\xd0F\x91\
\x0b\xcd\xe5\xec\xab\xb6e\xbc\xb8M8\x87\xb6\xde\xcc\xc6\
V3\xe57:\xb2*GP\x9ca\xbc\xdf\x8f\xf0s\
\xe6\xfd5\x1e\xc7\xfc\xe9\x82*x\xceHIS\xf3>\
\x1ey\xb8f\x9f\xbfw\xdf\xfc\xc7?\xf2\xed\x7f\xb9\x83\
\xe9j\xe2\xb7\xffp/\xf3\x1b\x13T\x1d\xc1s\xa1\x0e\
\xfe\xa3\xc0\xf7\x85\x10\x9b\xb2\xfda\x0b\xfc#\xb9\xf6\xbc\
\x1f\xe0\x1f\xfd\xfe1\xebk\xf4\xbc\x10\xe6\xe1+\xb8'\
=F\xfa\xcd\xa7\xc8\x82z\x14\xcc\xf5\xde\x16L\x16\xe4\
\xfd\x86\xa6\xf8}\x7f\x97x\xc5G\x19)&\xc2H\xc7\
\x8f\x98);MO\xa9\x09\x06J\x8e3PB\xb4\x91\
\xa2\xc3\x8dt2\xc0D\xfbv\x99i\xdbf\x0b\xed\xda\
f\xa6C\xfb\x8c\x82\xf7\x9c\xe6\xc7\x8f\xeay\xeb&#\
o\x5cg\xb4\x0c\x1dl\xe2\x16-\x04\xfb-\x05\xfb\x82\
\xf1v\x1f0\xbf\xdf\x8e\xb9\xbdp\x80/\xba\xcaO\xaf\
\x8b\x9c\xc9}\x8dE\x0e\xbc\x22\xe7\xcf\xbf/\xbf\x1b\xd9\
o\xca\xfe\xe4}\x1bOj\x9b\xc6\xbb\xda\x1c\xe2\xdcV\
\x8b5\xdb\xa0%\xe2K\xc2\x11Z\xc8e\xcb\x91\xbf\x0d\
\x8e\xd0\xfa[v\xa3_\xf2\xaf\x91\xf7\xf3\xd2pv\x0f\
^U\xa5\xd7o\xe5Uz\xbaP\xc5\xf8\xae\xb8\xe2\xca\
\xf3\xca\x82\x07\xae\xbd\x85\xb9\xc9\xb7\x9c\xfa\xd5\x1a\xfeK\
\x16\xf3\xbf\x92X\xcd\xf4\xc4\xfb\x1c\x1a\xb2E\xc5\xfdU\
\x9f\xdf\xf3\xd9\xfe\x82\xff\xc7c\xdd\xea\xb1;\xe59\xbc\
d/\xef\xa2\xfb\xc9 \xba\xdf\x82\xba\xf4\xa842\x9f\
J\xd4j~\xa2\xd2\xc9X\x5c\xe6\x07\xe9%\x5cI\x1e\
\xac\x07\x08\xfes\xd3\xf5\x94\x96h\xa0\xc4\x18#E\x86\
\x0a\xf6\x8f\x99h\xefN3m\xddd\xa1\xe5K\xad4\
h\xa0S\xb0\x7f\xea\x0fe\x85\xfa9\x03\xbeq\xf1{\
\xef\x09\xce\x05\xc3m\xda\xb8\xb8U+\xb7l\x5c?\xb3\
[\xb7\xd6v\x17\xc1\x7f\xdf\xbe.\xee\xf8\x89@Zn\
7\x97\xddT\xce\xdf\x11Y\xf0\xba\xec\x17\xdf\xd7d\xc2\
Km5\xfe0\xa6s1\xef\xe8\x1a\xc2\xa1\xcd6\xb0\
\xa19\xf2\x8d\xc5Nh>\xc8\xb3\x11{B\xdd)z\
\x15LR\xb5fZ\x1c\xaa\x0e\xc8\x03\xe0\xbf\xcd\xb4_\
>\xef\xe7\xf9!l\xff\xf1\xb0\xaa\xf7\xb7\xbb\x9d5\xc6\
\xfd\xe2\x22\xa3}8\x0f:\x1e\xc8\xd9i\x19\xbci\xdd\
z\x9e2y2\x7f\xd6\xe7Kn\xf6\xca\xeb\x1c\xfa\xcc\
\x17\x22\xb4'\xf0\x94e\xd1\xfc'\xd1\xfd\x9f\xef\xce\xe3\
\x07\x84\xc7\x17|\xb6\x80\xbf\x9b\x13\xc4\xf7\xa4]X\xde\
\xcf\x7f\xc4d\xb8_vZ\xdf\x95\xcc[\x036\x14\xcf\
\xddGF\xd4\xfc\xa0/\x0d\xe2\xd3\x82\x7f5\x9b:%\
\x97n\xbb\xf5V?H/\xe1\x8a\x8d4RT\x98\x91\
\xf6\xef\xb6PF2\xb0o\xa0\xa8P\x8d\xf3\x1f\xdeo\
\xa6\x95?Z\xe9\x81\x07Yp\x9f}G\xc0!\xf3\xf6\
y\xb3m\xdc\xebK\x17\xc3=\xdc\xa4\xa9\x86\xf3O>\
qs\x9f>Nn\xd7\xce\xc5h\x0f\x05.\xd0\x5c6\
\xae\xab\xdd\x5c\x93\x13\x03\x07\xd8\xf9\x0b\xf9\x095o\xae\
\xdd\x87\xddD\xf6{\xb2\xdf\x95\xc7\xbf)\xbb\xa1<\xfe\
9\xb9\xdd\xb6\x8f\xdc\xdfMd\x83\xc8\x986\xef\xdax\
L\x93\x14\xde\xf6\xde\x01\xceh\xb2X\xcb=k\x82y\
\xf3\x03=\x97\xa3\xe4w.\x1c\xb7\xf9DM&\x5c\xce\
\xfc\xe0\x97\xec\x8b\xea\xed\xf7#\xfa\xdf\x1a\x92\xac\xf0o\
\xb3\xdb\xd9f\xb5)\x19\x80\xd8\x9fw\xdd{\xef\xbd\x0a\
\xfb3\xbe\x9dZ3IX\x17*<_^\xeb\xc5\xc1\
\xdc}c*?\x19\xed\xe6\x91K\x22\xf8\xaf\x99\xccI\
}Vq\xe7m\xd9\x8a\x0b<}\x01y?\xc8\xfb\x7f\
\xe9\xb8\x9e\xdd=\xc5\xf6OI\xfb\xb4le\x00\x99\xd1\
\x93: \x96\x9c\xb0\xfd\xc5\x0eP5?Y\x05\xfe\xbc\
\x9fK\xbc4\xdb\xde\xa4\xf8=x\x7f\xb4\xc8\x82\xb0 \
p\xfc\xeck\xd9Q\xd1\xa2 [\xbfa\xfb\x16K\xc9\
\xc8\xe1\x0e\xfePl\xf9\xf7\x9ah\x98\x06\xcf\xff\xa0\x9d\
\x86\xeb\x0e\x1dX\xf0o\xe7aC\xcb\xb9{7\x17\xf7\
\xeca\xe5\xae]\x8c\xdc\xefk\x03\x0f\x1ed\x91\xad\xe7\
\x11\xc3u<q|\x05\xff\xb0\xd0\xca\xe3\xc6:y\xe4\
\x08\x87\xc8\x03'\x7f-\xbc\xe0\xcb\x9e.\xee\xd6\xcd-\
\xb2\xc1\xcd\xdd\xba\xbb\xb9g/y\xbd~\xcc\xb3\x17\xb8\
y\x94\xfc\x84\x07\x08\xac\xfb\x8b\xda\x1c!&\xec0\xa1\
\x033g9y\xc7\xf4\x1c\x8e\x19\x1d\xc8\xa7;\xaf\x16\
CC\xf4jK\xe1\x05o\x0cf~Kv3\xb9\xde\
b\x8c\xe6G\xf8=\xfb\x15\xc1\x8b\xde\x18\xa3\xeat-\
%\x15\xaav\x171|\x87\xad\xba% z\x96\xef\xfa\
\xeb_\xf9\x9c\xab\xcfR1\xec\x85\x7f5\x1e\xc9/\x9c\
2\xf2+\xb2\xdb\xed;\xcd\x8fE99\xb3\xe72~\
\xf3\x94I\xe5\xfd<s\xb6\xed\x1f^=\xef\xe7o\xc2\
\x13>_\x97\x22_\xe6\x0a\xbc\xf2\x1d:\xb1\xf7\xcd\xbb\
\xc3\xc8~4\x86\xf4\xe8M\x818\xc0\xc9\x04\x95\xab\xe6\
_\x97v\x85\x04\x9a\xe8T\x80\x86\xff\xb8H\x0d\xfb'\
\x8e\x9a \x0b\xbe\x13\xdd\xcf\xbd{\xb9\xf8\x9dw\x84\xa7\
7\xd6p\xff\x81\xd8\xf1\x1f\x7f\xec\xe6O?\x15\xbcv\
\x16\xbcvu)\x0c\x03\xcb#GXy\xe8`\x17\xf7\
\xef\xe7\x90\xfb\x0c<}\xaaA\xb8\x82\x9d?\xfa\xc8!\
\xdb)\xf2\xc2\xa9dE\xa7N\xf2\xfd\x7f\xee\xe6\xce\xf2\
\xfc\xc1\x03\x9d\xbcp\x9e\xe8\xf7\xd1\x0e\x1e;\xc6\xc1\x93\
&8x\xda\xb7vu9r\x84\x93\x07\x0d\x92\xd7\xeb\
\xef\xe6.\xdd5?B;y\xee{\x1f\xc9\xdf#\xfb\
e\x91G/\x88\x0c\xea$\xf2\x22+\xa2\x98\x8b7E\
r\xd4\x17\xbb8\xf5\xcdEZ\x0f\xbaf\xc2\x0dZ \
\xd6 \x97-\x85#\xb4\x1a\xe7\x89=\xfeNd\x02\xf2\
\xf2^\x19\xc9\xae\xae\x0bT\xce/\xf0o\xb7\xd9}\x90\
F\x8c\xaf\x95\x10\xb5\xfaW\xd5\xf7\xf5\x00\x192`\x90\
V\x0b\x5c)\xe7\xcf\xe6\xb0k\x9f\xd3s\x03\xb9\xa2\xfd\
w*o\xef\x1f\xc2\xfbo\xcf\x16\xb1\xb0&\x81\xd3\xbf\
\x5c\xc6\x8f$2?\x16sV\x9f\xdf\x1a|\x7fOz\
\xf2~\xe6|{\x84y\xc6f5Z\x00y\x7f\x96C\
Qd?\x95@Fo\xddOt:\x99J\xcb\xfd\x00\
\xfd%\xf0\x7f\xdcD\x07\xf6\x98\x95\xee\x07\x17\x08\x14\xbb\
\x9f\xf9t\x83\xd4\x04\xc3\x84\xfd\xbb\xcd{\xbe\x9bn\xe7\
.\xa2\x9ba\xefC\xff\x83\xdf\xc3\xd6\xf7\xda\xf7\x18\x0b\
\x83\x8d\xeb\xe0\xf6\xb8\xde\xb7\x8f\xe8\xf1\x1e\xdau\xef\xe3\
\xb1\xbd\xb7\xb1\xf1\xf8\xaf\xfb\xb8\xb8\xc3\xc7\xac^\xbbi\
3m+\xdb\xa2\x89\xf6^\xb8\xc4\xa8i\xd8\x0ax\xed\
\xe6\x1e?c3\xd9\xef\xc8c\x1b\xcb\xf9h\xf9\xa9w\
\x1b\xc2<w\x93p\x06\xf9I\xf5\x15\x98\x7f\xf6\xb9\xbc\
v\xd3\xd3\xbc\xe4\xbdS\x1c\xd3t5;\x9a\x0b\xafm\
1\xdc#\x0f\x06k|\xa1\xa5\x87#\xb4\xf4\xf8\x11~\
k\xf2\xc0\xd3\xeb\xd7>c\xbb\x86\x7f\xb7\xcb\x97\xf3\x1f\
\x11\x12Z\xc5\xb7w\x83\xa7\xee\x1f\xfb\xce\xbf\xdc\xc9\xa7\
s\xf3\xbc-\xc0\xd8\x1e#$\xffE\x91\xa1/\x0f\xe6\
\xd8~k\xf9v\xb1\xfdo\xceg\xbeG\xf8~\xf1\xc7\
\xb3x\xed\xe8\x1d|w:z\xfd\xb8\xce\xad\xfb=y\
?\xff\x8ds\xab\xbc\x9f\xc0A\x1b\x98\xd7\x1eJ\xce\x9b\
\xbc\x9d\x0c\xf0\xf7\x8b\xedoK\xce!cp\x92f\xfb\
'\xe7\xd2\xf5\xd7]\xe7\x07\xe8%^\xd0\xf7\xa1\xa7D\
\x06\x9c0QD\xf0\x19\xfc\x1f9`\xa6\xf5k\xac4\
z\xa4Cd\xc1\xa1\xeb\xb2\xd3\x0cK\x96\xfc`\xe3.\
]\xdc\xca\xee\x07^\xbd\x18>\xdb\xdf\xd7\xad\xab\xe8v\
\xd1\xef\xcaF\xf8@\xb3\x15\xbc\x1b\x8f\x83\x1c\x80\xdd\xd0\
Wl\x06p\x05\xefs+\xfb\x0e\xb1+?\xef\xec\x8d\
\xd7\xc0\xdf1a\xbc\x83\xa7Lvp\xc3\xd7\x98\xbf\xfc\
\x8ay\x8c\x98\xa8\x1d\xbb1O\x99/\xd7\xe7\x09W\x11\
u\xf6\x86p\x867\xe4\xf1\x9f67\xf0\xb7\xcd\x13\xf8\
P\xf3\x9d\x5c\xd8B\x1e\xd0\x12q\x05\x11\x1c\xad\xe4A\
-\xd0\xcb\x16=\xa8\xc7i=\xecZ\xd4\xf1\x1a\xa7\x96\
\x9e\x9a\x9f\x17\x86\xb2mo\xb8f\xfb;\x1c\xec\xf2\xe4\
\xfa\x0e\x1f2\xcc\x87\xf7\xe0@-\xd7'.:\x86\xeb\
]\xa9\xc5\x00\x9e\x7f\xe6\xd93\xb9\xbfk\x8f\x0b\xb8\x07\
\xc8k\x0d\xe0\x85\xdf\x1d\xe7\xdbO\xcbw\xb7)\x8d\x0f\
\x0e\xdb\x22\xf7\xf7\xe6>+\xe3\xf8^\xc1\xff\xd3g\xcf\
\xf8\xaa\xa9\xe6/\x81\xf9Q\xb9\xbf\xbc\xd7\x12\xe6#!\
\xdf\x94\xfcp\x88L\xdbC\xd4\x9c\x1f\x9b\xd5L\x96e\
\x87U\x9f*\xf4\xa7\xf0\xdb\xfe\x97~\xc1\xcf\x0f\x7f\x1f\
b\x80\xa1'!\x0b\x8c\x14,\x9c\x006\xc0\xa1}f\
\xda\xb9\xd5B[7ZH8\x80\xc8\x81\x05W\xe7f\
\xe8\x8f\xafXf\xe5>_\xb9\x14\xfe\xa1\x9b\xbd\xd8m\
'\x5c\xfc\xd3Nn\xe1\xf7n\xdf}\xc09\xf0\xea\xbd\
\xc4\xfd\xed\xda\xb9\x95\x0f\xf1\xab\xde6\xb9\xcf\xc5\xad=\
\x8f\xbb\xd0\x8d\xd7\x05O\xc0\xdf0\x7f\xaeM\xbd\xe6;\
\xef2\xb7o\xcf\xbcp\xbe\x8d\xdfz[~\xfa\xf2w\
u\x1190z\x9c\x9b'\xcf`\x1e)p\xf8r\xa4\
\xbc\xbf\xd8\x0a\x8d?c~Sl\x87vm\xdd<\xfc\
\xfd<\xde\xd0\xfe$\xa7~\xb4F\x84\x95\xe8\xcb\xf7E\
\x1e\xbc;T\xcd\xaf\xe1w\xc6i=\xae\xaa\xd4<N\
\xf9\xe5s\xf8~\xca| \xfc\x9do\x8dS\xb5\xfa\x96\
\xf4\xd3\x9a\xedo?\xe3\xf7_\xbfz\x8d\x0f\xff\x86J\
\xb9\xc0\x1d?\xfa\xd8w\x7fq\x99V\xf3\xeb\xc6\xec\x87\
g\x06\xaa\xfa\xfe\x8e\xdb\xf3\xf8\xde\x14\xd6x\xd2K\xdf\
\xc8\x07=\x96_\x0e4\xf0\xfdg\xcf\xf8:O\xcd\xdf\
\xbb{\x0b\x98\x07\x8b\xedo.kR\xbe\xd5c\xfb\x07\
\xc6Sq\x83\x8f\xc9\x8a\xb9\x1fb\x0b\x983\xf2\xfd\xe0\
\xfc\x05\x16|~)\x09\x06\xcaJ\xd5S\x90p\x00\xf8\
\x00\x12b\x0c*/\x00|\xe0\xf8\x11\xcd6\xd8\xbd\x03\
\xf1\x7f\x0b\xf5\xe8\xee\x22\x12\x15\xc1\xae\xf2\x01\xc7\x0e\x99\
\xb8\xab\xf0\x01\xf8\x07\xc0\xcd\x81C\xe8e\x5c\x87l\xf0\
\xeap\xaf\x1c\xf8\xe4\x13\xe6\xee\xdd]\x8c\xd8a\x97.\
.\x1f_\xf0\xca\x87\x0b\xc5>\xfc\x10\x1d;\xbay\xd1\
\x02\x9b\xf2C\xe06\xec\x0a\xc8\xa2\x05\xf3l\xfc\x99\xdc\
\xd7\xc4\xe3\xa7\x04G\x80\xbd\xd0^\xf0\xde\xb9\x0bs\xcf\
\xde\xcc_\xf5g\xee%\xea\xac\xa3\x5co\xf2\xb9\xe6G\
xEd\xc7G]\x99W\xce(\xe1\xa2M\x11bL\
ld\xf7'\xd3\x0a\xec\x9f\xceb\xb7\xb7w\x1e|\xe9\
J\x1ex\xe6\x9ez\xe5A\xcb\x9f\xa9V\xe7\x5cg\x88\
\x19\xb6\xf9\x1f\xe7)\xe1\xef{m\x14\xbb?\xfc\x8e-\
b\xbf{m\xff\xcaq\xbfF\xaf\xbc\xaap~\xfb\x9f\
n\xe7\x1e]\xbb\xf2\x83\x0f<\xe0\xc3\xfeM7\xdd\xc4\
>O\x01f==7H\xd5\xfb<,6\xfe\xeb\xc7\
\x8d\xf2\x8f\xd8O/\x0e\xe0\xd3]\x17+L?|\xd6\
\x8c/\xf4\xfdz^\xf6\x0b\x82\xfbg\xbdy?\x9e\x9a\
\xbfo\x96D\x099[\x8dW\xbeF\xb7+\x8c\xcc\x07\
\xc5\xf6\x0fI\x22\xe3\xfeHe\x07\xc0\xf7\x87:u\xff\
\xba\xf4\xabS\xc7\xd1\xb4e\x83\x85n\xbd\x95\x15\xfew\
o7\xd3\xa4\x09\xe0\xfca\xe4\xb2TPR\x9c\xc8\x81\
\x10\x8d\x13\x04\x1c\xd6\xec\x02\xe4\x01\x09\x07\x90\xc7\x94\xb4\
\x992\xc9\xae\xfc\x81\xf0\xe7\x01\x93\x1f\xb6\x87\x7f\x90U\
\xac\xc0\xeb\x13\x00/\x80o\x1f\xbc\x00\xfe\xbf\x8f>:\
\xe3\x0fP<\xa1\x12\xfe+\xdb\x095m\xd8\xffx\xbd\
\x05\xa2\xf7{\xf7v)\xcc{\xcf\xe0/\x80\x1fq\xcc\
(\x87\xc2\xbf\xcf.\xf1\xd8\x1c\x90\x03x\xbe\x92O\xf0\
Y\xc0w\x01y\x22\x97o\xc9\xfd/\x0b\x87xN\xec\
\x9a\x8e\xfd\x98\xf7\xc5q\xc5\x16\xeaMe\xf9\xf9=\xf4\
\xbb\x82w8\xe6\xef+t\x89\x1etw\x9a\xadz\x22\
)|!\xb6\x0ey\xd0\xf4R\xc8\x83\x9fi\xc6\xf7\xf0\
\xd5Z\xbd?l\xf9\xb3\xea\xfc\xb0\xc6\x8d\x1eS\xc5\x0f\
\xf0\xcf\xfb\xee\xe3o'M\xe6\x9cL\xadG\xa0\xabH\
\xa7\xe6\x85\xf1\x0b\x838\xbf\xd3|\xbeA\xb8\xff\xc0\x95\
\x89Z\xce\xbf\xe0\x7f\xcf\x88\x1d\xca\x9f\xf7x\x8c[\xd3\
\xf3\x95\xf0\xffr\x84\x8d_\x8d\xd2\xf0\xff\xac\xa7\xe6\x0f\
y?\xab\xc7\xefe^\xba\xd7\x16\xdet\x06\xe9E\xf7\
\x9b\xd1\x7f\x221\x8bL'\xe2\xb4\x195Qi\xf4a\
\xeb\xb6~p\xfe\x02\xabA\x83k\x14\xd7\xc7\x86\xae\xf7\
b\xfc\xe0^\xd1\xf9\xdb-t\xcb\x9f\x98\xca\x0a\xf4*\
7\x00yBa\xa7\xb4\xf8\xc0\xd1\x83\xf0\x11\x16\xde\x11\
r\xd2\xb8E\xec\x86/S\xe2\x0d\x03c\xc2\x8d\xd3\xc5\
\x9e\xd8\x96\x96h\x18\x11x\xcc\xa4\xb0\x0d\x1czu\xbc\
\xd7\xa7\xe7\xb5\x19\x94\xfd\xe0\x89%B^\xb4kwF\
\x06@\x8e\xc0w\xe0\xbd\x0f\x8f\xc7c\x81\xdd\xe9S\xed\
<x\x90S\xe9w\xefkc\xe3\x0cr\x069\x0aM\
=g\x95\xe5\x0ad\x01p\x8f\xbf\xc3\x9b\xab\xd4\xc2#\
\xa3\x90\xaf\xd8\xa3\xa7\x9b\x07\x0cr\xf3\xd4\x19|$,\
\x99?\xd8\xd3\xf3\x04\xe9f\xef%[\xffe\x02\x8eg\
\x15@\x04\x0dw[\x0fD\xf6v\x8e\x5c;]\xb6\xde\
\xd5}\xa1\x92\x09\x0a\xf7\xaa\xff\xb5G\x1exg)]\
*\x99\xd0\xfaB\xf2~\xc4\xf6_uL\xd9\xfe\x0e\xf7\
\x99X?f\xfc\xb6i\xd9\x8a\x07\xf6\xff\x86W-[\
\xce\xa7\x02\x8esfrj\x8da?\xc7\x81H!\xf6\
\xc0\xfa@\xde3|;\xa3I\xd4\xc6\xb1\xfb\x84\xfb\x0f\
T{\xfc\x0f\x11\xaa\xe6\xef\xa9\xc8\xea\xbe?`\xffe\
\x8f\xfe\x87\xef\xef\xd18\xe6\xbf\x8b\xe8\x88\x1b\xb0V\x0c\
\x90C3\x0b\xe6\x1f \xc3\xceP\xb2\x08\xeem:\x1d\
\x99\x8fDkq\xff\xc4ljp\xb5\x7f\xce\xd7/'\
\x03\xae\xa5\xef\xa7\xafR\xb6>b\x01\xc8\x07Ry\xc1\
\xe1\x9a\xde\xdf)\xbc\x1f|\x80\x9d\x15\x94\x9e\xa4\xe5\x07\
!7\x10<@\xb0H?,\xb0\xd1\xec\xefm\x8a7\
\x0c\x1b\xea\xa4\x01\xfd\x9d\xc8\x1b\x0e\x86\xbe\x07\x17\x00/\
@\xfc\xa0\xdf\xd7N\x1e4\xd0iY\xb6\xd8V\xbaa\
\xad5At\xb8c\xc40\x87\xc28tt\x87\x8f\xb5\
\x98\x22\x1e\x0b\xdb\x1e\x8f\xc7\xfe\xa6?\xf2\x04\x9c*\x16\
\xf9\xfd\x0c;\x8f\x16\xfd\x0e\xec\x03\xc3\x95m\x07/\x9f\
\x90\xbf\xc7\x17k\xa8\xec{h\xe9\xc1<\xf8\xc1\x8fK\
\xacG\xf7\xee4\xef_\xbf\xda\x9a+\x5c&RvG\
\xb6V\x8c\x81\x1a\xec\xdd\xd3A\xebV\x98\xe9\xd4\x8eb\
*\xdc\x1cA\x96\xd5\xc7\xc8&\x1b3\xe9\x9d\xe36\x12\
\xe6 \xb8;\xcc$n4\x9ar\x98o\xb6\x84\xa5<\
\xe5\x98\xbfw\xb0s\xd4\xba \xd77\xcb\xd9\xfd\xd9\x5c\
\x8d3\xab\x9e\xd8\x13\xcfp\x84\xe6\x95e\xc2%\xc4\xbf\
w\xc6\xf7\xcb\xc3\xd9\x1a\x91\xa6\xf0\xef\xf2\xe0\x7f\xc4\xd0\
a5\xe6\xf6\x0a\xde\xd4\x9c\x8f\xdd\xdbwp\xa5\xd6`\
\xcc\xb3\xf7j\xf8\x7fi\x10\x8fZ\x12\xcd\xd7\x8a\xe9\x9e\
\xdee\xb1\x86\xff\xc6#\xb8\xed\xfe\x22\xd5\xeb\xf7\xe9\x88\
\xea\xbe\xbf\xe7\xcf\xea\xf7\x89\x9a\xbfgN\x1a\xd9*\x9f\
\x11gf\x8d(\xddx\x92L\xa2\xffm'\xe3\x09q\
@\x0bf\xfe(\xdf\x9f\x7f\xc6\xf7/\xbd\xe0k\xbd\xed\
\xd6\xdb\xa8_\xdf\xded(\xd3Qq\xbe\x9e2S\x0c\
\xaa\x1e\xc0[\x13\x00\xdf@~\xa6^d\x83\x81\xc2=\
y\x02\xe0\x09\x9b\xd7[\xd4\x86<@\xbe\xf0\xba\xd5V\
<\xa7\xcd\xf6-\x96%a\xa7L\xd3\xe4\xb1S\x85\x1f\
\xccb.kx\xf55\xdaO\xaesg\xb7\xba\xb4\xe8\
t'\xbavq)^^\x99\xff{}\x03\xde\xf8\x22\
\xf0>a\x9c\x837\xae\xb3\xa8\xc7ys\x90*\xfb\x06\
\xf0X\xc4\x09\xe1\x03@N\x02\xae{e\x84\xe2\x1fM\
\xb5\xd7`.j?d\xb0\x93D\x8e\xd0]w3\x89\
\x9c\xa2qc\x1d$\xb2\x85\x96/\xb3\xd1\xca\xe5vZ\
\xbf\xc6F\x87\xf7\x18)\xebD\x0e\x99<3S\xec\x8b\
\x0f\x90\xe3\xbb\x1d\x98\x7fL\xce\x09\x9bdo$\xc7\xd4\
\xadj\x9e\xb2\xbb\xcb|\x12\x1e\xe0\xe5\x08wZ\x8fD\
\x8f\x14y\xb0\xc09z\x9d\xcb\xddu\x81\x87#xb\
r^\x99\xf0s\xca\x83j5?c\xd8-\xafo)\
\xd7+\xee\xef\xf6\xe0\x7f\xc9\xc2E>\xcc?\xf5\xe4\x93\
<j\xf8\x08~\xf8\xac\x1a \xf9-p\xaf\xaf\xfbr\
~Y1\xf3\xd0\xcd\xc2\xffG*\xac\xbfsT\xc7\xf7\
'\xb0\x16\x1b\x11\xfc;\xdbLS\xb5\xfe\xffN\xb8\xb0\
\x9a?\xe4\x0c|\xb4Y\xc8\xc2p5O\xe0\x8e\xf2\x1d\
\xa1d:\x10I\xf6\xa0\x04\xd2\xaf<\xa6r\x00\xac\x22\
\x0b\xcc\xd9\xfe9_\xbf\xb6,\xb8\xfd\xf6;\x88\xed\x15\
TzZO\x859z:\x9d\xa5\xa7,\x91\x07E\xb9\
\xb8\xd4\xea\x84\x12\xa2\x0d\x14\x19bT\x9c!\xf8\x84I\
]?&\xf6\x83\xe0\x9eV-\xb7\xd2\x9cY6\x9a\xf5\
\xbd]].\x9ao\xa3e\x8b\xad\xea\xfe\xb5\xab\xac$\
z]d~\xd1[s\xc1\xd5\x05\x97\xadZW\x8f\xf1\
yc\x858\xffJl}\xc1\xa8\xe2\x00\x88AB^\
\x9c\x8d\x7f<\x1e\x18\xffn\x9a\x9d\xc7\xcbc\xc1!`\
Gx\xb9>\xce\x06\x0d\x80\xff\xab\xb4\x83\xe8\x7f\xda$\
2\x0b\x7f\xeb\xda\x95VU\xdf\xb0y\x83\x85\xf6\xec\xb4\
\xd0\xde]V\xda\xbf\xc7F\xc7\x03l\x94\x94\xeb\x22=\
\xfa%\x1d\x8dQ5\xd2\xf6\xe5G\xc8\xfe\xc3\x01\xb2\xcf\
\xdfK\x8e9\xbb1\x0fI\x93\x05c7\xa8K\xc7\xcc\
\x9d\xda\xf5!\xab0'\x91\xf8\xda\x8f(\x9f\xf9\x16K\
LF+\x91\x1dC\x9d\x137\xa5c\xf66\xe6\xa9+\
\x9f\x9eg\xbe\xba\xcff\xa8\x1cghy\x11y?\x98\
\xf1\xdds\x91\xa6\xfb\xcf\xe2\xf4\xc3\x87\x0c\xf5a\xfd\xa0\
\xb7\xaf\xaf\xd5\xc6\x03\xfa\xf5\xaf\xc6\x0bv>\xd9\x81\xf9\
\xed\xc9*\x0e\x81Y\x9e\xad\xf7\x8bLh4L\xd9\xfe\
1\xbdV\xaaz\x7fU\xf3\x17\xe6\xa8%\xef\xc7\xa9r\
\x04\xa6\xcc<\xa9\xfa\xfd<\x069\xb9/R8\x7f\x0c\
\xd9\xc3\x92I\xf5\xfe\x80\xed\x0f\xfe\x9fW\xe4\x07\xe1e\
\xb2Z\xb7l\xa9z\x86\x99+t\xe40U\x08f\x8b\
+\xedB\xd9\x19\xea\xa7\xc2\x1cAEyz\x0a\x0b\xd2\
|\x08\xfb\xf7\x98U\xdd |\x8b\xf0\x15\xc2F\x181\
\xdc\xe1yli\xc3c\x87\xcc\xe3\x90\xe7\xe7\xad\x178\
\x1b\xcb^\xfcC\x87#f0C0\x8d\xdb\xf0\x09|\
\xd3\xcfY\x85\xdbW\xc1?\xf2\x81F:\x94\xbc\xf8\xe8\
CV\xb6\x03b\x04\xca\xff\xe7\xa9K\x983\x13\xde\xf0\
\xc2W\xe6\x8a\x5c\xda\xb3\xc3L\xc7\x0ei9P\xf8\xdb\
\xc1q\x92\xe3MTRhQ\x9c4ii,YN\
&\xaa\x19t\x98\x97.\xd8\xa5u\xe0\xaa\xa7\x12\xc8.\
6\x01\xe4\x80\xda\x0b\xf6\x9d\x91\x09\xdf\xefTs\xd5\xd5\
\x16\xf9\x80K\xe7\xf8\x8d\x8a#p\xfb\xefh:\xf3U\
\x06\xe6\xbf\xda6\x9f\xec\xea\x98\xbce\x8b\xf0\x04%\x0f\
\xe0\xabW\xf1>\xaf\xbd\xf0Sm\x06o\xde\xcf\xac]\
>\x1f\xbe\xbe\xbc\x82S\x12\x93}2\x00v\xbf\x17\xe3\
=\xbbu\xaf\x22\x1f\x86\x0e\x19\xc2\xf5o\xb9Q\x9d\xcd\
\xf9\xfb\x9b\xccoM\xe2D\xc1z\xbdR\xe6o\xe7\x85\
\x8a]1P\xe1\x7f\xd9\xb7GT\xaf\xefZk\xfe\xa2\
\xb4\x9a?\xf4\x0b\xd9?j;\xf3\x8a}Gr\xe6\xec\
'\xfd\xf6\x10\xe5\xef\xb7\xa7\xe4h\xf8\x8f\xcdT\xfd(\
\xff\xf9\xf7\x7f\xf8\x81w\x19\xad?\xfc\xe1&\x9f? \
)\xd6\xa0.\x913\x14\xe0\xd1\xf5\xc2\xeb\xd5y\xe8I\
\xcd\x87\x08\x9b\x005\x83\xcc?^\xc5\x9cx3s\xc0\
\xb5\x86R]/\xb9\x7f\x1dl\xf3\xa1\x83\x9d\xdc\xb1\x83\
\x16\xa3\x83\xff\xcd\x17'l{&\x8f\xc8\x1b\xcfC>\
\x01\xe4\x04b\x0cM=6\xff\x00\xc14b\xfd5\xc9\
\x0c\xc8\x13\xe4\x14#\x1f\x199\x01\xb8\x1f\xb6@\xd7\xae\
n\x1f\x97\xc0}\x1b\xd7\xc2+\x9ey\xef\x8f\xa2\xf7\x11\
\xdfD\x9d3\xfe\x0f\xa6\xf2\x0a\xea\xf0\x09\xd3\xdc9N\
\xda\xbe\xd9B\xf1'\xcb\xc8\x9c\x98#\xbc4\x91\xec\xeb\
\x8e\x93c\xda6\xa5\xdf\x81qp\x01\xc7\xdc=\x02\xa2\
'U\xbe\xaa\x9a\xa7\xbc\xe2\x88\x9a\xabn\xff\xf1\xb0\xb2\
\x17\xec\x0b\xf7+\xbf\x81c\xea6\x12\xac\x93s\xf2f\
r\xcc\x82\x1fa\x03\xb9\xfa.\xd5d\x82\x02\xe2\xad\xb0\
}[\x08G\x98(\x8f\xd5\xb9;\xcf\xb5\xaa9\xcb\xde\
Y\x8bJ\x1eT\xcaE8\x97L\xa8\x9c\xf7s0\xca\
g\xca7\x91\x0f\xc3\x8b\xf7\x16\xf2A\xc2\x0ex\xb3\xf1\
\x1b\xbe\xfbn\xff\xd3\x9f8\xf0\xac\xf9\x9fI\xd3V3\
\xbf6F\xf6H^\xfe\xedQ\xe5\xfb;6p\x93f\
\xfb\xbf2\x84\xfb\xaeK\xb9\xe0^\xdf\x8f\xc43?\x18\
\xe5\xe2\x9c\x01\xf2\x9a\xe1\xf1\x0b\x0b\x97\x1d%\xc3\xae0\
\xd5\xeb\xdbn\x96\xcf]>'\xcc\xa3\xc0\x8c\x1a\xf4\xa9\
\xf5\xaf\xcbg]]\xbf>\x8d\x1e2C\xf0l!\x87\
\xc5@\xa5\x85z\x953\xc0|\x9a\xb2\xd3\x0c\xbe>\x01\
\xc0\x11\xec\x7fp|\xfc\xac\xa2B\x8d\x85\x93':\xe0\
\xf3\xe3^\xc2\xdb?\xfeH\xc3'b\x00*O\xb8R\
N\xb0\xd7\xd6\x076?\xfa\xc8\xad\xf0\x8d\x98\x22\xf2\xfb\
P_\xe8\xcd/\xc0c\xfb}\xedR9\x86\x95\xfd\x7f\
\xf0!z\xf1\x0f\xdd\x0f\xfe\x8f\xf7i\xe9\x91/\xa8K\
\xc2\xc6\xed&\x9e\xf8\xc3\xd2\x1f\xc0\x03\xca{\x0d\x1b\xe2\
T\xb2\x0c>\x8d\x94x\x83\xf2yF\x86\x98((P\
\xf0\x1fm&Sf!Y\xe5\xb7\x89\xb9\xb4\xe8\x9b\x86\
\x99\xe9\xf65\x01\x82\xf7\x00\xa5\xf71\x17\xd11e\x8b\
\x9a[\x05\xcc\xf3\xdb\xe3\xa9Dq\x84D5k\xd9'\
\x0f\x96\xca\xf3\x16\x1d\xf0\xc8\x03\xe1\x04\x936\xab\xe7)\
\x9ba\xe4Z\xcd\xaf\x08y\xf0\xc0W\xc4\x0f\x7fMF\
\xbb\xe5\x11y\x9f\x9e\x8e\x99\xbbN\xb9\xbb-Hs\xf5\
X\xa8\xf9\x15\xc1\x11\xce\xe5Wl\xe1\x99\xf1\xfd\xc6X\
\xb6f\x17\xfa\xb0\xdc\xd63\xe3\xb7\xb6\x8d\x9e \xbe5\
a\x87\xe8z\xb1\xfd_\x1d\xc6=6f\xf0-9\xf2\
i}4[\xc3\xff;c\xf9\xad\x00=\xdfw\x81\xbd\
\xbe\xd1+\xa0\xd1a!\x10#\xd60;K\x9f)\xdd\
.\xb6\xff\xbe\x08\xd5\xefC\xf9\xfe\xe4\xf3\xc1\x1c\x1a\xcc\
\xa8\xf1\xaf\xcbkU\x94\xea\xa9\xbcDOe\xc5\x06*\
\xcca*\x10\x9e\x9f\x9dn\xa0\xc4X\x8d\x07\x08\x97W\
\xf9A;\xb6Z\x08~5\xe1\xf7\xaf\x08\x0f\xb0B\xef\
\xbe\xf9\x96'\xb7\xbf\xa9\x86\xcd\xe6-\xce\xd8\xe3\xc0,\
b\x03\x90\x0d\xd0\xe9\xe0\xeaC\x87h>\x7f\xe8\xef\x95\
\xcb\xad<l\xa8S\xe1\xd8\x1b\xe7\xc3\xf3P7\xd4\xa3\
\xbb\xbd\x9a\xff\x1f\xd7\xc1\xf1\xc1-f~g\xf7\xc5\x07\
\xbd\xfc\xa2kW\x97\x92%^\x19\x80\xbf\x09\xfe\x07\xf9\
U\xb7@\xae\xe3)\x0f\x07\x80\x0cC^\xb4\xe2;\xf1\
Fj\xdc\xe8\x1d\xfa\xdb\x9dw\x91\x15\xb3SO\xc4\xa9\
9\xea\x98\x9b\x86\xb9\xf4\xf0\x05\xc0'h\xdb\x11\xac~\
\xbf\xe0\x04\x0a\xd7\xc2\x13\xec\xcb4\xcc\x03\xe3\x00\x17\xe2\
Z\x90!\xf6\x85\x22C\x16\xedW3W\x94O\x11\xf2\
\x00\xb6\x02\xb8\x01.\xe5\xf9b\x13h\x1c\xe1\xcbE\x9a\
\x1f\xe1\xc1\xbe$Pk`\x09Nz_\x1e?G\xb8\
\x84\xc1\xddc\x91\xe6W|\x7f\xda\x19{\x019J\xaf\
\x8cd\xf7\xc73\xd9\xeav\xb27\xdb\xc7)\xf6}b\
l<o\xd9\xb8\x89\xbbw\xed\xc6\xaf6|E\xd5\xfc\
\xd5$\x03\x12\xb33\xb4'\xa1_\xc1\x0bCTo\xff\
\xe7BE\x8f\x87:\xb4^\x9f\x82\xff\xb2\x0esT\xbd\
\xdfC\xf1\x17\xd6\xeb\x1b5\x7f\xbdV\xca\x83'\xae\xc7\
+_[\xbe'\x82L\x87\xa2\xc8\x11\x92D:\x91\x03\
fo\xdeO\xb1\xbf\xe6\xe7r\xf3\x05\x96\x14\x94QQ\
~9\xe5d\x94\x93I_&\xf8\xaf\xa0\x8c\x14\xbd\xca\
\x19\x0e8\xac\xe5\x09\xa0V\xa0C\x077b\x84_ \
F\x07\xdc\x01\xf7\xc0\xbb7\xee\x86X |\xfdZ\xee\
\xaf\x8b\xfb\xf6q)\x1f\x1db~\x88\xffC\xe7{s\
\x06 ;F\x8dp\xa8\xc7B\xf7{q\xee\xcd\xe9\xe9\
\xdc\xd9\xec\xc3ue\xfc\xe3\xfdz\xf6p1j\x17a\
Ox\xfd\x04\xde\x1cDp\x00\xc8\x87\x16\x9e<\xa0E\
\x0bly\xa2~\xae\x84\x1d\x83~\x07\xa8\x87\xce\xcb\xd4\
S\xef\xdeN:|\xc0\xa4r\x9f\xd8VQ\x8d\x93\x22\
3\xfdJ\xf9l\xd0\x9f\xce\x9c\x98E\x82Km\x8e\x12\
t\xbd\xe0[\xf5S\xdc\x12D6\xe1\x09\x8ey{\xc9\
9l\xb5\xf2\x01\xa8\x99\xeb\x9bN\x92\xbb\xe3L5\x83\
\xcd&\xbf}\xcdV8\xe8\xe3\x08\xca\x87\xa0\xe4\x81\xd8\
\x0b\x137i\xb2@\x9e\xeb\xf5+\xbaz/\x16\xa0\xbe\
F\xfc\xe7/\xc8T\xa1\x7fIdN_\xc7\xfc\xbd\xe9\
\xee\x1e\x0bO\xbb\xd1O\xf3\x9d\xf1\xec\x18\xb7A\xf3\xfb\
\x9f\xbb\xa2\x97\xdd\x0e'g\xa5\xa5\xf3\x9e\x1d;y\xe2\
\xd8q\xdc\x5c\x04f\x1b\xf9\xa0\xd4t\xc02\xb3\x96\xf7\
\xf3\xd2`\xae\xf8p\x16\xdf\x96-\xdf\xdd\xe6L\xc5\xfb\
a\xfb\x07\x88\x1d\x00\xee\xafj\xfe\xc2j\xaf\xf9\xc3c\
\x97N=\xcc\xbcxOi\xec\xd0\x8dT!\xb6\xbf\xf9\
h\x0c9\xe23\xc9p,\x8e\xcca)\xca\x86\xf2\xf7\
\xfa\xbd\xbc\xd6}\xf7\xddG\xa7s\x8a\x05\xfbE\x14x\
4\x87\xf4e\xe5t:\xb7\x9c\xd2\x92t\x14\x19j\xa0\
\x00\xb1\xf7\xe1G\x13k\xf1\xb6\xb0 S\xd8\x88\xe1\x0e\
_\x8e\x1d0'2A\xd5\x08\x03\x93\xc0\xde\xe7\x9f\xb9\
U\xfe\x1f\xfcx^\xff\xbe7n\x8fK\xe8l\xe4\x14\
#\xbf\x07\x8f\x03'\xa8\xec\x1f\xf4\xfa\x09\xbau\xb5\xa8\
:\x82j\xf8o\xae\xd9\x07\xc8\x0dF\x1e\x81\xf7\xb9^\
\x19\x00\xce\x81\xfbq\x1b\xfa\x1f\xf6\x09s\xc9Ksf\
\xda\x94\xde\x87\x1d\x03\x1f\x07|\x1a{w\x99U\x9c\xc3\
X\xa6\xa3;\xee\xb8\xf7\xbc\x9f\x13\xe4\xc3\xc3\xffz\x80\
\xcc\x09\xd9\xda|\xe5\x13\xf1j~\xa5\xe2\x08\xd0\xf3b\
'\xd8\xb6\x06\x89\x8c\x88\xd4\xec\x08\xf8\x030\xebZ\xee\
\x83_\xd19t\x95\xc6\x11\xb2\x0b\xc9\xb6\xf9\xa4\xc6\x0f\
`/\x88\x5cp\xcc\xda\xa5\xec\x05%\x13\xa6z|\x8a\
\xde8\xc3\x84\x8d\x9a<h6\x89\xc4\xe6'\x0b\xf3\x9f\
M+\x0e}\x10\xb9\xff\xd8\xc6\xf4\xa2|Gn^\x1e\
\x97\x97\x95\xb3\xd9hb\xa7\xcd\xc1\x17\xba\xdc\xfb\xa3\x98\
\x9f\x86\x9fo\x10\x9f\xe8\xbfA\xd9\xfeK\xa7\x1e\x15y\
0@\xe5\x02M\x9f\x17\xa2|\x7f\x17\xd6\xeb\xdb\xad\xf2\
~\xc2\x86mb^\x7fp|\xde\xfc\x03\x9a\xef/ \
\x96\x1cz\x1d\x99P\xff\x8fY_\x22\x0b\xfc\xeb\xf2Z\
I\xf1\x09\x94\x9bQ@i\x89\xa8\xc7\xe8E\xba\xd2\x0a\
\x91\x07e\x82\xff\x0a\x0a9\xa9\x13\x9c\xe8\xef\x8d\x081\
\xad\x83\x8f\x0e:\xfc\xddw\xcf\xe0\xcd\xcb\xef\x91\xd7\xf3\
~\xa5\x98\xfe\xb9\xea\xfb\xa0\xab!/\xa0\xf7UN\x90\
<v\xd8PG\x15\x0e\xef\xcd\x15\x04/\xc0ee\xfc\
{}\x87}\xber\xf3\xc8\xe1V\x1e\xf0\x8d\xadZ\x0e\
\x10\x1e\xd3\xfe\x03\xed}Zz\xfc\x81\xb3U<\xa0\xec\
\x03\xc4\x03\xc1\x01\xc0k\x10\xef\x80,@\xdecA\xb6\
\x9eJ\x0btT\xbf\xfe\xff\x96\x93v\xed5\xd7\xd0\xa4\
\xfeCUN\x0b\xb8-j\xdc0_A\xc5\x11E&\
`\xf6\xba\x0d\x9c\x01\x1ca\xc6v\x95[\xa40.x\
\x07\xae\x99\xee\x15\xbee\xd4\xe4\x01b\x0c\x90#\x22+\
\x94\x8f\x11~E\xc4\x19 \x0b\x10\x83\x84\xed \x5c\xc1\
:}\x1b\x19\xa6n\xa6\xb2\xed\x81\xca\xae\xc6\xde\xbec\
\xfb\x9b\x87\x0e\x1d\xea\x13\x1b\x1b{ 5%\xd5\x9a\x9f\
\x97\xcf\x15\x22\x13\xecb\x13\xb8k\xc8\x09\x86\xcd\xe0\x9e\
\xbaM\xc3\xff\x0b\x03y\xda\xdc\x10\xbe\xaa\x989\xf6\xcb\
\x15\x9a\xed\xdfh\x18w\xd8ua\xbd\xbe\xe1\xfb{(\
\x81\xf9\xf1`\x0b\xeb\x87\xadeNM\xebV\xbc)H\
\xe5\xfd\xd9\x84\xf3\xef\x92\xcf\xc9\x82\xde\x9fr\x1d\xbe\x7f\
\xff\xba\xbc\x96\xd9`\xa4\xac\xd4|J\x88\xceV\xbf\xa5\
\x0a\x1f\xfeK\x11\xbf\x7f-,\xa8\x8c\xa7\x0a\xf6\xbbw\
s+\xcc*\xbb\xba\x19W\xeb\x05\xe8\xc5nM5=\
\xde|\x1f<n\x88\xe8}p\x04o~\x0fx@e\
\xfe\xee\xe5\x0c\xde\x9e\x03g\xd7\x16B&\xf4\xf9\xca\xc1\
\x9f\x7fn\x13\x19P\xe1\xe3!g\xd7\x17\xe0q\xe8;\
\x80\xf7\x81\xdd\x11x\xcc\x14:|\xa8S\xf90\x11\x0b\
\x84\x1f\x00\xe60\xf8?\xfa\x22 \xe7\xb1\xc9\xbb\xed.\
\xda\x96\xba\xf1\x86\x1b\xc8$|\xc2\x9c\x96\xafx\x02f\
\xdd\xda\xd6\x9f\xd0\xf4\xfd\xea\x00\xed:\xe6\xb0}\xb7\x83\
\xdc_\xcc#\xbe\xa5\x93\xc8\x83\x9dd\xffa?\xb9\xbb\
-\xa0P\xccmI\xc9%\x1bf5A\x16\x88\xecP\
qH<_8\x81i\xee.*\x5c{\x882\x8e\x85\
PBd4%\xc4\xc7\x93`\x9e2\xd2\xd3\xc9\xa0\xd3\
\xab\xefPV\x83\x95\xabV\xbe\x1c\x19\x11\xb1.&:\
\xfadnN\x0e\x9f\x16\x99\xa0+\xaf`\xab\xcb\xc9\x16\
\x97\xf0\x84/\xe6\x0b\xb1\x1f\xac|\x7f\xcd\x0e\x97\xaa\xd8\
\x9d\x0b5J\xc0\x7f\x8b)\xca\x1fp!\xbd\xbe\x9f\x89\
v\xf0?S\xe43\xdf\x91\xc3<z\x0d\xc4\xcb\xed\xa5\
;BU\xad\x8f]d\xa2Al$\xcb\xc1(\xb2\x06\
\xc4\xa9\xb9\x94\xfeu\xf9\xe1?-1\x97\xc2N\xa6T\
\xc1\x7fr|\x09\xfc\xff\xb7\x05\x05d\xfd\xcbf4\xdc\
e5\xe8\xfa\x1d\xdao\x9e<\xf5[g.\xf0\xfb\xee\
{Z\xec\xfel\x1b\xfd\x5c5}\xc02l~\xf8\x02\
+\xc7\x03\x86\x0cv*\xb9\xe2}\x1d\x9c\x01\xff\xfd\xfb\
9}\xf1\x00\x1f\xbf\x87\x8f\xaf\x8b\x8d;u\xd2\xce\xc6\
\x8c\xaa\x90K\x97/\xae\xe0\xad%\xa8\x5c\x93\xec=;\
~\xc4T\x00\xbc\xa3\x0f\xd2\x1e\xb1\x03\xd0\x03\x01u\x90\
\x88q,\x9cgSrA\x93\x09?\xafo\xe5/\x7f\
\xbeC\xf0\x9c\xa7f\x5c\xaby\xec\xf0\x07\x88\x1c\x00\x07\
p}\xb3\x5c\xd9\xfd\xb6u\xc7\xc5\x168\xa8q\x7f\xc4\
\x1d\xe5\x5c\xf9\x19\xc7o\xd4\xe6\xb3\xd9,\xca\xaf`\x91\
\xc7\x94l8Ji\x07OQlP\x18EGDR\
lL\x0c\xc5\xc7\xc5SbB\x82\xc8\x82\x04\xb9L\xa4\
\xa4\xc4$JIN\xa6\xc2\x82\x02*-)\xf5\xca\x84\
k\x0e\x1e>\xf4\xf1\x89\xa8\xb0oc\x93\x12\xa2\x8a'\
\xacf~s$;\x9bO\xe6\xbb\x05\xbf\xcd\x90\xf7\xf3\
\xcaP\xd5\x03 \xfd\x8b\xc5\xaa\xd7\xf7#\x17\x90\xf7\x83\
\x9a?\xf0\x84\x91\x8b\xc2\x99\xe7\xee\xe0\x19\xd7\xf5\x22\xe5\
\xfb\x13\x1ed\x8fH!#\xf4~p\x92\xaf\xe6\xdf\xbf\
.\xaf\xb5y\xe3&J\x8a\xc9\xa4\x03\xdb#\xce\xd2\xff\
e\x14\x17UF\x07\xf7V\xd0\xc6ufZ\xf2\x83\x8d\
\xa6O\xd5\xf2{\x92\xe3LkP\x9f\xe7\x8d\xdb\xb59\
\x0f\xfe\xbd\x98\x86o\x00y\x01\x95m\x04\x5c\x22\x0e\x00\
_\x81\xf7>\xc8\x15\xf4\x22d.\x8fB\xbf0\xdc\xf6\
\xd6\xf8!\xcf\xa7g\x0f\x87/\xce?n\xacYd\x81\
\xab\xc6\xfc\xa2\xca\xf6\x00\x1e\x0b\xd9#\x5c\x7f\xdc\x8ci\
v\x95\xbb\x00;\x00z\x1f\xbc\x9fy\x91\xcai@n\
\xd0/\xb1P\xfb2\xad\xef\x10e\x1f\xa3\x16\x1e\xb1\x06\
\xfb\xf2\xc3*\xd6`\xc3LL\xc4\xcd\x84'\xc0\x7f\xe0\
\x1a\xb0\x9c\xb8\xe9$r\x8a\x0d\xe0^r\x88\xf8\x9d\x99\
$Z\x9a\x8ef\xc6SHd\x04\x85\x87\x87SxX\
\x98\xb6\xe5zTd\x14\x89\x1d\xa0x\x81\x92\x05II\
J>\xe0vFj\x1a\xe5$\x88\x9c\x9f\xb8\x9d\xb2\xd9\
\xf86O\xf8\xe1\x83\xc0\x1d\xe1\xfc\x07\xb1\xf3\xa7lH\
\xd4z\xa3\xbc4\x88\xb7\x8d\xd8\xc9w\x09\xa6\x1f\x8fv\
\xab:\xbf\xf3\xf5\xfaF\xcd\x1f\xfa\x04m\x9f\xb8\x8fy\
\xd9\x9e-\x19\x0b\x0eQ9j~\x91O\x95\x96K\xa6\
\xc0\x04\xad\xdfW\x5c&\xddq\xfb\x9f\xfd\x80\xbb\xcc\xd6\
_\xfe\xf2\x17\x8a\x8fH\xa7\xf5K\x03*\xe1\xbfT\xf1\
\xff\x88\xd0r\x0a\x09\x82\x8e\xe4+\x88Jh\xdd\x1a;\
\xad_k\xa3\xf6\xed1\x13$\xf7\x91\x03{,\xa7\xbc\
>\xfdsa\x1fX\x05\x17G\xaf?o]p\xe5\x1e\
?\x03\xbeq\xaa\xbc\x01\x9f\x7fP\xe4\xc9\x865\x96X\
\xc8\x99\xb9\xb3\xed\xe1\xcd*\xd9\x1a\xc8\x0d\xf6\xe6\xfa\xc1\
\x06\x19>\x0c1E\x8b\xf2I\x9c\xddg\xc0\xfb\xfa\x90\
O\x887\xbc\xf5\x16\xab\xba\x22\xe6\xb2\xa6\xa8_\x00\xde\
\xc1\xf9\xf32\xc0\x99\xf3U\x8c36\xc2H\x9ft\xfc\
\xe4\x17\xf5Q\x83#\xdc\xfc\xc7?\x92\xd1hT\xbeA\
\xe0\x04}\xb21\xaf]\xc5\x1e\xe7\xee\xd1\xfc\x84\xf0)\
\xae8J\xae)[\xa9x\xfa&\x8a\xd8}\x98\x82N\
\x04\x0a\xde#Il}\x9a8y\x12\xed\xdb\xb7\x8f\x02\
\x03\x03)L\xc9\x03M.\x88\x0d@\xd1\xd1\xd1\x14\x07\
\x99\x10\x1bG\xa9a\xd1\x94q$\x94\xe2\xf7GP\xa3\
\x9e\xfbh\xd5i#\xdf/z~^\x8ey\x07\xe6\xc5\
\xf2\x98\x1f\x9aO8\x9a\xcf\xff\x8cG\xcd_-\xfd~\
\x04\xff\x8f\xc5\xb8\xf9?\xa1VN\x99s\x809'\xeb\
\xab\x9c\x9d\x11T\x81:\x7f\xe1\xfe.\xa3\x81L\x07\xa2\
\xb4\x9c_\xb1i\xfc\xfd~.\xcf\xf8_Zb\x0e\x85\
\x05j\xfc\xbf\xbc\xb8\x9c\xf2\xb2J\x95\xfe\xcf\xca0R\
Q\xa1\x8d\xf2\xf3l\x94\x10g\xa3#\x87l\xb4u\xb3\
\x95V\xaf\xb4R\x97/\x9c\xb4q\xbd~\x06|\x7f5\
a\xaf\xb2\xcd\x0f\x1f?b\xfag\xdb\xf3\xc0'r\x01\
\x94\x5c\xf0\xd4\xf6\x80S\xa4%\x1a\xd6@OG\x04\x9b\
F\xe2\x0c\xf1\x06\xc8\x19\xe4\xf8\xb5\xf3\xd4\x0cC\xe7#\
\xae\xb8\xe2G\xb3\xb2\x07T\xaf\xb2*~\x087\x7f\xf6\
\x99S\xcd%\xf8\xa2\xb3Cn\xbbT\x7f\x12\xe4'B\
\xb6 \x1f\x08x\xc7L\x04\xe49\x07\x1e5SR\x9c\
\x89\x5c\x0e'YLf\xfa\xa3`\xf2\xd7Z\xf0+~\
\xd0\xa25\x99S\xf3T\xad<fdcv\x1b\xfc\x00\
\xfa\x05\xbb)v\xcb\x01:y4\x80N\x06\x9eT:\
\x1f\xdc?9)\x99\xe2\xe2\xe2(**J\xf1\xffo\
\x06\x0d\xa0\x1d;w\xd2\xf1\xe3\xc7\xd5c \x07\xa2D\
&$\x84DQ`X*\xad\x8f+$\x1an\xa3Q\
\xc9&~$\xc2\xc9+\x99\xff\xbepO*\xbd\xd3d\
\x15\xb5Ou\xf3c\x91._\xaf\xdf\x17#\xce\xe1\xfb\
\x93\xfdH\xb4\x8b\x9b\x04\x1bX\xf4\xfd\xe6\xef7\xc6S\
j@\x12\x95\x9fH {\x98\xf6{B\x0e b\xa7\
\xc8\xfb\xf3\xaf\xcb4\x06\xf8\xf7\x7fy|\xc9.\xd2\xa3\
6\xf0t9\xa5\xc4\x17y\xees\x93\xdd\xee\xa4\xc8p\
;m\xd9d\xa3\xc5b\x07\xa0\x96\xeeT\xa0ep\x8f\
\xee\x0e\x9f\xff\xad\xedY\xb9\xbd-<\xf3\x01\x80\xd9\x9e\
=]\xbe<\xbd\xb3\xf53\xf2\x03\xe0\xab\xc7u\xe4\x13\
 \x97Pt\xf4\x97\x8b\x17\xd9\xe0\x97\x9f\x06\x8c\xe3u\
\xe0s\x80\x0c\xf0\xbe\x97\xd2\xed\xf2\x1e\xf3\xe7\xa0\x16\xc8\
\xc9=\xba\xdb\xd4\x8c\x12\xaf}!r\xc4\x9d\x92x\xfa\
e\xb1#\x1e\x96\xff\xcb\x1b\xc7\x8f\x14\x1d\xd8\xbf\xdb\x90\
\xb4y\x83\xb5\xd8f\xd0}\x8az\xa6\x84\x983\xfa?\
&\xc2B\xba2;\xb9\x9d.\xdf\xbe\xea\xaa\xab.\x9b\
\xef\xa8~\xfd\xfa\x14\x10\x10\xe0\xdb\xc0\xb5W\xd7\x03\xf3\
\xa1\xa1\xa1\x14\x1c\x1cL\xa1!!J\xdf\x97\x97\x96\xab\
\xef\x0f\xe7x\x5cDL\x1c\xfd(\xb7\xb7\xa5\x96\xd0\x82\
\x14\x1dMN2\x10\xadbj\x13mQ5\xfc\xaf\x1e\
+\xa7\xa1\xd1\x15\x14\x97\x95\xd7\xfa\xbd0#\xff7\xdc\
\xe9\xe3\xfe/xz\xfd\x9cm\xfb?#\xfb\xc1\x08\x07\
wKF\x15\x92\xf5\xe1\x1dqE\x14\x11\x99CE\xc2\
'92\x99\x16\x1fL\xa7\xe2\xa0d\xcd\xf6\xf7\xe7\xfd\
]\xb6\x0b\xb1\xed\x07\x1f\xbdK\xc3\x7f\xb9\x9e\x8a\x0b*\
D7\x16{\xf8\x80\x99b\x22\xcdt\xe8\x80\x956\xac\
\xb3\xd3w3\xd0'\xb0\xe4\xd1\xbe}\xed\xbe\xfc[o\
|\xff\xc3\xf6n\xee\xd8A\xeb\xd1\xd1\xbd\xbb[\xe5\xff\
\xc0\xee\xae\x9c\xfb{6\xfeq\xaebu-5\xdb\x1f\
\xbd\x88\x99\xb7]\x87\xb9$\xc2\x03\xbe\x07\xdf\x87,\x01\
\x7f\xa8\xec\xd7\xf3\xda\xf5\xf0\x1ft\xef\x06\xbf\xa0\x99{\
\xf6\xb0\xfb|~\xf2\xda\xf9\xbd{9h\xdc\x18;M\
\x9fj\xa61\xa3,4i\x82\x8d\x16\xce\xb3\xaa\x9a\xa0\
\xb0S\xaa\x07:\xe5g\xc1\xbeA\xaf#\x079\xedU\
w\xb3f\xcd.k\xdev\xfd\xf5\xd7W\x91\x09'N\
\x9c\xa0\xa0\xa0 \x8a\x14\x9b =-M\xf9\x02\x80\xfd\
\xc0S\xc1\xb46\x1e\xbe\xb7\x12\xda,\xff\xdfY\xa9F\
\x1a\x9f$\xdc\xa7\xa0\xb4\xdd[\xe1\x16\xee\x1coe\xfa\
\x82\xa9\x9b\xc8\xc3\x15\x89\xc5\x0b^\x0a\xb5\xf0\x13\xa2\xfb\
\xab\xd9\xfe^\x19\xe0\xb9|\x0a\xf8\x97\xc7\xcd\xcc4\xa3\
\xe6\xfa\xee=\xd9z\x0a\xca*\xa3\x9c\x8cB\x12\x93\x8f\
\x22\xf2*(+\xb3H\xe5E\xde\xff\x8f\xfb\xfc@\xbb\
\xccWA\x8eQ\xf5\x04\x80^\x5c\xb1\xcc.\xd8\xd0\xab\
\x9e@A'\xcc\x82\x19+-[\x02\xec\x9b\x1e\x9a1\
\xdd\xa9\xf85xx\x87\x0eN\xee\xd2\xc5&z\xdc\xa4\
l\xf1\xaf\xfb\xa26\xdf!\xfa\xd8\xcd\xb3g\xdaU\x1e\
`\xd3f5\xd7\xf2\x00\xff8G\x0e\x81\xb7w\xd7\xea\
\x15\xd6\xacg\x9ee\xf2\xe0\x7f\xb6\xea\xff\xd7\x9c\xab\xd5\
\x03U\xf6\xebA\xce\xe0\xb5z}\xa9\xf5\x17\x81,\xc1\
\xbc\x11\xd1\xfd\x7f\x9e4\xd1IK\x17[h\xd3z\x03\
m\xdbd\xa4\xdd;\xb4\xba&\xd8\xfe\x99)F\xb2\x9a\
\xec\xd5p_y\xd7\xb5\xd5\xa0A\x83*2\xe1dd\
,\x1d\xce\xd6\xd1\x0f\xe9F2\x94\xebhk\xb6\x91\xe6\
\xa6\x99\xe8\xcb8\x0b\xad\xcb4\xcdx-\xcc\xceC\x93\
\xac1o\x84Y\xa9I\xa4\x95f\xa7\x1a\xcb\x9e\x91\xfb\
\x9e\xf2\xf4\xf8z\xee\x1c\x1b9\x81O\xca\xe5\x13\x22\x03\
6\xe4\x9a\x0a\xe9\x84\x8b\xf6\xe4\x19)\xac@OE%\
\x15\x14Vh\xa0\x94\x22=e\x15\xeb\xc8\x94S\xe4\xaf\
\xf9\xa9\x03++U\xeb\x05\x02\xbf8z\x03B?\x22\
O\x1e\xbe\xf2]\xdb-\xca\xf7\xbfk\x9b\xd5\xea\xcd\xb3\
\xfb\xea+\xe4\xf6\xdb\x05\xbf\x0e%\x0f\xbc5\xb8\xc0e\
\x8f\x1e\x98\xeb\xe1\x12>\xef\xaa\x96\xc7\xef\xc3\x7fk-\
.\x00\xfd\xaf\xfa\xf5\xc9\xe36\xad\xb7$\xa3w\x88\xc8\
\x01\xd2\x15\xeb\xe6#\xaf\xd0k\xff\x9f\xed;@\x1d\xd1\
\xc4\xf1\x0e\x1e\xf8\x8d\xd6+\x0c\x7fW\xa7O\xdc\xbe>\
\xc5\xabWZ_l\xdd\xcaE\xb7\xde\xec\xa6\x98(3\
\x85\x9c\xd4\xd3\xa9\x00\xa3\xaa\x03\xcaJ3\x93\xddr~\
\xec\xd7E\xfcW^]\xbe\xe8B\x81\xf9\x06:\x92g\
P\xb8\x0f=m\x10\xfdo\xa4\xf9\x82\xffg\x82\x85\x17\
\xa5\x98-/\x86\xd8yc\xb6y\xd1\xb0$\xd4s\x12\
}\x93h\xe5\xa7\x05\xdbO_\x00\xfe\xff+\xbbQ\xb4\
\x9d\xe3\x8a\x0c[\xbb$Z\x15\xfe\xa3\x04\xf7\xac\xaf\xa0\
\x90\x02\x03e\x96\xe8\xa9\xb0TG\x1f\xb4l\xed\x07W\
\x1dX\xd9\x82\x7f\xf4\xffB\x1c\xbc GOqQZ\
\xdd\x1f|\xe5\xd7\xfd\x811;\xf0\x18\xf0\x08\x8c\xa3^\
\x17\x98\x04\xd6\xbc\xb5y\xde\x9e\x7f\x9d:\xd9E'#\
\xae\x87\xb9\x81V\x9f_\xae\xa6\x9c \xf4\xfa@\xdd\x00\
t6\xec\x7f\xadv?\xfe\xd6M\xebT\xdd\xf1+\xd0\
\xed8k_i\xce\x00^\x0f\xd8\xc7\x5c1\xf8\x05\xe0\
3\xf0\xce*\xd08\x89\x96\xff;q\x82k\xda\xe7\x9f\
\xb9h\xf2D\x07\x05\x1e\xb7QI\xa1\x99L:\x13\x99\
\x0d\x16rX5\xec\xbb\x1c\xcez\xb0s~\x8b\xf8\xb7\
\x89\xbe\xdf#\x9cn\xbb`\xff\xc7\x0c\x93\x92\x03\xeb\x05\
\xffK\xd2\xd1\xdb\xf1T\x83\xdeq\x16n\x1cf\xe3\xec\
\x12\xe3\xa3\xe3\x93\xe5\xf3\xb6\x97?\xd21\xc6\xca\x8f\x87\
\x9e\xe1\xfe\xcf\x87\xdbj\x94\x03\xe0\x08\x8f\xc8\xe3>\x88\
\x97\xef\xcbX\xd1fa\x96\x89v\x0a\xfe\xa3\x81\x7f.\
\xa2\xc3\xf9FJ+\xd6Sy\x99N\xf9.\xfc\xeb\xf2\
_9i\x06\xd5\x03\x083\x82a\x07\xc0?\x0e\xfc\x0b\
\x8f\xc7\x1c\xd1=\xf0\xd57~\xa3\xea\x5c\x10o\x1e0\
0\xfd\x81'\xef\xf6\xab\xde\x0e\xd5o\x13\xf9\xfb_\xf7\
5\xd7\xa8\xff\xbdv:\xe6\x88t\xf0\xe0\x1f}\xfd\xc7\
\xa8\x18]\xd1\x13\xbbTO\xc2\xc0\xeb\xd0\xeb\x03u\xfe\
\xad*\xe5\x15\xe3}\x90\x1f\x8c\xf7\xc5\xf3\x86\x0dq\xfa\
^\xafrl\x11\xf6\x078\xcb\xc6\xf5V\xd5\xf7'7\
\xcbB6\xb3\xb6\xed\x16+9lJ\x06\xdc*\x97W\
\xfd\x16\xf1_!\xd8\xdb!\xd8\x9f\x96b\x96\xcfr=\
\x1d\x13\xfc\xaf\xc94\xd2\x02\xd1\xffl)\x7f\xa9}\x94\
\x95?\x88\x86\xbc=\xdd\x00\xfa?\xb2\xd0\xf8u\xe3\x08\
\x1b\xff7T\xd3\xef/\xa2\xc7gd\xcd\xfa\x1f\x1c\xe1\
!\xc1\x7f\xff\x14\xf4Y(zd}\x8e\x89\x0e\x08\xe6\
c\x8b\x0c\xd47\xd9JGO\x1b)F\xae\xebE\x06\
\xf9W\x1d\xc1\x7f\xbaA\xd5\xfb\x83\x07\xa0N\x1e\xf8G\
\xcf/\xd1\xc3\xff\xde\xb3\xc3\xa2\xfa\xf2 \x96\xef\xed\xef\
[-\xef\xbe=\xe6\x84\x8aN\xfe\x5c\x93\x11\xd0\xff\xbd\
{\x99\xab\xd4\x03\x9f\x8d\x7f\xd8\xeb\xb0\xff\xbdq~\xc4\
\xe7\xe4\xf7\xf4\x10l\x0e\xd1Q7\xacYiU\xf6\xbf\
\x17\xebx\x0e|\x02\xde\x98\x01\xde\x07\xbdC+\xe7\x16\
\xe01\xf0%\x22\xb7\xc0T\xaek\x05[b\xaf\xe0\xbf\
0\xcf,\xf6\xbe\xc2\x7f\x03\xc8\x00\xe0\x1f~~\xe0\xdc\
#\x0b~3\xf8\x87\x7f\x10\xdc;Zx\xf8\x0f\xd0\xf7\
\x86\x0a:*\xf8_!<`d\x92\x99b\x0b\xf5S\
\x1b\x89\xee\xff\x22\xc6Z\xf8a\xb4\x8d\xbe\x88\xb5\xd2\xb2\
\x0cS\x00r}\x9f\xf4\xe0\xdf\x1b\xfb{\xf1\xac\x99\x7f\
\xe0\x03O\xca\xf9\x7f\xc2\x1c\xbc(\x1b\xbe?\xbab\x9f\
`\xff\x94\xbcW\x8a\xe8\xfcp\xe1\x00\x89b\xfbC\xff\
\x1b\xfd\xf8\xaf3+/\xc3@\xb9\xb2q\x99\x14kT\
\xfc\x1f=\xb3&N\x80\xdfo\xa9\xf0\xe4\xf8\x9b\x13\xa2\
\x8d\xdbP\x7fW\xb9?\xa7\x97\x93\xa3\x9f\x07\xe2\xf7\xde\
x\x00p\xdd\xb7\xafM\xe9k\xefn\xd3\xb6j~\x00\
\xf8;f\x06`\xc6\x08z\x010\x97\xbc,6\xbd\x9a\
M\x84\x99D\x22\x8fz\xae_cI\xda\xb7\xdb\xbc\x1f\
\xb2\x02\xaf\x8d\x9c\x03/\x17\x80\xdf\x005\x04\xf0#x\
{\x0dAN\xa0/\x01b\x8b\xc9q\x86\xd5\xe8\xff\x07\
\x1b\xa6\xa4\xc0\x0c\xec_)\xfb\xe6\xca\x1c\xe0|\xbb\xae\
\xae;\xff\xfaWJ\x17\x0c&\x14\xea)8_\xc3\xe3\
^\xb1\x05\x80\xff\xb7\xc3m\xb46\xcb\x18\xf3\x9c\xd8\xfe\
3\xd2\xac\x07>\x8b\xb1\x12-a\x1a/\xba\xfcQ\xb9\
\xefi\xc1\xbf7\xe7\xff\xd9J\xbd~_\x888s\x1f\
\xe6\x80\xbf(\xdc\xe0T\xa1!\x97\x8e\xb0\xd2\xf7\xd1\xa2\
\xefK\x84s\x00\xf7\xa7K\xf5\xea\xfa3O?\xed\x07\
V\x1dY\x88\x85\xe5g\x1a\xe8t\xb6^\xe1?1\x06\
\xbe2mv\x00bf\x1b\xd6\x80\x93\xc7\xdc\x85\x18\x1d\
b\x7f\x95\xebn\x81u\xf4\xdf\xa8<\xdb\xe3\xb3\xcfX\
lt\xb7\xcfG\x80\x5c\x01\xd5\x0b\xb4\xd5\x19\x99\xa1\xf5\
\x10\xd7\xea\x09\xd6\xaf\xb1*\xbe\x8e\xbe\x82\xc8\xc7\xc3{\
\xce\x9bm#\xe1\xfa\xf4\xd8\x7f\x99\xfa\xf7s\x96\xc0G\
\xe8\xf57x\xfb\x81 /p\xech\x87\xaf\xee\x1f~\
\x04\xf4\x19\x89\x8b4F3\xcf\xba\x0a3O\xd0\xb7\x0c\
\xfa\xdf\xcb\xff\xbd\xdba\xb5\xfd&\xf1_,\xba?\xe4\
\xb4\x81N\x09\xf6\xe1\x03<\x90k\xa4\x8db\xfb/\x17\
\xfc\xd3\x22\xa6QIf~Yp\xbe&\xcb\xfc\xd1H\
\x8f\xef\xaf[\x9c\x95\xff\x13\xa2\xd9\xf65\xd5\xfc<\x1f\
Q\xc9\xf7/\xd7\x9b\xc7\xd9\xb8\xa0L?wj\x86\x99\
\xf6\x8b\xfeO\x10\x19\x03\xdf\x1f|\x80\x05\x82\x7f]\x99\
_\xf7\xd7\xa5\x85:X\xec\xc2\x5c=%\xc7\x19)-\
A\xf3\x05\xa2_\x16j\xe5Q'SzZ\xbf\xb4G\
\xf7\xaasy\xa0\xd7\xbf\xe8\xec\xaaR\xc7\xa3x:f\
\x05\x0a\x1f\xc0c\x91\xa3\x8b\xde\xbc\xd3\xa6\xd8\xb5\x9e!\
-5\xfc\xc3\x9eh\xe3\xb9\x8c\x0a3\x9e\x189\xdc\xa1\
\xf0\x8f\xf7\xf4\xf6\x19DoQ\xe1\xfc\xf4\xc3B[\xa8\
\xca7h]\x15\xff\x9f}\x86~A.\xf5w@\xc6\
\xc07 \xff\x8fu\xf0Y\x02\xfbG\x0f\x98\xd4\x5c\x93\
\xc2\x5cS5\xfc\x9f\x8f\x03<\xf9\xe4\x93u\xf6\xbb<\
]\xa2\xa3\xfd\x82y\xaf\xbf\x7f\xb7G\xf7\xe3:sp\
\x83\xce1V~+\x1c\xb9\x16\xe6\xbf\x8cI\xb6\x90\xb9\
B\xdf\xa6E\x94\x8d\x1f\x0b\xf1p\xff\xf3\xd4\xfc?#\
\xfb!\xd1\xff\x9d\x13\xad\xcc\xd6\xf2v\xcb\xb35\xdb_\
\xe1\xdfUB\xdb\xf3\x8c\x94,\x1c\xc0\xe0\xe7\xfeu\x0f\
\xff9ze\xfb\xa3FVlo\xf8\xfcU\xad\x1c0\
\xc9\x9c{\x0f\xea~*\xcf\x08\xd7j\xfa\xb5\x99_\x95\
k\x01\xdbx\xeau\xda\xbd\xaf\xe9\xe3\xc9\x13\xe5\xb7f\
\xaf\xe8\xc3\x5c\xf0\x14\xea\xff\x9byfty{z\x80\
\xc3\xa3F\x1f}\x86Tn~\x98\xe6{\xc0\xfb\xa2\xb7\
\xf8\x84q\x0e\xf9;\xcc\x1d\x80u\xef\xcc!o\xbe!\
\x9e\x8bzAo\xef\xc1%\x8b\xe0C\x98{\xcdn\xe1\
\x0f\x98u\x04\xec\xa3\x97ya\xaeA\xf0^\x15\xff6\
\xc1\xbf]8\xc0\xd9\xfb\xbd\xf7\xde\xab\xd3\xf9\xea\xd9%\
z\xa5\xf7We\x02\xef\xa1J\x16\x88}OSS\xcc\
\xb0\xc9?n\x12a\xe3\x8e\xd1V\xfe\xc7)'}\x9d\
`\xa1=\xb9\xa6y\xaf\x22\x9e_\xc9\xf6?g\xbf\xaf\
H\x0d\xff\xa3\xd3\xe0\xfbK\xbcq\x8b\xbc\xf6!\xc1\x7f\
\x9c\xf0\xff\xc1)\x9a\xef\x0f>\x00\xbf\xed_\xb7\xd6k\
\xaf\xbcN\xc5\xe8\xf1}\xcaD!\x81\x98\x01\xa6\xd5\xc4\
\x81;k\xfe\xf8\xd2G\xbe\x9dlW\x5c\x1d\xd8\x07\xdf\
\x06\xee:wvW\xa9\xeb9S\x83\xefVx\x04>\
\xedF\xdd(\xd1\xf1j^\x80\xa9\x5c\xd7}\xf8P\xad\
\x7fg3O}\x0ef\x0e\x83\x83\xa2\x0e\x17\xf6\x86V\
\x9b\x9b\xa4\xfa\x0e.]l\xa3\xf9s\xd1\x83h\xcf\xd5\
\x13'8\x14W\xf0\xf6\x17\xc5u\xd8\xfe\x88#B&\
!V0w\xb6\xe6\xf7\xc7s\x03\x8fj\xb5\xfee\xa7\
Q\xe7\x97F\x16\xa3\xa5\xba\x0d`wT\xc1\xfe\xb5\xd7\
^[\xa7\xb1\x8f\xbf=Ytq\xb8\xf0\xff]\xa2\xf7\
\xc1\xc9\xbd\xf8\x1f,X\xdf\x9bcX\xd4Pp>,\
\xc9\x9a\xf1t\x90\x95n\x0bt\xe2\xcc\xf2\xb8\xdc\xf7T\
\xe8\xf9u\xbf\xea\xf7%\x97\xff\x95\xbd4\xdbTzM\
\x90\x936\xcak\x07\xc8{\xa5\x8b\xcc9\xe6\xf1\xfb'\
\xfb}\x7fun\xd5\xabw\x95\xc2?r\xfe\x80{\xf4\
\xc6\x80\x0f\x10\xfa\x1f\xbd\xb3\xde|\x8b\x91\x1f\x14\x09]\
\x0f\xae\x8f\xdc~\xe0\x1f\xfd\xbf\xbcy\xc0^^\x80\xed\
\xd5\xd3\x82g\xeb\x9d\x7fee\xcfo\x5c\xa7\xf5\x10\xcd\
J5\xac\x83\xdd\xfezcV\xf5\x7f\xc9q\x864\xdc\
\x7fX\xf45f\x96\xa3G\x1f\xfas\xef\xdfm&\xe4\
\x02\xa0f\xafm\x1b&\x91#\xcd\xe4\xb1G\x91\x17\xe0\
}}\xf0~\xf8\x1eaW\xc0\xef\x87Y\x02\xcc9w\
\xe0\xb9\xe01\xf0c\xa0\xd7'\xfa\x99\x1a*\xaa\xfb\x00\
\xb0\xa7O\x9b\xae\xf2i\x7f\x0b\xeb\x8f7\xddD\xc1\x82\
\xc7\xe3\xa2\xff\xc1\xfb\xe3\x0a\xf5*\xffG\xd9\xfe{\xdd\
\x88\xff[_\x10\x9e?'\xd3\xdag`\xa2\x95h\xb7\
\x8b\x06$V\xf7\xfd\x9d\xab\xe6\x0f\xd8\x7f9\xca\xce!\
\x85\x86c\x9f\xcb\xf3\xc1\xf7\x91\xef\xe7\xa8\xd0\xa9\x1c\x80\
D\xc1~\xae\xc8\x02\x7f\xbd_\xdd[W\x89\x0c@\x0c\
\x10\xf1\xff\xf4dm\x16 \xf2ea\xffC\xa7BO\
{gzx\xe7wb\xc3\xc6\xc7}J\x0f{\xfc\xef\
\x90\x13\xa2\xb7\x05\x8b\xc5\x8faF\x08x=\xe4\x08\xf0\
\xac\xf4\xf3vs:\x9e\xa3\xf9\xfdK\xdb\x80\xfb#\xdf\
\x00y\x87\x98M\x04\xde\xe1\xcd?B\xefa\xf4\xee\xd8\
\xa6\xe6\x0e\xc4\xdc\xb9\xf4\x07+\xbf\xfd\xf6\x99\xfe\xdf\xc8\
\x07\x02\x9f\x80L\x89\x8f6\x1e\x15\x1b\xf7Z<72\
\xd4\x93\xd3,2-U\xcdA7T\xc3~\xb3\xa6M\
\x7fS\xbf\xd5\xbcr\xf9\xbc\x04\xf7\x9b\x05\xf3+\x85\xff\
\xef\xcd\xd5\xf2\x7ff\xa6\xcawx\x88\xe9\x9bx\x0b\xbf\
$X\x8f\xcc\xd7_?$\x11\xb5\x0f\xe5Ot\x8a=\
\xbf\xef\xaf2\xfe\xff#\xdc\xbfe\x9c\x8d\x9d:\xdd\xd4\
qi\xe63\xb6\xbf\xb9\x9cV\xe5\x98(I\xf0_\xea\
\xf7\xfd\xd5]?@\x8e^\xe9_l\xd8\x02\x88\xc5o\
\x10l\x0a\xb6i\xfcXG\x14\xf4l\x9bJ\xbd5\xbc\
s86o\x80=X>f\xd9b\xab\x1d\xfc\x7f\x83\
\x9a\xc1Q\xdcr\xf1Bm\x0e\x0f\xf0\x0c.\x81\x5cb\
\xcc\xe2\x92\xb3\x17\x90\xbf\x8b\x18?\xe4\x01|\xfex?\
\xe4\x1f0gk\xbd\xb9\xc2\x8djn\xb9w~1\xec\
\x83\x01\xdf\xa8\xf9\xa3\xd3Pg\x04\xdf\x82\xd7\x17\x80\xbf\
E^[\xbd\x16\xfe\xe6\xa0\xe3Z\xafO\xf85\x90\xd3\
\x04\xb9\x96\x9b\xa1\xa7\xab\xae\xfam\xcf\x9eM-\x11]\
/\xb8\x9f%\xd8\xec\x19+\x9f\xb5`rn\xba\x99\xa6\
\xa4\xa8\xcf\xfc\x8fm#m\xdc&\x0ar\xf9\xe8\x95\x83\
\x05\xff\xc1\xf9\x86w\x9aD\x9e\xc9\xfb9g\xcd\xbf\xb7\
\xe6O\xf0\xdf'\x19\xdfm\xc93\x1b\xe4\xb5\x8f\x08\xe7\
G\xdc\x9f9E\xe5\x00C\xff\xfb\xf3~\xea>\xfe\x81\
\x15\xf0f\xe0\x0e\xfa\xf7\xbf\x8f3f\x08\xa7{\xf3\xff\
\xd0\x0b\x10\xbc\x1b6\xb8\xf0s\xf9=d\xff\x1b\xf6\xbd\
\xe8\xf27vm\xb3\xb0\xb1L\xf7\xcd\xd6\x8d\x16:\xb0\
W\xc3>\xf2\xee\xc1'\x80s\xf8\xf5\x06\x0ep\xe22\
\x22<\xd8\x18\x87z\x7f\xe8k\xe4\x1c\xc1\x06\x01oG\
.\xb2\xdd\xe6&]\xb9\x9d\xcaJ\xac\x94\x9ahV\xfd\
\xc8\xb5y\xc5\xc9\xb7\xc9\xa5\xf2Axg\x0f 'H\
\xf0\xbe}\xe4\x08\x87\xc2?|\x88\xc0\xbc\xcb\x5c\xa1.\
1\xe3\x10\xb3\x0e\x7f\xeb+\xa1PG\x1b\xb2\x8c\xf4u\
<|\xb6%\xb4-G\x93\x05c\x92,\x14[`h\
\xfbN\xb8\x8d[E\xd8\xe2ZD\xd8\xe8\xf3X+\xcd\
J\xb7\xf6y1L\xb3\xfdk\xf3\xfd=\xe5\xf1\xfd\xcf\
\xca@\xde\xcf\x89k\xc0\xf7O\xc0\xf6\x17\xcc\xc3\x0e\x80\
\xdf/\xe9g\xb0\xfd\xb5\xbe(7S\x8b\xe6-\xaa\xe4\
c\x9d\x1d\xa3\xe9\xd8\xb1#\xddr\xcb-~[\xe3g\
\x5c\xe0\xdf\x89\xa27\x85G+\xbcz\xf5.\xf4\xea\xaa\
\x15V\x95\x03\x0c\xff\xdb\xd4)v\x16\x8c&\xed\xdfc\
Nc.\xb8\x07=\xc2\xf08\x0d\x9f\xe5\x1dE\x1f\x5c\
\x0b}\x8e\xb9a\xa8)\xc2\xeb\x22\xaf Dn#\xbf\
\x07\xf69\xc6V\x89N\xba\x09\xef\x11r\xd2\xa8\xe6\x0e\
\xa1\xf6\x08|\xfdt\xb6A\xf5\x1f`\xb7\x8b\xdc.\x17\
Y\xcd\x0e\xd5\x8b\x08\xb9|\x981\xca\x1c}\xb3\xd8\x15\
Q\xb0C\xf07\x0dT\xb3?\xcb\x9a\x83[\xc0\xef\x0f\
\xbf\x9f\xfc\x1d\xea:\xf0\x8f\x99\xc7\x98w\xfa[_\xd1\
\xf9\xe5t,\xa7\x9c\xe6\xa7\xe8(\xaf\xb8Bl\x7f\x83\
\xe0\xdfD\x1fE[hU\x96i\xf3\xf3\x82\xf31)\
\xd6#\x1f\xc6\xd8\xe8\xf9P\x1b\x8dK\xb1f!\xe7\xef\
Bl\xff'<u\xbf;\xf2\x8c\xb97\x05;i\x97\
`>\xa8@\x8b\xf7G\x0a\xf6S\x05\xfb\x88=\x5c\x0c\
\xfe\x81\xe5G\xff\xf3h\x8d\xf9\x98\xe7\x8a\xd5\xbe\xf0\xc2\
\x0b~\x19\xf03-p\xf4c\x1e=\x8b\xfa?\xe0G\
\xc3t\xe9\x93\xa2[U\xdd\x8d\xe8\xf5l\xf4\xd2\xba\xaa\
\x01S\xabV\xac\xe6\x83\xc3\xb6G_\x0d\xc8\x0c\xe8q\
`\x18\xbe7\xc4\x13\xd3\x85\x7f\x97\x15js\xc7#=\
2\x05\xbe>\xf8\x16\xf0\x1e\xa1\xa7\x8c\xaa/wV\xaa\
^\xf5\xe6\x07\xf77\xe8\xac\xe4r\xb2l\x97g;!\
\x07\x1a\x08\xc8\xaf\xdc\xb1U\x9b5\xcc\x1cw\x13\xf2\xfc\
\xe1G\xc4L \xe6\xf4\xbf\xee\xdb\xad\xf5\xf7\x04\xf7_\
'r\x02\xaf\x0f\xd9\xa3/\xd1\xd1\xcb/\xfe\xb6\xf3\xd1\
0\xb3\xe4dv\x09\x05d\x95\xd2\x81\xcc\x12:\x9c]\
N\xeb\xd2+h\xae\xd8Tw\x07\xdahl\x8a\xb9\xe2\
\x09\xc1\xf8\x97I\xf6\xd7\xfb+\xdb?\xf3\x0f_'\x5c\
\x80\xed\x1fy\xc6\xf7\xd78\xc6\xc6\xf1E\xfa\x85\xa3R\
\xc5\xb6\xc85\xaaZ?\xc4\x18\x82=5\x7fE\x22\x0b\
\xd0W\xee\xa7.\xd4\x0by\xf1\x8e~L\xe7\xc5\xbe\xdd\
N6\xa3\x85z|\xdd\x8b\xee\xbc\xf3N\xbf\x0c\xf8\x19\
\x16\xb8>|t\xc3\x879\x15.\xe1\x7f\x83\xdf>\x22\
\xd88`\xf6\xf7v\x16\xbb\xfaCp\x01\xf8\xe4\xa1\xc3\
\x81a\xe8s\xc4\x0b\xa1s\xe1o\x83\x9f-']\xb3\
#\x90O\xe8\x9d1\xce|\xd07O\x10\x18\x85m\x8f\
\x99<\xca?\x1fc\xf0\xf4\xe3)Q\xef\xe7\x94\xef\xde\
\xe5\xb4U\xc1\xbf\xec+\x99]\xf5\x02\x03\xac\xb4a\xad\
\x95\xbe\x9fa\xa3\xfclc\x7f\xf4\x11\xc0L oo\
/\xc8\x0f5\xbb0L\x93?\x19bKXt\x15\x97\
UO\x9fK\xb1\x1e~\xf41\xda\x96VB[RK\
h]r1mN/\xa7\xa5)\xe5\xb4 \x19\xb3\x9d\
\x83n\xef\x11\xad\xe7F\x82\xe3\xb2b\xdd3\xa3\x92`\
\x1f\x94\xff\xb9m\xf4\x05\xe4\xfdxl\xffG\x84\xfbw\
\x10y\xc1\x96\xf2&\xf32\xcd\xb4)W\xd3\xff\xccy\
\x8a\x0b\xc4\x17\x19T\xcd\xdf\xc5\xac\xdaj\xb2+\xcb\x02\
\xa7\xfc&\xf0;Q\x97\xb2\x1fx\xe0\x01?\x80/r\
\xc1\x0f\xbf|\xa9\x95>\xfe\x98\x15W\x07\xc6\x91\x87\xb7\
\xeaG\xe5+\xfe\xbf\xe1\xc3\x1c\xb4e\xa3\xe6\x8f\xf7b\
M\xe5\xeb\x84\x02sz*\xc9\xd76\xb8v\xb9\xe8\xfc\
\x8a\x22\x9d\x9a1^\x22\xb7\xbf\xee\xe5\xa4\xb0\x10\x13\x9d\
<\xaea\x1f\xf2%\xd2\xcb\x17|\xf8\xcfPr\xc2\x83\
\xf7\xca\xd8W\x1b\xdfwL\xa4\x95\xf6\xed\x16\xce\xb1K\
\x9bEz\xea\xb8Y/\xaf\xb7m\xc4p\xa7\xaf\xbf?\
\xde\x0f\xd8G\x8f?\xc8\xa0\xfa\xf5\xaf\xfa\xcd\x7fwe\
\x06+MK(\xa7!1\xe5D\x0b\xcb\x14\xfe\xe7\x09\
\xf6'%\x08\xfe\x0b\xd2\x1e~;\xc2\xc2\xed\xa2\xc4v\
7\xe5>9>\xc9$:\xdb\xd4\xff\x0d\xc1\xf7\xe3\xff\
C\xde\xcf@U\xf3\xf7\xe3UkrL$v\x00\x05\
\x0a\xfe\xb7\xe5\x9a\xe8\xb8'\xef\xe7b}\x7f\x17\x8a}\
l\x97\xd8\x86N\x87\xa3\x8a\x0c\xf0\xf7\x1a\xb9\xb8\x05\xdb\
\x1as\xb3\xfb\xf7s)=\x8d\xd8\x1fb\xf1\xd0\xc9\x90\
\x03\xd8\xc0>\xec\x02`\x1fu\x83\x98\xa7\x83>\x9a\x83\
\x06\xb8\xd4\xa5\xd8\xf4\x9e]\xe4\xb9\x1dC\xc6\xb2r\xc1\
\xa6\xe8\x88H\x83\xd2\xf9xnl\x84A\xf1t\xf8\xe7\
\xc1\xfd\x8b\xf2\x80\xffR\x9a>\xb1\xb4\x0a\xe6+o\xb7\
\xcbI\x99\xe9V\x91\x1df:~\x142\xc0B/\xbd\
\xe8\xa6\xce\x9f\xd9\xe9\xc4Q-w89^\x9b\xeb\xa5\
\xe6\xfb\xe4h\xb2\xe8\xf7\xc0\x0d\xcb\xf4fZ\x9ee\xa2\
\xb7E>\xb2\xa5\x846d\xe8\xe8\xbbd=\xf5\x893\
\xd2\xd1\x8c\xe2\xf9O\x86\xdaxD\xa2Q\xf1\xa4\x11\x09\
F\x9a\x95\xa4\xdb\xdc0\xfc\x1c\xba\xbf\xb2\x1c\xf0\xf8\xfe\
\x1e\x09Wy?\xea\xf9\xf0\xfd!\xd7\x0f\xf9\xfe\xf0\xff\
\xa3\xee\x07\xfc\xdft\x91\xb6\xff\x85b_\xe9\x7f`\xdf\
\xe9\xac\xb2\x1fy\xe4\x11?\x88/b\x81\xd7\xc3\xb6F\
\xfd\xdd\xb1C&5\xff\x136\x01d\x00\xe6h\xe26\
\xf8>\xb8\x010\x0e\x8e\xad\xd5\x0b\x19(\xd1\xe33T\
|^\xc5\xdc\x8dZO\x91H#\x95\x15\xe8=}w\
\x0d*\x16P\x19\xff\x88\xcdg\xa6x\xf1_L\x0d_\
\x5cZ\x09\xf3\x8e*\xf8G\x9f\xc2\xbc,3\xa5$`\
\x96\x97\x99\xc2C\x903$;\xccLa\xc1f\x8a\x8d\
4)\x1b\xc4i\xd6\xa9K\xbcfy\xd1\xef#\x1eU\
\xa63Q\x5c\x89\x99\xd6\xe5Y\xa9\xac\xa4B\xf5\xfb\x98\
\x9ab\xa2/\xe3\xcd49\xd9\xb4\xe1\xe1P\x07\xaf\xc8\
2+\xfc2\xdf[\x7f|t\xb1\x8a\xfb=\xed\xe9\xf5\
\xfb\xfc\xb9\xfa\xfd\x08\xfe\x1f\xf7\xc8\x81\x80\xd3\xc6\x80w\
bm\x0a\xff\xc8\xfb)+\xd3\x0b\xef\xd7S\xbe\xa7\xe6\
\xef\xce\x8b\xb0\xfd\xd1{\xfd<\xf8\xaf'\xbb\x81\xe0\xfe\
\x0a\xaf\xed_\x13\xfe\xb1\xfd\xeb\xa7/p\x7f\xf4\xdf\x1d\
5\xd2A\x07\x05\xe7\xc0\xfc6\x0f\xf6\x11\xbb\x87\x8f?\
\xf0\x98Y\xf5\xd2\x02\x86\x81]p\x00\xc4\x0bs\x84\xff\
\xa3n\x08\x98\x87\x0f\x00\xf5\xc4\xa8)\x04\x0e\xfb\xf7\x1d\
@}zM\xf3\xe1\x1f\xf9\xfd\xb1\x91\x1e\xfd\x8f\xdc\x1c\
\xc1\x7fq\x9e\x8ez\xf7hE\xb7\xde\xfa\x7f\xe7\xd4\xff\
\x0e\xbbS\xec\x0b\x1d\x15\xe6\x99('\xc3D\x19\xf2\xfb\
NK\xd2v\xba\x5c\xcfJ3\xa9^\x86\xcc\x1a\xfe\x11\
O\xd4\x15\xffN\xf0_!|\xacLd\xac\xc8\x80$\
\xb1\xc5\xb7\x0aG\xffQ\xect\xda\x87^\xdf\xd6\x82\x87\
\x82\x1c\xdc:\xca\xc6_\xc5\x19yT\x82\x9e[\x87\x19\
\x14\xf7\x7f\xe6,\xbc\x9f-\x07\x9e\x8d\xd0\xf2~Z\xc4\
\xda\xb8\xa2L7{r\xbaY\xe1\x1f\xb9\xbel\xac\xa0\
u\xf2>\xd0\xff\xa8\xf9\xfb\xa9<\xeb\xd6[oU\x98\
\xae\xdc\x8b\xa1\xf2u]E\x05n_\x87~-v\x9b\
\x8d\x1c\x8a\xf7\xfb\xf1\xffs\xaf7\xdf\xe8\xa4p\x8e\x9e\
9\x1b\xd7[\x94\xef\x1f6\x00\xfc\x80\xf0\xf1!\x17\x07\
\xba\x1fz\x1ey\xc2\x99\xc2\xb1\x8br5\x8e\x0d[\xff\
\xe4\xb1\xa3\x17=C\x03\xbf\xa1W\x1a6<'\xff\xff\
\xd3S\xd0_\x82q\xb7\x91\xdc6\xd1\xf5\x16\xcf\xb6\x1a\
\xc8m\x07\xf6M\xb4em9-\xd9\xc0TQXA\
\xf7\xdc}\xcf\xef\x06\xff\xa7\xcb\x84s\x95\xa2\x1e\xc7\x88\
\xba\x1eZ#\xf6\xc0;\x116\xe4\x02\xff\xd8/\xde\xc2\
m\xa2\xac\xfcR\x84\x83\x1f\x0bu*\xbf\xff\x93\xe7\xea\
\xf5[\xb9\xdf\x97'\xee\xdf=\xc9*\xf4\xab\xf4\xe5U\
\xd9&\x95\xeb\xa3\xf0\xcf9\xb4H\xde\x03~\x80\x8b\xb1\
\xfd\x81e\xe0\x1f5\x99\xc00\xb0\xef\xad\xc9\xf0\xf2}\
\x5c\xc7\xb2\x9a-\xf5\x5c.\xd7\xd5^\xfcW\xf1\x0f\xf9\
\xf1\x7fQ\xab^\xbd\xfaJ\xd7\x03\xf7\x88\xa5\x83\xfbc\
f\xde\x01\x0f\xfe\xe1\xb7G_\x10p|\xf8\xd9\xf2\xe4\
\xb7\x00\x0ep\xc3\x0d\x7f\xf8Y\xff\x0e\xc8\x00\xe8\x84^\
\xbdzU\xe3\xff\x85y\x16\xca\x16\x1d\x94\x96l\xa6\xe4\
\x04m#?(=\xc5LY\xe9\xa2\xff\xe5w\xcfN\
\x8d\x83\xc0\x17\xf9{\x99;_Vn\x10\xfc\x1b(\xa3\
\xc4\xa0|\xf1\x07\x05\xa3\xab3M\xaa\xf6\xe7\xcdp\xd4\
P\xc5]\xc7\x86\xf2\x0f\xd3\x8a\x0d}\xe7\xa4\x1aO\xbc\
\x1ab\xe2G\xc3\x1c\xaa\xdf\xef3\xe7\xe9\xf9\x89~\xa0\
\x0f\x0b\xfe'\xa4\xc3\xf7\xb7\xbc>\xfa}\xed\xf7\xf4\xfb\
\x82,@\x0e`\xd0%\xc3\xbfU\xdd\x87m\xd3\xf6\xf5\
\xb2\xff\xcf\xedv5\xa8\x09\xff.?\xfe\x7f\x16\x19\xd0\
\xb8Q\x07\xe5\xf3\xdb\xb1E\xe3\x02J\xff\x1f2+\x9f\
`x\xb0\x09=\x011\xa3\x87\xdeo\xf3\x11]u\xd5\
\xa5\xef\xf1\x08yp\xff\xfd\xff\x22\x83\xceN\xbaR\x13\
\x95\x15\x99\xa9\xf8\xb4I\xd9\x01\xd8E\xf9&u\xbb\xa4\
\xd0D\x15\xa5&\xc5\x01\x16\xce[\xfb\xbb\xea?YV\
\x0e;\x5c\xec\xa9b\x03%\x14\xa1\xf7\xaf\x91\xb6e\x1b\
U\x1d06j\x80f\x8b}41\x19\x9f\xcf\x81\x06\
c\x12\x8d\xd9\x8d\x22\xd0\xcf\xcb\xc1O\x87\xd9\xaa\xf4\xfe\
\xad\xbc\x9f\xf0\xf4\xfcX\x99c\xca~4\xc2N\xc8\xfb\
E\xad_\x8e\xa7\xe6\x0f>@\xd4\x00lX\xb7\xfeg\
\xc7\xbf\xcd\xa2\xfa4\xd4\x83\xaf\x1f\xf8\xc7|&\xec\xca\
\xf6\xbf\x1f\xff\xbf\x9fu\xcd5\xd7\x88}\xb2K\xd5\xf2\
\x01\xe7\xe5\xc5\x9e]bRrA/\xf6\xafYo\xa2\
\xdbn\xbb\xf9w\x97\x0fRV\xa1\xe9~\xd4\xe2\x87\xe7\
\xe9(@t\xf4\xa1\x5c\xa3\xaf\x0f\xf0\xa6,#\xad\xc8\
4\xaa|@\xc8\x00\x1a\xc8\xf0\x11\x1c\xee\x9d`\xe5w\
\xa3m\xaa\xc7\x0f\xb0\xfeX\xa8\x9d\x1f\x0f\xc3u\x87\x5c\
:T\xaf\xcf\xc6Qv\x0e/2\xec\xff0\xdeF\xdb\
\xbcq\x7f]\x85\xaa\xfdE\xbd1j\xfe.&\xbf\xa2\
&\xfc;\xc4\xce7\xeb\xd0\xb7\xc1z\x87\xcdl\xb9Z\
\xc9\x02\xf0\x01\x9b\xad\x8a\xff\xdf\x87}\x97\x1f\xff\xfe\xf5\
\xfb]o\xbd\xf5\x16Y\xca\xca\x89\xcd%\x14(v\xcf\
\xc6\x1c+\x9d\xcc7\xd0\x09\xd9\xe8\xff\x8b\x1e\xa0;r\
\x0c\xb44\xc3H\xdf\x8b\x0c\x98\x9cj\xa6w\xa3`\x17\
\x94\xdc\xbf/\xcf0iJ\x9a\xb9\xf0\x93x\xabY6\
7\x13y\xf0f\xa4\x95\x913\xd02\xd2\xccc\x92M\
\xc2\xfd+\xee[,<\x02=?\x10\xebg{\x09\x1d\
\xc97(\xdf_i\xe9E\xc6\xfd/\x90\xff\xab\xeb\x1e\
\xfc\xa3w\x83\xd3\xe7\x17\xd2\xf2\xc4[\xb7\xf6\xcf\x1b\xf0\
\xaf\xdf\xe7\x82\xfe-\x12\x1c\xa2\xff\xd7i\xd1\xc7\xa8\xfd\
\x8f\x95\x1d^\xa0a\x1fu\x81\xf1r\xdb[\x1b\xbcH\
\xec\x81\x05\xb2\xbfO7S\xf7\x04+\x89\xfe':\xec\
&v\x96?\x9aRfxdg\xea\xe9\x87\x02S\xb2\
\x1e\xe1\xbc\x8c'h\x19\xd3\x84\x14#-\x11\xfe\xb0\xcd\
\x83\x7fj\xc5\x84\xde\xbf\xe8/\xaa/\xab\xf8E\xf0\xaf\
8\x80\xc2\xbfv\xe6p\xbbU,\xc0\xbb\xfd9\xc0\xfe\
\xf5{^\xd7^{\x1de!\x17Gv\xa2`\x1dx\
\x8f,\xd0\xfa\x81\xa1/\x00\xfd`\xa4Sb\xb3\xef\xcf\
3\x0a\xf77\xd2\xea,\x13-\x14\x19\xf0\x9d\xc8\x80\xf1\
\xc2\x07\xc6\xa4Zh\x82\x5c\xf6K\x12\x99\x10g\xa4\xde\
\xb1z\x1a\x9d\xa0\xa3i\xc9:\x9a\x95j\x10\xfbA^\
\xc7\x93\xf7?]\x9e\x03\xfc\xab~_\x17\x89\xff\x1f\x16\
-\xba0\xfc\x9b-\xe4f\xae\x16\xff\x07\x07\xb8\xeb\xae\
\xbb\xfc?\x00\xff\xfa\xdd\xaf\xfa\xf5\xaf\xa6/z\xf6\xa6\
T\xd1\xcbI\xb2cD\x06\x04\x89\x9d~0\xd7@\x9d\
Uo\xb5r2\x95\xeb)\xa2@\x8b\x11l\x17<\xc3\
\x8f?_\xe4\xc0\x0c\xc14\xf0?8\xc9D}\xe2\x8d\
\xd4?NOc\x12*\xe8\xfb\xe4\x0aZ\x9a\xa6\xa3\x8d\
Yz\xda+\xafs\xaa\xd0H\x87\xe4\xb9\xc8\xfb\x0d.\
0\xd2=w\xdd}\x91\x7fs\xfd\x0b\xc6\xbf:\xb7\x9f\
\xc9\x01r\x09\xef\xbf\xed\xb6\xdb\xfc_\xbc\x7f\xf9WM\
v\x81p\x82\x0fc,46M\xf8\xfd*;ML\
1\xd3z\xc1\xfb\x06\xd9\x13T_\x904\xca\x10{\x01\
r`\x9e\xd8\x05\xc0\xff@\xc1\x7f/\xd1\xff}\x05\xff\
\xa3D\xff\xcf\x12\xfc\xafJ\xaf\xa0\xdd\xd9::\x95\xaf\
W\xf3\xa1\x93\x8bP\xfb\x8f\xba?\xe3\xcf\xc2\xbb!\x03\
\xda\xb4nS;\xfe]g\xf0\xdf\xb4i\xd3\xcb.\xc6\
\xc3\x97\xc9\xb2R\xbd\xf3\x9e\x1f!\xba\xe7|\xe7#\xe9\
\xfc/\x80\xff\xebM\xb5\x9c_q\xeec7\x9d\xff\x05\
\xdc\xb5|\x9a\x9e\xf3s\xbe\x80\xd7\x11<\xa2\x96\xf3\x06\
\xb5\x9c\x9f\xebC\xf2\x9d\xd7;\xd7\xc7\xef]\x0dk9\
\xa7\xda\xceo\xaa\xe5\xbc\xc6?\xb1\xf2y\x83Z\xcek\
\xfa\x0b\xaa\x10\xfaz\xb5\x9c\xd7\xf0\x7f\xac\xa8\x05\x15g\
\x9dW\xfb/dV=\xbf\xa2\x96\xf3j\x1fRf-\
\xb8<r\xf6y\xbdZ\xce\xcf\xfa%U?oP\xcb\
y\xd5\xffc\x0d\xe7W\xd4r^\xe5\x05F\xd6${\
F\xd4r~O-\xe7t\xe1\xe7ti\xcf\xddu\xfc\
\xdc\xf9+\x9f[/\xcb\xf3+\xce\x05\xffj\x10\xba\xd8\
\xf3\xcc\xcb\xfc\xfc\xc8e~^3\xfco\xba\xc8\xf3{\
.\xf8\x9c.\xed\xb9\xfb\xd2\x9c7\xfc\xb9\xce\x9d?\xed\
|\xc4%>\xbf\xcc\xc5\x0b\xd5\x22\x1e\xae\xf8\xc5\xcek\
\x86\x7f\xbd_\xf9\xfc\xb7.^.\xfc\x9c~]\xf1\xf3\
+\x89\xaf:#~.k\xf1r\x84\xce\xcfn\xe4\xbc\
\xe2W9\xaf\xe7;\xcf\xbc\xcc\xcf\xcf+\x1e.\xd9\xf9\
M\xbf\xb2\xf8\xb9\xdc\xc5K\xc3_\x8a\xdd\xb8\x7f\x1d\xf6\
r\xa9\xc5\xd3\x88_\xcax\xfau\xce\xeb\xd5\xf1\xf3\x06\
\xbf\xf2\xf9M\xb5\x18\xef\x17{~O-\xce\x95\xff\xe1\
\xfc\xc8\xafq\xde\xf0W>\x1f\xf1\xcb\x9dg\xd6r\xee\
\xac-\xb0P\xdb\xf9\x91\x9f\xff\xbcF\xef\xe4\x95\xb5\x9c\
\xd7\xcb\xac\xe5\xdc]\xcb\xf9\x19\xaaS\xaf\xe6s\xae\xed\
\xdcy\xbes\xfc(F\xd6rn\xad\xe5\xdcs\xa3\xc1\
9\xcf\xdd\xb5\x9ck\xb7\x1a\xd4\xe8\x9do\xe8\xe3\x13\xb5\
\x9d\xdft\x9es\xfa\x19\xce\xef\xf9\xe9\xe7\xee\x0b9o\
x)\xce\xebq\xcd\xe7\xee*\x98\xbb\xa0\xf3\x11\xeeJ\
?\x01w\x95\xdf\xac\xf3\x02\xcf\xe9\xa2\xce\xad\xd5\xcf\xeb\
U:\xe7\x9f\xf9\xfc\x1e\xf6\xfd\xe6j<\xe7\xaa\xe7W\
\x9cu^\x0f_\xc29\xcf=_\xd2M\xe7=\xaf\x22\
\x0e/\xe5\xb9[}\x14\xe7>\x87\xbc\xc6\xb9\xfa:\xfe\
\x1f\x8aK\xbc\xe3\
\x00\x00\x05\xa7\
\x89\
PNG\x0d\x0a\x1a\x0a\x00\x00\x00\x0dIHDR\x00\
\x00\x00d\x00\x00\x00d\x08\x06\x00\x00\x00p\xe2\x95T\
\x00\x00\x00\x09pHYs\x00\x00\x0b\x13\x00\x00\x0b\x13\
\x01\x00\x9a\x9c\x18\x00\x00\x05YIDATx\x9c\xed\
\x9d\xdfo\x14U\x14\xc7\xef\x93\x89\xfe\x07\x84v\xce\xbd\
\xdbb;\xf7\xb6\xc4n)\xab\x84bIW[B\x22\
\xd5\xfe\x80\x8a4\x91\xb4\xd1\x86\x1a\x7f\xd4\x07m\x13\xc1\
\xed\x83%<\x98H\x8d<k\xe2\x0f\xd2\xf8\x8e>\xea\
\x03h\xd4'\x12!\xfa \x89<`\x0a.+D}\
\x19svwj\x0b[fn\xd3v\xee\x9c=\x9f\xe4\
$\xedfh\xe6\xdc\xef\xde{g>\x9bY\x84`\x18\
\x86a\x18\x86a\x18\x86a\x18\x86a\x18\x86\xa1\x8e\xd6\
\xfa!P\xfa4(s\x1d\x94\x09\x22\xeawPf\x1e\
\xffM\xd2\xe7M\x16Pf>F\x10\xab\xca\x93\xe6\xbd\
\xa4\xcf\x9b,Py\xd7\x07^\x93\xd9\x13ulcF\
\xef\x0dg\xca\xd6\x9c]\x1d\x02\xd5w\xfdf\x1d\xcfp\
 n\x00`|\x90\xfa\x93\x98\x9bs\xb0\xc5u\x1d\x94\
\xfe\x18\xa0\xadU\xd4\x03\x00\xfe\x01P\xfa\x8e\x03\x03\x1f\
<\xb8\xf4\x1d)M\x9f\xa0\xcc\xf6\xe6\xf6\x06O\xe9[\
\xd8\xf0k\xb9|pyp<(\x1e\x9dr\xaa.\x0f\
\x8e\x07\xaf\xe6\xf2\x95+4\xa5o\xe19\x0b\xaa\x802\
\xe7\xb1\xd1\xe3\xbb\x9eL|\xe0\x8b\x11\x85\xe7X\x9d-\
\xe7\x05E\xbc\x8c\xdf\x8b\x0d\xb64\xb5\x07?\x0f\xb97\
3\x8a\xf7\xd4\xd5\xe1\x89\xc0o\xdaY\x09\x05t\xbfH\
+MM\xa6\x11\xa4^\xf4\xa4\xb9]km~\xbf\xe7\
\x99\xc4\x07\xbb\x18\xb3\xf0\x5c\xd7\xb8\xd9\xbc\xed)\xfd\xa5\
\x94\xed-\xc2\xf90\x94Y\xba\xaf\x81\xc47h\xb3\xaa\
\xba\xfd\xae\xe5A\xc7\x9fW\xbe\x16\xfe\x1e\xf3\xfc\x97\x9c\
\xdecpf\xe0\x89\xbe\xd0\xb1\xaf<\xe5\x93~\x87\x17\
7q9;\x9a\xdd\xe7\xfe\x1e\x13.S\x94\xc3(\xae\
\x08\xa5\xba|\x15\x85\xab\xd4g \xfaO\xe1*\xb8\xd1\
\xe1I\xe2t\xa6\x1c\xca\xd5\xe1\x89\xe0\xf9lwe\xc9\
\x92zQ\xb8\x0a^u\xd4\xda\xd4\x09\xd7\xd2\xf6\x8c\xbf\
C\xb8\x0c^u\xe0F\x87k\xab\x03\x03\x16lF\x95\
{\x93z\xd1\xf90j\xe1I}\xad\xbc\xafL\x9f\x09\
J\xef\x9cKe]\x99>\x13\x06\xf1\x9bH;\x9e2\
?b3\x97N\x14\x12\x1f\xd8\xd2:\xeb\xe2\xd4\x5c8\
;~\x10i\x07\xa4\xf9\x1a\x9b\xb901\x9b\xf8\xc0\x96\
\xd6Y\x17\xc6g\xc2\x0d\xfc+\x91v<\xa5?\xc3f\
\xbe\x18{#\xf1\x81-\xad\xb3>\x1f{=\x5c\xb2>\
\x15i\x07\xa49\x8b\xcd\x9c\x1b\x99\x8cl\xfc\xe6\xecB\
\xf0n\xfe\xb9`WK6\xe8j\xcd\x06\x85\xfc`\xf9\
\xb5\xa4\x8e\x0f\xeb\xa3\x91\xc9p\xc9\xfa@\xa4\x1dP\xe6\
\x146sz\xe0xd\xe3\x85\xfc\xe0\xb2v\x09\xf5D\
\xa1w(\xb1\xe3\xc3\x9a?\xf4bx\x13xR\xa4\x1d\
O\xeaW\xb0\x99\xb7\xfbG#\x1b\xefj\xcd\xae\xba\xa1\
\xc4\x9f\xf1\xb5\xa4\x8e\x0f\xeb\xad\xfe\xd1J JO\x89\
\xb4\x03\x19=\x8a\xcd\xbc\xbc\x7f \xb2qP\xe6\xbe\xbb\
b|-\xa9\xe3\xc3zi\xff@e\xc9\x02sD\xa4\
\x9dF\xd5\xf6\x146sd\xcf\x81\xc4\x03\xe9^\xa1\xdd\
m\x029\xfcD\x7fu\x86\xf8y\x91v<\xaf5\x8b\
\xcd\xf4w\xf6$\x1eH\xb1\x86\x97\x8a\x13H_gO\
u\x86\xf8\x1d\x22\xedd2\xda\xc3fr&\x97\xda@\
r&W>\x0e?\x80\x13ig\xdb\xb6\xceG\xb0\x99\
\x96\xe6\x9d\xa9]\xb2Z\x9a+\x9f\xad74<\xfe\xb0\
\xa0\x00(}\x17\x1b\xba1\xb3\x90\xbaM\xfd\xc6\xcc\xd9\
\xea=\x88\xbe+\xa8\x10W0\x82\x833\x84\x94X\xb4\
\x15\x8c\xe0\xe0\x1eBJ,\xda\x0aFp0\x10Rb\
\xd1V0\x82\x83K\x16)\xb1h+\x18\xc1\xc1M\x9d\
\x94X\xb4\x15\x8c\xe0` \xa4\xc4\xa2\xad`\x04\x07\x03\
!%\x16m\x05#8\x18\x08)\xb1h+\x18\xc1\xc1\
@H\x89E[\xc1\x08\x0e\x06BJ,\xda\x0aFp\
0\x10Rb\xd1V0\x82\x83\x81\x90\x13\x8b6\x82\x11\
\x1c\x0b\x84\xa4X\xb4\x11\x8c\xe0X $\xc5b\x88\xa7\
\xccOQ\x82\x11\x1c\x0b$\x14\x8b(G\x055\xe2\x08\
Fp,\x10\x92b\xd1F0\x82c\x81\x90\x14\x8b6\
\x82\x11\x1c\x0b\x84\xa4X\xb4\x11\x8c\xe0X $\xc5\xa2\
\x8d`\x84\x0d\x18`\xfc\xccc\xa3\xfe>I\xb1h#\
\x18a\x03\x02\xc1\xda\xa8\xbfOR,\xda\x08Fp,\
\x10\x92b\xd1F0\x82c\x81\x90\x14\x8b6\x82\x11\x1c\
\x0b\x84\xa4X\xb4\x11\x8c\xe0X d\xc5b\x5c\xc1\x08\
\x0e]e\x91\x16\x8bq\x05#8t\x1fBZ,\xde\
+\x18\xbf\x9b\x9as>\x90K'\x0at\xc5b\x5c\xc1\
\x08\x0e\x05BZ,\xc6\x15\x8c]5\x9e\x01\xdcm\xf9\
\xcc\xe0F\x1dOZ,\xc6\x15\x8c\x85\xde\xa1\xe5o\x12\
\x0a\xbfqg.\xff\x80\xa7j7\xf1x\xd2b1\xae\
`\xbc9\xbbP\x1e4|'\xe3;\x17\x07+\xea\xb9\
\xf3\xcd:\x9e\xb4X\x5c\xcf#\xd2\xa5\x84\x8b\xb4X\x0c\
\xf1\x94\x1e\xc6&\xc7\xba\x0f&>\xe0\xa5\x88:\xb6\xf7\
`\x18\xc8\xb0\xa0\x0a~\x9f:6\xa9\x1f\xed\x08\xfe\x98\
\xfd0\xf1A/\xadQx\xe3\xea\xefx\xac\x1cH*\
\xbf\x13\xcb\x06\x90\xfa{l\xf4\xcd\xbe\xc3\x89\x0f|i\
\x8d\x9a~z$\xbc\x07\xb9(\xa8\x83\xff\x19\x8b'\xcd\
?\xe1\xd2\xf5\xed\xe4\xa9\xc8\x87AK[4+\xbe\x99\
<\xf9\xffR%\xcd\xdfJ\xe9\xdd\xa2\x1e\x00h{\x16\
\xa4\xfe\xabzY\xe9^IS\x92\xd2?$\xea\x09)\
}\x00i\x16@\xe9_=\xa9\xffM:\x04\x0f\xcfA\
\xea_\xf0\xbe\x03?*Hz|\x18\x86a\x18\x86a\
\x18\x86a\x18\x86a\x18\x86a\x18\x86a\x18Fl\x05\
\xff\x01\xc1\x19\x97\x96\xc9\xae\xe6\xcb\x00\x00\x00\x00IE\
ND\xaeB`\x82\
\x00\x00\x0b%\
\x89\
PNG\x0d\x0a\x1a\x0a\x00\x00\x00\x0dIHDR\x00\
\x00\x00@\x00\x00\x00@\x08\x06\x00\x00\x00\xaaiq\xde\
\x00\x00\x00\x09pHYs\x00\x00\x0b\x13\x00\x00\x0b\x13\
\x01\x00\x9a\x9c\x18\x00\x00\x0a\xd7IDATx\x9c\xed\
\x1bkS\x13Y6\x9ff\xf6\xc3\xee\xfe\x84}O\xcd\
\xaf\xd8\xda\xd9\x7f\xb0\xbb\xb5\x9fwjg?\x8d}\x03\
\xcel\xa9(\x08\xbe\x08\xc4t\xf3\xf0\x95\x10\xd2\xf7&\
\x81@\x08\x04P\x14\x05_\xab\x82h\x14T\x5cT|\
\x808n1\x8a\x22\x0fItj\x99\xb3u\xeeM\x87\
t'\x98\x904\x18\xb7\xbcU\xa7*\xd5}\xfb\xdes\
\xce=\xef{b\xb1|\x1c\x1f\xc7\xba\x8d\x8a/\xd9O\
\x1c\x12\xfbB&\xacD&\x8c\xca\x84^V$:\xa1\
\x10:+\x13\xf6\x03\x02\xfe\xc6g\xf8N\xcca%\x8a\
U\xfdC\xbd\xb5\xfeS\xcb\x878\xea\xadM?\x97\xad\
\xf4+Yb\xa7e\x89F\x15\xc2 \x17\x88\x7f\xdb\xaf\
H\xea\xdfqMK\xa1\x8f\xdab\xcf\xe7\xfc\x04\x93\x88\
\xae\xb12\xf0\xed\xf1\xc3i\x16\x80\xe1\x9e L\x0c\x86\
`\xe6v\x07\xcc?\x08Ct\xaa\x93\x03\xfe~~\xbb\
\x83\xbf\xc398\x17\xbfQ\xac\x06fHL\xc5=,\
\x856j\xbeV\x7f#\x13\xda\xa6HlY#:\xb8\
\xdf\x0f7O\x06a\xfe~\x18\xde~\xd7\x99\x13\xcc\x8d\
w\xc0\xcd\xde \x04\xf77\xf1593$\xb6,\x13\
\xda\xea \xfe_\xbfo\xba-\xa8\xa3\x0a\xa1e\x0a\xa1\
1D\xae\xae\xd8\x0b}j\x80\x9fp\xaeD\xaf\x06(\
!}\x9e\x00\xdfCH\x05\x8d\xc9\x12+}ov\xc2\
^D?S$:\xc2\x91\xb128\xe1j\x86\xd9\xbb\
\xe6\x13n\x84\xd9;a8\xee\x0c$\xd4C&lX\
\xd9\xd4\xf8\xbb\x0d%\xdeaU\xff\xaa\x10\xb6\x88\x08\xa8\
\xe5>\x98\xb8\xdc\xfeN\xa4\x17\x1e\x86a\xfc|\x1b\x5c\
jm\x85p]3\xd0\x0a\x1f8\xb7y\xa1~3\x83\
\xda\x22\xc6\x7f{w\xf9\xa1\xfb@3,Md\xa72\
h/<;\xfd\x9a\x8dXp\x10\xfa\x97\x0d!^\x96\
\x98\xa4\xe9z\xf7\xc1fN\x5c:\x04\xd1\xb8\x8d\x9di\
\x83\xae\x03M\x9c\xd0\xac,\xbf\xd5\x0b\xa7\xafF`\xfc\
\xd1%\x98\xb9\xdb\xc5E~\xac\xbf\x0dbS\xe9\xf7X\
|\x14\x86\x9e\xc3\x81\xb8$\xd0\x1fe\x89~\xbb\xae\xc4\
+\x12+\xd7D\xfejg0-R\xb1\xa9N\xb8q\
\x22\x08\xee\x1d\xbe\x15\xc2\x8a|\xe0\xa8\xec\x05{\xe35\
\xa8\x0e?\x04\xdb\x99gP9\xb0\x00\x95\x91(\xd8\x86\
^\x83\xed_\xb3P\xd57\x0d\xb6\xb33Py\xed\x0d\
\x07\xb9},\xf1}\xc3\x0e\x1f7\xa8\xabI\xc3PG\
k\x92\xc7\xa0e\xebB\xbc,1+nPk\xf5\xc2\
\xad\x93m\xe9\xc5\xf2r{\xb2X\x82\xa3\xbc\x1b\xaa\x03\
c`\x1b\x9cO\x10\x965DbP\xdd2\x06\x8e\xb2\
N\xbe\xd6\xe1\x12\xff;U\xe2Vo\x90\xe3&\x5c&\
\x93\xcc\xd7y\x89-#\x97\xd3\x11\x1f}\x1c\x86s\xfe\
\x96\x84\xab\x92\xcb\xbb\xa0\xaa{r\xedD\xa7e\xc4\x1b\
\xa8:\xfe\x04l\xfd\xd3\x10\x1c\x9d\x82g\x93\xa7`r\
(\x94\xd6V \x13\xb8$ \xae\x92\xf7\xcf\xe6Y{\
\xc2\x16\x90\xb0tb\x8fALKu\xfc\xd4\x8b\xfd`\
\xf7\xde\xe0\xa2m\x0a\xf1i\xc0\xd1u\x9f\xef\xd5\xb4\xcf\
\x0fs\xe3\xe1\xf4\xea $p~\xbf\xd5\xfb\xdb\xfc\xfd\
\xbc$\x5c\x1d\x1a\x1b\xe3f\xaf\xee\x85\xc1\xbb[\x10/\
\x97\x84\xc0\xd67\xbdn\x84k`\xbb4\x07ri\x98\
\xef\xa9\x96\xfb\xe1\xc5\xbfS]\xef\xd1\xc3\xcd\x09\x17Y\
Q\x11\xfa$g\x06(<\xc8\x11\xae\x0e-\xae\xf1\xe4\
\xf19\xd7\xf5\x8ac`\xbb\x94\x83\x9e\xe7\x0a\x03\x0b\xe0\
\xd8{B\x18\xc8\xed>\x1e\x1b\x18\xbd\x83f\x8bdB\
w\xe4D\xbcc\x93\xe7\x97\x0aaK\xa8S\x13\x83z\
?\x8fn)$7%\x88\xaf\x1cZ\xdc8\xe25\x18\
z\x0d\x8e\xbd\xc79\x0e\x01\x9b\x9f\xbb]\xa3A\x16\x9e\
\x81\xc6r\x0a\x9be\x8c\xed\x89\x88\xf0\x8c\x22v\xd6\x17\
\xf7\xbd\xdb\xdb7\xf6\xe4\x8d0\xb8\x90P\x07\x8c\x19\x8c\
x\x1e?\x92P\x85\xc0\x9a\x88\xaf-\xf6|\x8e\x96\xb4\
~\xb37%\xbc}\x12i\x17\xd6\xbe\xd8\x9f\x97\xce\x07\
\xc7\xe6`v\xe61\xcc\xceLA\xebX\xeeL\xac:\
\xfb\x1c\x94o\x844\xde;\x1f\xd2\xe1\xfa\xf2N\x07\xcf\
\x1ddB\xff\x8b\xc6|\x0d\xa7\xcf(\xe7\xaa\xaa\xe7\xea\
\x9b\xa9N\xf0\xef\x15zo\xa7#y\x9d\x1e\x12\xfe\xc3\
\xab\x09\x0e/g\xa6\xf2Z\xab\xba\xe96\xc7\xc9S\xe6\
\xe3.9\x19\xe7S\x8dqi\x95\xa8'\xfbb\x06a\
Kx\xca\xc6\xac\x0esu\xbeXY\x17T^\x8d\x16\
\x0c\x030V\x90w\x1d\xe3\xb8E\x0c\xae\xfa\xf9\xa8\xb0\
\x05\xb2D\x97\xec[<?\xcb\xc8\x00\x85\xb0\x7f\xe0B\
m\x8e&\xbdN=\xe9\xe4I\x0c\xbe\xc3p6_\xfd\
E\xb1G& \xf1-y\xa8@B\x15z\x9ep\xdc\
\x8elM\x95\x82\xa0]x\x84\x1a\x89~\x99Y\xfc%\
v\x1a'\x1bc\xef\xfb\x17B+\xa7\x1f1\xc1\x80\xad\
\x038\xe2R\x80\x09T2\xee\x98\x9b\xc4]\xe2\xc9\x0c\
\xe2_\xff)/=Y\x19\xaf\xc6$/\x82\xa9*\xd7\
\xfd\xa6\xd1\xf7N\xe8jP\x1d\xbc\xc7ql\xaf\xd1K\
\xef\xdc\xbd\xb0P\x03\xc2\x96\xdeY@Q\xac\xde?\xe2\
\x02\xbe\xbd\xfe\x94\x0c\xef\xe0\xb7^\x9e\xae\xda.\xe6/\
\xae\x93\xd3O\x13\xfa\xaf\xc1\xc4\xf4\xd3\xfc\x990\xb4\xc8\
\xbdSMQ\xea\x01j\x11k\x0d\xa1\xbf_]\xfc\x09\
+\xc1IX\x944\x16\x1fx\xd0\xb3\xbb\xc7\x94\x93z\
\xfa\xfdw\xeb\xc3\x00T\x83\xaaS\xc2%\x9e\xd3\xabA\
?m\xd1b\x82\xad\xabK\x80D\x19N\x1a9\xae\xd7\
\xff\x81\xa0H0\xf6\xbb\xae\x98*\xb2\x1a\xf1\xa6\xaa\x01\
\x1d\xe1\xb8^\x08\xb4\xe8=\xd8\xb1`fw(\xe3\xa5\
\x05a0qY\x1fP\xf0\x1a\x1cZ\xff\xf6\xfb\x05\xcf\
\x00L\xc3\xb9\x17\x93\xf5v\xe0\xd1\x80\x90b\x85\xb0K\
\xabK\x00a\x8fq\xd2\x8b1\xbd\xfe`\xac\x8d\xcf\xab\
N\xfd\xa7\xe0\x19`;\xf7B\x04E;\xf5v\x0cc\
\x1aQV\xa7\x13\xabK\x80\xc4^\xe2$\xcc\xf4\x92?\
\xc6\x8c\x0b\x9fW^\x9c+x\x06`\x92$\xe2\x01\xaf\
\xde\x13\x8c\xc7\x19@\xd8\xcc\xbbl\xc0[\x9cd\xcc\xac\
\xb0j\x8b\xcfm\x97\x17\x13V\xdch\xb4\xb2}\xb6\x16\
\x06\xe4\xba\x0fz\xab\xba\x22\x96R\xb5\x8a\x97\xcb\xded\
f\xc0\xe30\xc4\x1e\xf8!:\xe6\x86\xe8m'\x1c\xd9\
\xc2t\x0cH\x87x\xb6\xcf\xf2}\x9f\xcd3\x9e\x06[\
\x19\xbc\x1euBt\xacA\xd02\xd9\x91\x99\x01r\x5c\
\x05^\xddT9\xe1\x1a\xb8\xb6Q\xc1\x80\xb8\x0a\x142\
\x03\xb0\xca\x8c\xb8\x1e\xfa'\xd3\xd10;\xa2f\xa1\x02\
D\x18\xc1gC.\xdd\xc7\xcd{\xc5\xc7X\xba\xc6M\
&\xd2\x88a\xb6\xcf\xd6\xc2\x80\x5c\xf6\xd1\x8c -\xd7\
\x1f\xe2\xf7\x83\xae,\x8c \x11n\xf0a\x7f\x83\xee\xe3\
cu\x9e\x0f\xce\x0d\x86\xaa=:\x1a\xee\x9fj\xc8\xc2\
\x0dJ\x22\x10\xba\x1ej\xd4}|\xc1\xdb(\x02\xa1\x86\
\xab\x1fL t\xc6\xadg\xc0\xb5\xa0;s \xa4H\
t\x1bN\xeaw\xe9\x19\x80\x12af(\xbc\x9e\x0c\xd0\
B\xe1\xbb'\x84\x01\xd7\xa0\xcf)\xa4X!l\xcb\xaa\
\x0cpH\xec\x0b\x9c\xe4\xdd\xa5\xd7\x9f\xd7\xb7\x9cp\xe0\
\x1bqw\x87e\xe9Be\x00z\xa9\x9ab?\xd4b\
6;\xb2\x82?\x02\xdbI3'C\xf5<\x1dVc\
\xe8Bf#\xfa\x05\xba\x14\xd5\xf4t\xd8l\x06T\x07\
\xefr\x1c[+\xf5\x07\xf82\xe2\xca.\x1d\xc6\xc1{\
r0!\xea\xd0\x8b\xd0\xf8I\xa1C\x8e\xb2\xb0i\x05\
\x11\xb3\x19\xe0\xd8-\x0a\x22\xa3\xddz#>\x1c\x12\xb8\
+\x12\xed\xb5d\x1a\xb2\x95~\x85\x93\x836\xbd\x11\x89\
\x8e:\x81\x96\xd1\xbcKb\xe9j\x01f\xa4\xc4U\xc7\
\xa6\xc4EI\x09\x15\x01P\x12\xee-\xfb\xb4\x18\xc0\xfb\
\xb7l\x8b\xa2Q,\x8aN\x0f\xba\xd2r\x92KA\x8e\
E\xd1t\xb5\x80\xbc\x19\x10\x89%\x8a\xa2\x83Mz\x03\
>= \xc4\x1f/y\x0em:\xf4\xd3\x8c\x0cH.\
\x8b\x9f<\xac\x97\x82\xa5Q'\xf8v\x09)\xb0\xab\xc3\
\xa6\x89n\xbe`o\x8e\x97\xc5K),\xdc\xd4\x1fZ\
\xefa\xcf\xda\xca\xe2\x89\x8b\x11B\x97\xeb\x8a\x19\xcc\x5c\
\xd1/8y\xb6!q1bvz\x9c\x0b`\xb3\x85\
\xb2Y\xb4\xd4a\xb0\x93\x8c\xeb\xf3!\x17O\x8a\x90\x96\
5\xf7\x11)\x12\x0b\xf2[\xe1z\x83-\xb8\xed\x843\
\xee\xc6\x95\x1ba\x13j\x849\x13?8\xcf\xd5\x11q\
\xe9=\x98\x8a\xe7\xd1x\x04\xabH\xb4\xd9\xb2\xd6QW\
\xe4\xfb\x05\xbf\x1c%\xa9\x9cEU\x08U\x0b\xc3\x22\x97\
w\xf3;\xba\xf7y9\xda\xbcG\x85\x85\x1b\xce\xd4\xe0\
M\xb8\xbehm1\xfb\x95%\x97!K\xacT\xd3\xad\
\xb9a\xbd*\xbc\xba\xee\x04\xb5T\xd8\x03G\xc5QS\
\x03\xa4\xcc'\xbf\x00\x8e==\xa2G\xa0\x94\xa6\xc4,\
s\xc3Nh\xdc!pS$\xba\xdd\x92\xeb\xa8\xc7\xc0\
\x08\xfb\xf0\x08\x83\xa3\xb5\xfa\xe0B\x04\x18N\xf0V\xd0\
\x84:l\x84M\xa8:\xfd\x0c\xe4\x1d\x22\xb7w\x97P\
\x9e\xe5\x19\xf1\xea\xae\x89\xbb=\x89^\xcf\xabA\x02\x07\
\x1a\x0f\xadE\xc6\xe8b\x04\xb7]\x10\xd0\xfcl\xb1\x9f\
'#\xf9\xde\x1b\xa6\x85H\x0c\xec\xbe[\xc2\xe0\x11\x06\
-\x95\x14f\xaf\xa5\x12?\xe0w\x9b\xd7\x22\xa3\x0dl\
BT$\xfa#\xea\xd4\x0dC\x84\xa8\xe5\x0a\xe7U\x0f\
\xbf\x90\x10qB\xa7\x08\x96\x22\xe6\xa5\xb8\xd8q\xa6u\
\x9f\xf5\x1e\xf2\xc0\xe2M=\x0e\x08\x18\xbd\xc6}\xfe\xb2\
L\xd8\x9f,\xa67H\x12l\x93K\xcf\x04\xcd\xf0h\
\xd1\x22g\xc4\xce.~u\x9dK\x9b\x1c~S\xddr\
\x87\x1bYm=\xbaSM1\xc8\xc9\xc4#n\x5c\x1d\
7\xa9_[\xd6c(\xf1\x9e!\xe4r:u\xd0<\
\x04\x22\xe3\xde\xbe\xc2\x08\xcc\x22\xd1b\xdb\xdd\xa2Q\x12\
\xf5\x98w\x96Db\x1c\xf07\xfas|go\xbc\x0e\
\x8e}'xs\xa5\xf6=\x86\xb7C\x017\x97\xb4t\
{r\xb1\xd7\x88\x97X\xe9\xba\x10\xaf\x0d\x85\xd0M2\
\xaa\x03a\xd0\xa9xR\xbc\x83\x06\x8b\xb7\x9cp\xa7\xa7\
\x81\x1b\xa4\xac[e\x93\x00O3dW\xf9\x1a\xc8\xd4\
t{\xe0\xde\x09_\x8fb\xbf^'o\x1c\xd8\x84\xa8\
\x19Ft\x91\x0f\xfa\xd2\xabD2\xa2\xe3\xbd\x0dp\xd1\
\xd7\x08\x1d\x0e\x15\xbc\x15*/\xb4\xd6\x17S\xce\x1c<\
a\x0c\xb1\xdb\xf7\xabp\x815r1\x9f7\xe4\xf3F\
\xc09\x09WG\xd8\xbc\xe9:\x9fi\xa0\x85\xd5\x5c$\
\x8a_O\x9d\x07\x9e_y7\xd2f\x00\x86\xb7I\xa7\
\xce]\x9di\xd6~\xad\x03},\xf6\xe1a\xb4\x85\xc8\
`\xdc\x8d\xc9\x871\x8b4\x030\xab\xc3\xb5El/\
\x22<\x0cr\xf2\xf6\xf3f\x0c\xec)\xc4V4\x9et\
\xc4%\x02\xab2\xc3\xedn^\x8d\xc9\x95h\xfc\x16S\
p\x9e\xcf\xaft\x83/cl\x8f\xa1\xba\xa5\xd0\x86\xbd\
\x88~\x86i\xa7\x96Ch\xcc`\xe5\x14\xfa]\x1e\xb8\
\xde\xe6\xe6\xba\x8b\xa7\x89\xa14\x1aJ\x84W\xd7\x5c\xfc\
\x19\xbe\xc39X\xc0\xe45\xbc\xa4?M\xe1\x9a|\xed\
\x8d\xfewH.\x03\xbb\xb1\xb0!\x09{r\xf2\xf9\xdb\
\x9c\x22\xd1%,ca%'\xebbF\xa1\x8d\x8a\x8a\
\xd0'X\x89\xc5\xce\x0c<AY\xa2\x032a\x8f\xf8\
5\x1c\xdeEJ\xf4-\xfe\xc6gxi\xc1\xe7\x10\xb6\
\x15\xbf)\x08\xfd\xfe8>\x8e\x8f\xc3\xf2\xff>\xfe\x07\
>'_\xdd*\xf8z\xb4\x00\x00\x00\x00IEND\
\xaeB`\x82\
\x00\x00\x05F\
\x89\
PNG\x0d\x0a\x1a\x0a\x00\x00\x00\x0dIHDR\x00\
\x00\x00@\x00\x00\x00@\x08\x06\x00\x00\x00\xaaiq\xde\
\x00\x00\x00\x09pHYs\x00\x00\x0b\x13\x00\x00\x0b\x13\
\x01\x00\x9a\x9c\x18\x00\x00\x04\xf8IDATx\x9c\xed\
\x9a\xddo\x1aG\x10\xc0\xfdP5\xff\xa1\xdf\xa3<r\
}\x88\x9f\xab\x02I\xaa:\x11\xb4M\x82\xa2<\xa4\x90\
\xc8V\xa3\xda`b\xf3a\xd7\xcdG\xeb(nj\x8c\
M\x5c\xec\xa8J\x0a\xc6\x80\xe3\x18|nU)\xee\xf1\
qS\xed\xc1\xc2r\xb7w\xb7p\x07\xb8\x97\x1di\x84\
v\x97\xdd\xb9\xfd\xdd\xce\xce\xec\xc2\xc4\x04\x17.\x5c\xb8\
p\xe1\xc2\xe5\xa3\x97\x9b\x9f\xdd\xbc\xe0s\x05o\xf8\x5c\
\xc1C\xbf\x10\x02\x87j\xd9'\x84\xa6\xdd\xee\xb9O5\
/\xdc\xef\x0a^?\x07\x0f8\x1au\x05\xbf\xd2\x02\x10\
Be\xd4xq\xe5\x1dL\xa6$G\xea\xc5\x95\xc3\xce\
J\xa0\x01\x00\xa4\xe3~\xc8a+\x9e\xa7)\x00\xf7\xd5\
$x\xbc\xb1\x9e\xceN\xa8c\x06\xe0\xa7\xac\x08'\xd4\
q\x00\x02\xe3\x0a\xf0\x5cK\x80\xd7\x1b\xef\xa1\xf9\xbf\xac\
\xf3\xc6z\xea\x98\x01L:T9\x00\x81q\x05\x5c\xf1\
,\x8d?a\xb1I\xaf\xf4\x13\x05\xf6NA\xd1{\xd3\
\xb1\xb1?\xb8]\x1a\xf82\x06\xf39IQf\x00{\
\x14MWd\x08\xe7{\x07\xc2\x03[\xd1\xc4A\x0dR\
\x95fglT\xde\x15\xbbv7\x09\xbb\xea6\xa3\xe7\
&\xfbY\x06\xb0s\x22Ct\xbf\xa6\x19\xc8\xea\xe4\xa3\
\xf9\x9a\x02\xf6Q\xbe\xd6)\xbf\x12\xe5\xae]Q\xbf\xcd\
\x08\x00\xd9\xcf:\x00\x11 y\xd0;\x18\x0d\xc0\xa3}\
\x09v\xc5\x06u\xa2\x81\xe9$\xdc\xf2Da\xe6\xe7B\
\xa7.\x92\x93\x94\xb7\x14o\x8f\x8d\xca\x08\x06\xb6\x9b\x15\
A\xb7\xcd\x08\x00\xd9\xcf\x16\x00O\xcb\xdaI\xd1\x00\xbc\
>m@S\x06X.\xea\x93Gz\xe7\xebUx\x98\
\x11a\xfd\xa8\x09?\x95\xeb\x9d\xef\xa02i\xd7\xa8\xcd\
\x08\x00\xd9\xcf2\x80\xf5\xf7M\xc3\x81\x94\xb7\x93\x97 \
Sm@C\x06E\xc4\x7fexR\xa6\xaf\x98[\x97\
\xef+\x9f\xdfL\xcd\xc2\x0f\x91\x0c\xcc\xbd=S\xda\x9f\
\x1d6z\xec\xae\xbd\xebBW\xb7\x19\x01 \xfbY\x06\
\xb0U\x95!l2\x10\x9a\xfc\xd1\x87&\xa8\x05\xb1x\
\xf9\xbe\xae\xf9\xbe\xf8:\x0c\x89\xbb\xb3] \x9f\x87a\
\xfe\x97\x82\xe2f\xd8n\xea\xb8\x09\xf3\xed\xcd+Y\xac\
\xf7\xb4\x19\x01 \xfbY\x06\xf0\xbb\x08\xb0X\xa0\xfb\x91\
\x95\x15 \x15\x17\x14\xcd\xbd\x98\x83\x90\xe7A\xa7~\xe6\
\xf6cH\xe7\xff\x81\x8c\xb2\xd9\xb6\xfa,\xee\xd7`\xe7\
D\x7f\xf2$\x00\xb2\x9fe\x00\xbb\xa7\x00\xcb\x07\xfa~\
de\x0f\xc0\x00\x90\x9e\x15\x16`#\xfa\x10nO\xb5\
\xdd\xe2\xf2\x0c\xdc\xff>\x0dso>(P\xd1\x0a4\
\x9a<\x09 f\xf0\xb2\xfa\x06\xf0\xec\xd0\xd8\x8f\x8c\xa2\
@V'\x0a\xd0\x00`\xa5\xb9\xc5\xca\x8b\xa2\xe9\xe4I\
\x00,\x93g\x02\xf0\x1b\xf2\xa3>\x06\xea\xd70\x0d\x80\
\x99[\x8c\x14\xc0\x82\xc9&2\x08\x80\xe5b\x9d\x09\x80\
\x9e[,E\xb6![\xd1F\x82\x8d\xe3\xa6\xfd\x00\xe6\
\xfb\x1c\xc8\xec{K\x85V\xa6\xc7\x0a\x00\xeb\xc9^\x18\
\x16\x03]\xb7\x08\xdeH\xf4L~\xbb*+/\xeb\x5c\
\x03\x88\xe4[\xd9\xdb\xd2~\xcdV\x00(\xd3CcZ\
q\xc5\xa1\x03\x08\xe7$e?Y)\xb6\xa2\x89].\
\x80\x22\x14\x1es$\x00\xc29\x09R\xc7\xda\x90hf\
\x18edd4\xb1k\x13TG\xa8\xa1\x03HW\xea\
Jl_-\x99\x1f\x86\xb0\xfeX\xaa\xc3K\x22\x85F\
\xe5~\xc2\xe0]w\x04\xd66J\x9aM\x8f\x1cs$\
\x00\xde\xfc\xdd\xe8\xa4\xb6\x08\x02-\xb5U\x1b@\x09\xc9\
fUVNo\xb8\x9c%\xc2\xd5\xa0;\xfe\x161\xe6\
\xa0\x00\xc8M\x93\x09@$/\xc1\x1f\x7f\xb5 \xac\x13\
\x93\xd73\x8c\x0clU\xe4N\x0a\x8d\xca\x99v6\xc7\
\x9a\x0a\xd3b\xbdQZ\xce\x0a\x00\xefI}\xbb@$\
\xdfJq\xcd\x0c#\x03(.\xe3\x14Z)W\xbaG\
X\xfc}\xd6\xe5\x8eU\x9d\x96\xab\xf3}V\x00\xcf\x8f\
Z\xabjhQ\xe0\xf9Q\xa3\xe7\xde\x00\x1bT\x03\xc0\
\xc7\xe1o\xa7f!\xbe\xb8\x03\xd9*\xfd\x9cO\xbb\x8b\
\x88\xe6%\xa8\x9e\xc9\xca\xb5X?\x00\x1e\x97\xeb\x9a\xe7\
\xb0\x15\xc0j\xa9\x0e\xbf\x12\x1b\x14*\x93\x93@m\xf8\
\xfb\xac).\xeeG\xda\xc4\xee\x88\x8e\xdf8c5{\
n\xbd;D\xdb\x00\xc4\xd0\xa6\x87.\x1f\x89Mo\x97\
r\xa7\x80\xae\xc4\x02\xde(\xacm\x96\x99\x0e9zw\
\x11\xc8\x1d\x91[\xb2\xac\x00\xdaq\xdav\x00\xe9J\xf7\
\xb2\x14}\xbe:\x91\xa9\x17\xa9\xea6#U_\xc0\xf6\
\xe3\x8aX\xd1\x0a\xd9\xa6\xd8\xb3\x1d@\xb2\xed\x8f\xe8\xfa\
9E\x5cZ\xa2e\xa7\xd7f\xa4d\xbfA\x01\xe0\x0d\
\xd9\xe8\xf4h\x0a p\xcd9\xbf\x0c}w=\xce\x0e\
`\xb2\xfd\x13\x92\xd7A?\x8dy\x07\xf9\x83\xc4\xa4C\
\x95\x03\x10\x18W\x80\xfb\x9c\xfc\xa7\xc7\xee:f\x00~\
\x8aK8\xa1\x8e\x03\x10\x18W\x80G\xf5\xdf\x1a\xa7\xd4\
\xf1MP\xd0Y\x01>!XB\x0d\x97\x12\xa5\x91\x85\
\xa4Q\xeb\xa5x\xb1\xb5\x02\x5c\xa1\xa2\x16\x80+tu\
\xdc\x09\xcb\xa8\xd4'\x04\xbd\x1a\x00n\xb7\xfb\x13\xbf+\
\xe4\xf1\x09\xa1?\xc7\xfd\x80CSW\xf0\xad\xdf\x15\xfa\
\x02\xcdU\x03\x80\x0b\x17.\x5c\xb8p\xe12\xf1\xb1\xc9\
\x7f\xd0\xb5\x1bb\xce\xf2\x14k\x00\x00\x00\x00IEN\
D\xaeB`\x82\
\x00\x00\x06\xa3\
\x89\
PNG\x0d\x0a\x1a\x0a\x00\x00\x00\x0dIHDR\x00\
\x00\x00@\x00\x00\x00@\x08\x06\x00\x00\x00\xaaiq\xde\
\x00\x00\x00\x09pHYs\x00\x00\x0b\x13\x00\x00\x0b\x13\
\x01\x00\x9a\x9c\x18\x00\x00\x06UIDATx\x9c\xed\
[\xeboTE\x14\x1f\x12_\xc1D?\x00\xc6\x18I\
4\xfe\x03\xa2\xc6g\x8c\xfaM4\xfaA\x88&&F\
\x8dq\x85\x9d\xb9j\x04\x8aF\xeaRL\xa4\xed\xce,\
l\x8b\x92\x85\xee\x99\xdd\x16ZZ\x02%T\xc0PJ\
K\x17\xbb@\x1f>H(\x92\x96\x0a\xb4%\x11\x8d\x11\
\xf0\x85\x8f1\xe7\xde;\x97\xb6\xd2\xee\x96\xde\xdd\xbd[\
\xf6\x97\x9c\xe4\xce\xdc\xbd3s~s\xce\x99s\xe7\xce\
\x12\x92%(\xa2f\xf0\xb7c\xf7\x0b\x0a\xab\x04\x83V\
N\xe5qA\xe1\xa2-\xbdf\x1d\x83\x92\x10\x85\xfb\xc8\
t\x82\x22jF\xc8\x1f{Q0\xf8N0\xa9\xd2\x11\
$'hD\x17\xe2\xb3$\x9fQn\xc4\xee\xe1\x14\x0e\
k\xc5\xc2K7\xab\x9aO[\xd4\x8em_\xa9\xbd\xad\
}j\xff\x97\xa7L\xc1k\xac\xc3{\xf8\x9b\xcbD@\
2\xc8\xaa\xef&\xf9\x08a\xc4\x9e\xe2\x0c~DE*\
\x96mV\xdb\xea\x8e\xa8\x03G\x86T{\xf7\xd9\x09\x05\
\x7f\xb3\xad\xaes$\x11\xe7\x84\x11}\x82\xe4\x9f\xf2\xf2\
\x12*\x10-\xdb\xa5\xf6w\x9cI\xa9\xf8X\xc1g\xf0\
Y\x93\x04\x0a\x7f\xe6\x0d\x09\xe5h\xf6\xf6\xcc\xd7\xack\
Q\x07\xba\x86'\xad\xbcc\x0d]\xc3\xaaz\xdd>\xc7\
\x12<\xef\x0e\x0a#\xbd\xed\xf3\x10\xdc=%\xe5\x1d\xe9\
\x1aVPnY\x02g\xd0\xe1\xe9\xc0\xc8\x19\xbcd\xf9\
|\xedU\x99\xfd\xb8\xee\x90<\xad\xc2Kkmw\x90\
\x0b\x88\x17\xa1\x88\x9a\xa1\x97\xba\xed\xf5]\xae)\xafe\
\xfb\x96N\x1d\x0fz\x89\x17\x11\xa2U\x0f\xe0\x00+\x8b\
\xeaT[\xa7\x0b\xa6?6\x1et\x0e\xa9\xca\xe5u\x96\
+\x18\xf1y\xc4k\x10f\x867q\x82\xb3\xe1\xe3\x1d\
)\x15\x8d\xac\xda\x91:Y\xa2r%\xf1\x1a\x04\x83\xd6\
T\x03\x8f\xa4A\x00\x92\x94\x06\x01-\xc4k\x10T\x9e\
\xc0\xc15\xb7\x9dt\xdd\xfc\xb54\xb7\xf5;\xa92\xf1\
\x1a8\x93\x17ppm\x87\x073F\x00\xb6m-\x87\
\xf2\x02\xf1\x1aD\x1a/9\xae\xc5\x00&\x15\xf1\x1aD\
\x1a\x83v-\x06x\x99\x80\xf6\x0c\x99\xbf\x96\x02\x01\xcc\
\xe3\x16 \x0a1@\x16b@{!\x06\x9c\x9d\x9eA\
0\xc8\xe4\xb3\x9c\xc1\xe0D~\x9e\xadU`\x9c\x14\xf9\
L\x90\xc5\xe6g\x8c\x00A\xe5\x99T\x81N'3c\
\x93\x1e\xb7\xea\xd2\x08\xb6\xa73G\x00\xb3:Q?\x7f\
\xf1?\x19I\xc0\x95\xac\xc1\xad\xbat\xc6\x90S\x02v\
\x1d\xfc~\xd4\xb5\x16\xb7\xearK\x00M\xed\x028\xc8\
\xf5%\x8d\xea\xb3\x92\xc6QJ\xb8U\x97S\x17\x08\xb2\
\xd8\xfcT$\x8c\x1cx&$\x95\xf2\xc2/\x9f&\xd9\
\x80\x18cn\xd9&`\xbcqd\x0d\xe2\x9a'\x80\xc2\
E$!\x10h\xb8\xc1$\x84\xca\xf3Xnj\xebs\
f+\xd13\xa8\x92_\x0fMI\x12\xdd\x83N{M\
\xadzG\x08~\xc1>\xc3F\xf8\xc6\x9cm\x90p\x0a\
\x03f\xe7\xbe\xc8l\xcb\x22\xac-\xf1\xc6=\xbd\xce\x80\
\x0f\xba@@\xfb\x08\x02\x1a\xf7\x1c\x1b\xb5%\x16\x5cT\
}\x9bM@\x7f.\x088l\xb9A\xecA\xbb\xbc\x1f\
\xcb\x0d[{2\xe6\xff\xf5\x0d\xdd\xa36E\x85!\x1f\
\xb6\x08\x80\x8e\xec\x13\xc0d\xcc\x8e\x03oZe(\xc1\
2\x84\x9b3F@t\xed^\xcb\x02\x18\x04L\x02\x18\
\xbce\x13\x12\xcd:\x01A\xbf|\xc5\x1eL\x1d\x96\xf1\
d\x07\x96+\x8aj\xd5\xae\xc4\x80\xeb\xca\x7f\x9e8\xa9\
*\x8a\xac\x0f#k\xfc\xf2^\x8b\x00\xd9`\x11\x00/\
g\x9d\x802Zu\x87\xcd\xfe\xf9\x88/2\xd3\xfa0\
*\x8fc]mu\xd2u\x026\xc7;\xf4\xec\x1f3\
'`I\xf5\xcd\x18\xfc8\x83\x7f\xcb\xfd\xf2v\x92\x0b\
p\xdb\xef\x05\x93o\x98\x832\xa2\x0b\xb1\x1c.\xaaU\
Mm\xfd\xae)\x8f\xd1_\x1f\x98\x082x\x01\xfbB\
\xd7\xb3\xfa\x86}9Q\x1e!\xfc\xf0\x8cm\x05'\x22\
\xbe\xc8\xf5\xf6\xe7\xf1$\xd6EV7\xb9\xe3\x0a\x89\x01\
\x15\xf9\xa4I/\x7f\x07\xb1\x0f\x5cz1\xf2\x9b}g\
+\xf3\x1b\xf7\x8b0\x95Gm+X\x86ux\x88A\
\x18\xd2< \x01\x15\xcdS#!1`\xb6a\xb7\x7f\
n\xcd;\xf2.\xec\x833\xf9\xbe=\xfb\xdf\xe4\xfc\xbc\
@\x88\xc9\xc7\x04\x95\xff\x08\x06\xbf\xe3\xb2\x84ux\x9c\
E\xd8Gd\xd0\x12\xae\xc6\x1d\xd0\xec\xf5\xccc[!\
\x06\x8f\x9b\xca\x1b\xf0(\xa7\xf2\x0f\xce\xe0\xef54\xfe\
\x08\xf1\x028\x05n\xcf\xc8Y\xbe\x18\xe6:\xc40\xf9\
\x03\xd6\xaf]\xb2I\xd5@\xc2\x8c\xe4\xe9\xccz\xed\xa6\
C\x97}\x9e\xca\x9f\xf0\xcc\x91\x0e\xbczG\x8aS(\
'^A\xe0Uy\x13\xa7\xb2]\x9be\xa9\xb1\xe1N\
\xed\x0e\x98\xa4\xe8\xf7\x06\x5c\xc6 \xbcW\xd5o\xedQ\
\x8d\xbb\x8f\x99i3\x0a^c\x92\x83\xeb\xbc^\xea\xb4\
\xcf;f\xbf\x18\xe6r&\xbf\xb5\xfb8\x80}\x12/\
\xa1\xd4\x17\xb9UP\xe8\xd2\x96\xa0\xdd\xc1\x8e\x13\x0b\xac\
\xd3\xa0\xa9\xbf\x1d\xe8\xa5NG{\x04\x9a\xba\xd9\xa6u\
\xffH\xd8\xa8\xb9\x85x\x11\xdc\x17\x99\xad-\x01\xfdT\
P\xf9\x11\xae\xd7\xce}#>\x0f\x0f7`*\x8b\x84\
X\xeb\xb8\xbc`\x92Ce\x0bfx:\xc9A`\xb4\
\x17\x14>0\xdb\xb2g\xbe\x92\xc6g\x11/#\x10\x08\
\x5c'(\x94a\x82\xe2\xc4\x05\x7ft\xf1H\x22R\xc1\
Lrh\xcc\xa7\x97:\xb3-\x0a\xab\xb1m\x92/\x08\
R\xf9\xa4`\xf2\xd0e\xb3\xc6\x99\x96[0\x7f\x0f\xfa\
\xa3\x0f\xe1\x9b\x1c\xce0\x0a^c]\x88\xcaE\x9cA\
\xbd>k`\xc7\x81d\xde\x1c\x92\xbc\x128\x8d=\x8f\
\xd9\x9a\xa0\xf2\xaftc\x00\xfe\x96S\xd9\x1c2\xe09\
2]PI\xe3\xb3\x04\x8d\xbe\xae\x95\x5c\xbf\x5c\xaa\xf0\
\xbb\x96\xe0\xf5\x08Ky\xcd\xf3~>\x158\xdb\xda\xe7\
6\x8e\x92\x9c\xed\xede\x1b\x05\x02X\xc1\x02\xd45\xe1\
\x02\x11_d&g\xb2\x187I\xf4\x7f\x07&#\xe6\
3\x98,Q\xf9!\xb6E\xf2\x09A\xdc\xad\xa5\xd03\
Y\xa5' \xa3;lD\xe7\x90\xfcQ^\x9a{\x04\
\xd1bP\x03\xc9*uix\xb4\xb9\xa7#\xf8\xcc\xc9\
\x8e*UU\xec\xe4\x06G=OB\xd8\x88\xce\xd1o\
lr%\xa8\x8b\x03\x93W|\xac\xfcvj\xa3\x8a\xaf\
\x02\x9b\x04\xe8\xcd\xd9\xfe\xdf\x98\x17\x942Na\xd8-\
\x13wA\x868\x93\xa5\xfa+UF\xc1\x99,\xf5\x80\
\xc2\xe3\xc5\x8a\xd2\x8c\x13 \x98\x1c\xc2\xce\xfa?_\xa1\
~=\xf4\x9e'\xa4o\xe7\x0a\xc7\x12\xb2F@\xdfN\
/\x11P\x9c=\x02\xb8\x87]\x00\xf7\x0c2N@\xc0\
\xda\x93/\xd5\x96p\xcd\x05\xc1\x02\xc8\xf4\xc2\x7f\xc1\x95\
\xb9_cU1\xa9\x00\x00\x00\x00IEND\xaeB\
`\x82\
\x00\x00\x03-\
\x89\
PNG\x0d\x0a\x1a\x0a\x00\x00\x00\x0dIHDR\x00\
\x00\x00d\x00\x00\x00d\x08\x06\x00\x00\x00p\xe2\x95T\
\x00\x00\x00\x09pHYs\x00\x00\x0b\x13\x00\x00\x0b\x13\
\x01\x00\x9a\x9c\x18\x00\x00\x02\xdfIDATx\x9c\xed\
\xdbOo\x12A\x1c\x87\xf1}\x13\x1a\xbd\xf0\x85\xa6\x89\
d\x89\xc0\xd9\xd8\xd4\xe8\xadIkwh})\xbe\x03\
_\x82\xe2\xa9\x0d\xaf@\xd3\xab$$z\xac'{\xe8\
\xcbY\xb3K\x1a\xa5\xfc\xd9\x05v\x98\x1f\xf0<\xc9&\
=\x902\xcb\xa73\xb3@7\x8a\x88\x88\x88\x88\x88\x88\
\x88\x88\x88h#\x1d\x1c\xb4\x9f\xaa\x1e\xffV=\xbe\xcd\
~\xe6e\x0f\xd8\xe1a\xf7\x89\xea\xf1\x1f5Ziv\
\xd4\x1a\xf1}\xad\xd6|\x0eJ\xb0\x99\xd1\xba\xcb \x9a\
\xaf\xdf\xe4G\x0eSo\xdd1S\x02\xce\x8c\x17\xaf\x8e\
\xd2\xd3\xef_\xd2\xb3\x9b\xafi\xf3\xe8\x98\x99b\x01\xc3\
\x8d\x06\xf9\x01\x8a!\x0c\x07\x8a=\x0c\x07Jx\x8cd\
x\x9dv/]z\xfc\xe9#(\xa11\xdch\x90c\
tzI\x0e\xc3L\x09\x8c\xe1F\x83|f\xcc\xc2`\
\xf9\x0a\x80\xe1J\x1e\x5c}\x05\xd83\x5c\xc1\xcc\x01\xc5\
\x13F\xa7\x97\xcc\xdd3&\xf6\x96\x8b$\xed\x5c\x9c\x83\
\x12j\x03w\x8f\x8edx\x95\xb6\xdd9(!7p\
\x07\x8a\xbd\x0d\xdcM\xa1\x8c\x97\xb9\xf6\xfb\xd34\xf9q\
\xc5\x9e\x12\x12\xc3\x81bgf8P\xaa\xc3H\x86\xd7\
\x85\x97\xb5\xab\xa1\xb0\xd1\x97\xfar\xe9\xec\xa6?\xb5\xbc\
t/\xdd\x8c7x\xfd4~\xfb.}yrR\xf8\
\xe2g\x8f\xc9\x1e\xfb\xff\xef^\x8c\xd2\xdf\xcf/\xb9\xca\
\xbc\xcfh?\xda\x80\xc7/\xd8\xbf/\xa0\xb2\xa3\x08\xe4\
\xe1q\xf9s|\xfb\xcc\x9e\xe2\x13CK\x80\x80\xb2\xc6\
2\xd5\x9e\x891\xb9\x94,\x0d2\xe79\x17_\x12\xef\
\xf8\xf2U\xc5\xcc\xa85\xe2{)~\xb6,\xc8\xd4s\
\xef\xfb\xf2U%F\x14E\xd1\xb2 3\xc7\xb0\xaf(\
Uc\xac\x0a\x92\xb5\xf7(>0\xd6\x01\xd9k\x14_\
\x18\xeb\x82\xec%\xca\xaa\x1f\xa1\x97\xc1\xa8\x02\xa4\x1c\xca\
\xf8\xcdc\xf7Co\xe1\x18\xb7\x02%\xff\xc7\xe79\x97\
\x99\xf3>B_\xe62S\x15\x80\x14]\x86?\xa0\xcc\
\xfa\xf8fr\xac\xf1m\xb4\xed \x8bO\xb0Ux\xcd\
_\x15H\x19\x94\xe2\xf1n\x01H\xd1r\xb0\xca2\xe5\
\x0bd\x13\xe35Q\x99\x93\x5c\xf5\xe4T1\x88\xef\xf1\
\x9ai\xd1I\xaesr\xf2\x00\xe2s\xbc\xa6\x9au\x92\
\xeb\x9e\x9c<\x81\xf8\x1a\xef\xce\xdfX#\x8f >\xc6\
\xbb5\xb7\x9e\xad\xfa\x97&\xcf U\x8f\xd7\xfa\xcd\x99\
\xb7\xeb\xde\x9c\xa9\x0d\x80T9\xde\x9dO\x1b\x02!@\
\xb631Cl%@l%@l%@l%@\
l%@l%@l%@l%@l%@l\
%@l%@l%@l%@l%@l%\
@l%@l%@l%@l%@l%@\
l%@l%@l%@l%@l%@l\
%@l%@l%@l%@l%@l%\
@l%@l%@l\x82\xa8\xe4\x11z\xbc;\x9f\
\xea\xad_\xa5A\xea\xad\x9f\xa1\xc7KDDDDD\
DDD\x14\xedh\x7f\x01\xf4+\xad\xab\xf9\x06\x9ez\
\x00\x00\x00\x00IEND\xaeB`\x82\
\x00\x00\x07\x99\
\x89\
PNG\x0d\x0a\x1a\x0a\x00\x00\x00\x0dIHDR\x00\
\x00\x00@\x00\x00\x00@\x08\x06\x00\x00\x00\xaaiq\xde\
\x00\x00\x00\x09pHYs\x00\x00\x0b\x13\x00\x00\x0b\x13\
\x01\x00\x9a\x9c\x18\x00\x00\x07KIDATx\x9c\xed\
[klTE\x14\xbe\xa8\xd1\xc4\xc7\x0fM4\x9a\xf8\
\x22\xc6\xffF\x135\xbe\xfe*\xfe0\xf1\xc1?\x13\x7f\
\x98 \xec\xcc\x82\x82\x94\x04Z\x96\x87)\x8f;S\xd8\
\xb6\xb4\x16\xba3K\xa1E\x8aa\xa1\xa5@\xa0\xef\xd2\
nM[\x02hZ\xa5\xb4\x15\xda\x82\x8a\xd1\x98\x22\x06\
D\xc7\x9c{g\xb6w\xb7\xed\xde\xdb\xdd\xbb\xbb\xb7\xc1\
\x93\x9c\xec\xce\xec\xdc;\xf3}s\xe6\x9c\xb9s\xcfj\
Z\x16\xa5\x08\xb1\xe7\x09f\xeb)f-\x14\xb1\x01\x8a\
\xd85\xa9\x03P\x07\xbfA\x9bL\xf5\xaf/\xaez\x84\
\x22\xd6K1\xef\xd0\xb2%B\x13\xf3t\x7f\xe8\x03\x82\
\xf8\xf7\x14s\xe1D\x8d\xb6\x88\xbf\x0f\xd7\xba\x0b\x9e\x7f\
k\xdc\x1f\xf3\x1e\xb7\xee\x9bTt\x5c5\x9f \x16U\
\xc0JV\xd5\x88\xea/[E\xdd\xe1s\xa2\xb1}D\
\xb4~3f(|\x87:\xf8\xad$o\xdf$\x19\x88\
wn[\xc6\x9f\xd6\x5c\x04\x0f\x9fPN\xf7\x9e\xb6\xa2\
\xfb\xc2oP\xcc\xaf\x1a\xc0\xf3jD\xe4\xc0i\xd1\xd6\
;.\xda\xfb\xae$\xd5\xb6\x9eqqp\x7f\x9f(^\
Y\xa3\xac\xe1\x17\xb8\xd7\xdc\x03\x8f\xd8\x0d\xe8\x94\x91\xa3\
\xa2\xa5{\xd4\x16x\xa2\xb6D/\x09\xa67HK`\
7R!!7\xe0q\xd5|5\xf3{w4\x8b\xf6\
\xde\xd9\x01\x8f\xb3\x86\xde\xcbbOi\xd3\xa4%\xe0\xaa\
\xf9\x9e\x06/41O\xadyN\x8e\x19\x00R\x05o\
%a\xd2\x12x\xa7\x13\xc7\x98\x13\xf0 \x14\xf3\x85\xd0\
)\xac\xdf\xe6\xae\xd9\x9b}\xb2\xe5\x00~\x04\xee\xadc\
\xf6\x9e\x96D\x82\xfe\xd0\xc3\x04\xf3sr\xe9\x0cl\xf5\
\xf1G\xb5l\x880f\xdf\x0cu\xe0\xc4\xdc\x02\xaf\xf4\
\xe0W=\xe6R\xc0\xac\xdfs3\x0fB\x96\x86_0\
=\xfe>\xd1\xda\x93\xbe\xe9O\x17\x1dJV\x99!r\
\x9b\x8f?\xa7ye\xe6\x95\x98;\xbc\xe4\x1b\x9c\x8a\x0d\
\x11[\xa0\x15\x1b\x0e\xd9o\x940\x0bxf\xe6\x95\x18\
\xdb[;\x026\x1e\xb2%`\xe7F{\x02(\xe2M\
\x9e\x02\x0fB\x11?\x0f\x838\xd9:\xec\xba\xf9+=\
\xd9:\x14\xdb*{\xc2\xec\xadB0\x9f\x80\x81\xc0\xd6\
6S\x04\xc0\xbd\xe5^~\xc2S\xe0A\x9c<\xe4\xb8\
\xe5\x03\x94\xb9\xe7\xdc\xecgM\x80[>\xc0B\x82'\
\xc0\x83\xa8Ae\xca\xfcA\x9bN]\xf4&\xf8l\x10\
\x00\xe0\xcb\xf2\xbf\x8e\x11\xe0)\xf0\x99\xf2\x01\xaa}\x22\
xP\xcdkB3\xe0\x03\xa0\xbd\x15\xbc\x95\x04\xcdk\
B3\xb0\x04\x9a;/\x8a\xb2\x02\x13\xf4\x8e5\xb5\xa2\
\xe9\xd4\x8f\xb7\x0f\x01\xcd\xd3\x80\x87\xfa\x9c\x12@}\xec\
m\x8a\xf8h23w\xdb\xe1\xc1'\x94\xd5o6a\
qT\xc7\xe1\x05\x99#\x00%\x07\xaf\x08\x00G\x96\xe8\
\xf0\x9c\xd6M\x07\xde\xda\xce\x81\xaf\xb9\x949\x02\xb0\xd9\
\x89\xf8\xfd\xf8\x14\xb5\x120\x9d58\xa9\xb33{\xeb\
\xf7dc\xc8)\x01\x0d\x16G\x05\xdf\x95\xda\xd5\xd55\
\x0d\x8a\xd2\xfc\x03F\xb9d\xf5~q\xb8\xf1\xfc\xb4\xed\
rK\x00\xb2_\x020\xc8\xf2\xf5\x11Q\xb6>\x12\x07\
6Y\xdd\xe1\xc6AQ\xba\xc6\x04\x0f\x9fP\x9e\xe9\xda\
\x9c.\x01\x1d\x87\x17@\x07v\x04\xccF\xed\xc0'\xaa\
\x1dx\xea\xe3oi\xd9\x10\x9a`n\xa9\x10\x90\xcc\xec\
\xed\x08\x98i\x1cY\x13\x9a&\x01\xa9\x80\xf7\x14\x01\x04\
\xf3\x9b\x86\xd9\xfaJ\xef7\x06\x02oy1\x17\xf5m\
C\xb1\xc1\xb6\xf7\x8e\x8a\xe8\x99\xf1)\xda\xd1=\x22\xca\
\xd7\x9a\xe0\xcb\xf2kE[\xd7\xf0\xb4\xed@\xdb\xfb\xc6\
b\xf7\xaboQ'B\xec\x0f\xe83\xe8\x0f\xdec\x94\
1\x9f\xc8\x01\x01\xecW\xe8|\xab?\xfc\x8c$d\x08\
\xca\x87\x8e\x0fL\x12\xd076\x15PtD\x94\xcbP\
\x07\x9fP\x9e\x09\xbcAV\xdfh\xec~\x91\xa3\xfdq\
Gb\xc6y\xa0I\xc0P\xd6\x09\xa0\x88\x9d\x86\xce\x8b\
0\x7f\xd5(c\xd6\x06\xe5\xfd\xb5}\xae9\xbcD\x85\
{[\x0fE\xa9\x9f\xbf,-\x22\x9a\x0b\x02\xf6\xca\xd9\
\xf0\x9be\xbe\x0e\xca\xbc\xb81#\xe0AY\xf0D\xdc\
\xb18\xc5\xec\x13i\x01\xe1\xac\x13@|\xa1%\xe6l\
\xb0\xa3\xd6\xd9(\xce\xab\x11G\xdaG\x5c\x07\x7f\xa4c\
X\x04\xe5\xeb1\xf5b\x84b^k:\xc1\xd0\x87Y\
'@\xf7U>E0\xfb\x97 v]_Qu\x1f\
\xbc\x1a\xa3\x98\x9d\x85\x01\xd5TE]\x05\x0fZ\xbd\xbb\
+\xee\xd5\x188_p\xbc0\x86\xa2O\xf7<\xa6\xe5\
B\xa8\x5c\xf7\x04\xb1\xe5q/G\xf3\xf6\x89\xba\xe6A\
\xd7\xc0\xd75_\x10\xc1\xcf\xab\xe5\xfa\x0f\xbf\x0b}\x11\
\x14^$\xfbn\xce\x09x\x10\x82\xd8\x9b\xa6\x09\xb2+\
\x15\x8b*\xee\x0d\x04\x02w\x10\xc4[\xa1\xae\xa2\xb0\xde\
\x15\xf0\x0d\x1d#\xa2\xa2\xb0N\x85\xbfS\xb1\xf0\x87\xd8\
0\xd4e\xf4\xf1\xd7\x89\x10\xcc\xba\xa4g^\x07\xe5\xcd\
\xfe\x9d\x8fS\xcc\x7fS\x1b\x94t\xc1+\xc7\x07I\x17\
\xb0\xecd\x9f\xab%\xf1g\xddL\xa4J#\x1d\x86\xff\
C0\xbb\x05\xdf!6[3\xc2\xc0\x12`9\xa4b\
\xf6j\xe6)\xe67\x8b0{\x1d\xfa#\xbe\xd0k\x90\
2\x03\xfd\x11?{E\xf3\x82P\x19\x02\x09fc\x04\
\xb3\xef\xe4\xec\xfc\xa0,\x01\xbcw\xf5\x9e\xe8\x94\xe80\
\x93\xb7\x07\x87\xa7\xd6\xbc\x8e\xf8U\x05\x1e,\x80b\xf6\
\xb3\x0c}\x9b5\xafH\xed\xc2\xda;\xc1\x19%\xbe\xb4\
 K\xd8\x13\xcaQ*\xe7\xc8\x8aO\x1a\x1b\x9a\xc8\xb1\
~c\xdb\x5c\xdfzAD\x1a\xfa\x8d:0w\x15\xea\
\xd4\x9aWf\xbf}\xe9\xee'-\xe4\xb6\x81\x1f\xd0\xbc\
\x22\xba\xf5\x15\xb5\xb4\x04\x95\xd5\x05\x8eQ&J\x9eq\
\xf0,\x1f\x0bu\xca\xdb\xc7\xcc^\xce<\xc5\xbc{\xcb\
\xca\xca\x074\xaf\x88\x9e\xf0~>\x16\x1a1\xbb\x05K\
\x03\xa2\x03\xb43\xf7\x09\xe1\x17)\xe2k!R\x10\xcc\
\x07\xcd8\xce'\xcc\xb4Y\xde\x04;<k\xf6G \
P{\xb7\xe1\xf0d\xca\x1d\x5c\xb7iI\xf5\x83\x9aW\
D\x9f&9!\x10\x08\xdcE0\xdb\x06\x1b\x149\xe8\
\x9f(\xe6+\xd4S\xa3\x13\x81\xb6F\x9c\x97\xa1\x0e\x9c\
,\xc5\xec\x0bXj\x9aWD\xb7\xc9\xcc\x00\x0f\x1do\
\xf6\xec/\x8a\xf9q\x82\xd820\xe9-K\xd9\xb3\xb0\
\x83\x84Y\x86ku_\xe8\xa5\x22\xc4\x17\x1b\xdb[\xf9\
h-\xef\xdd\xa9\x9c\xa0gDw\x98\x96bn\x8c\xc2\
\xef\x18\x0e\xd2\x98Eg>\x80\x22\xfe7\xc5\xfc\x04\xbc\
\x87\xd0\xbc&z\x8a99\x90\xc1A1\xffX\x81,\
_\xc5\xc4\xf6e\xdcP\xf8\xae\xea\x8b\x10\xfb\x88~\xb6\
\xeb!\xcd\x8b\x12t!-E\x01\x15Ww\xc5i\xce\
\x8e\xb6\x9c\x8a[99s\x92\x80\xa0\x8b\x09Is\x8e\
\x80\xa0\xcb\xd9Xs\x8a\x00=\x8d$D\xd8\x00\x11\xcc\
\x0b\xe0\xc1H\x9d \xcfF\xe1\x1a\xf3\xa1\x8a\xe5\xab\xcd\
\xd4\x9c\x01\xaf\x9b\x7fN2\x0eM\xddP\x82y_V\
s\x82\xf4\xb4\xc1\x9b\xd7\x86\x0a\x98\x18\x8e\x86\xc4\xcd\xcb\
\xf1\xe6\xeeD\xe1\x9a\xe1\xaeJQY\x10\xff\x80\xe5\xe9\
5\x1f\xb4\x5c\xcb\xd71qmd\xf6\xc0\x13\xf5\xfa\xc5\
]b\xf7\x06\xb9O@l \xa3\xe7\x7f\xba\x83\x99\x87\
\xad+El\x0bA\xec\xb2[&\xee\x82\x8e\xc3\xf9\x00\
\x8c-\xa3\xe0A\xa0#\x0f\x00\x9ea\x0b\xcd6i\xa9\
\x0a5\xffQi\xbb\xd6\x80mh7t$_\xfc\xd9\
\xbd\xdc\x13z\xa1.?f\x09\xa9\x13\x80y\x07\xfc\xa3\
\xd2\xce\xd1(\x02\xa0S\xef\x10P \xa3\x05\x1bK\x99\
\x00\xa7\x02f\x96sS\x9f9\x5c\x16j\x99\x96\x80\xe9\
\x047)K\xf0\x82\x9a\x87\xb1\xbc0-'\xf8\xbfh\
\xb7\xa7\xfc\x07S\xf0\xf4X\x97\xa5I\xb8\x00\x00\x00\x00\
IEND\xaeB`\x82\
\x00\x00\x05\x9d\
\x89\
PNG\x0d\x0a\x1a\x0a\x00\x00\x00\x0dIHDR\x00\
\x00\x00@\x00\x00\x00@\x08\x06\x00\x00\x00\xaaiq\xde\
\x00\x00\x00\x09pHYs\x00\x00\x0b\x13\x00\x00\x0b\x13\
\x01\x00\x9a\x9c\x18\x00\x00\x05OIDATx\x9c\xed\
[[L#U\x18>F\xe3%\xc6\xa8\x0f\xde\xde\x8c\
F\x9f\x8cn\xf4\xd5D}\xf3A\xdf\xdc\xc4\xc4\x07\xdf\
6\xc2\x99)0\xd0R\xd8\x85\xe2\x82\xb4t\xcei\x81\
\x18p]z\xce\x94\xdbB\xa7\x97\xac\x04w\x01oa\
/B_u\xbd<h\x8c\xfa\xe4\xc6\x18\xb3\xae\xc9\xba\
\xd9\xfd\xcd\x99\xce\xb4S(\xbb\xa5\x94\xd2\xce\xf4K\xfe\
\x84\x94\x09p\xbe9\xff\xf7\xfd\xff\x7f\x0e\x085\xd1D\
\x13M4Q\x1a\xa45\xf62\xc1\xecc*\xb1\x13T\
\xd6^Cn\x02\xc5\xfcm\x8a\xf9\x0d*q\xc8G\x87\
\xb6\x1e\xc1\xecE\xe4\x06P\x89\xfd(\x16=\x1eO\xc2\
\xf8b\x0a\xa87\x9e#A\x90\x82\xf9|\xa4%\xf6\x14\
r2\xa8\xf9\xf6'\x7f^\x83\x89K+\x10\xf1M\x17\
v\x82A\x04\xbbF0\x1b\x1b\x93c\x8f '\x82\x9a\
\x0b\x9d\xfc%G@~\x07H\x1c\xc2=\x85\xaf\x09f\
\x7f\x13\x89\xf7\xa9\x9d\xd3\xf7#\xa7\x120i\x0b%\x9b\
1\xa2{5\x09C\xea\xac}W\x5c\xa6\x98u\x8f\xc9\
c\xf7 7\x10\xa0\x98\xd1sZ\x87P\xbf==\x0c\
\xed8\x0c\x08\xee@n @\xc9f\xa0s3\x03G\
\xf5\x04\x8c\xf4\x16\xe9D\xb6\xa1\xad\x93n! :<\
\x9f_\x5cpp\xa64\x11\x1b\x1986\xbb\x08\xaaW\
\xb3i\x04_\x8b\xb6\xf2C\xa8\xd1\x09\x18\x0d\x15\x08\x18\
>^\x9a\x80<\x11\x17\xd3\x10`\xa7@\xed\xb0\x1c\xc3\
p\x94DCY'\xddE\x0a\xec\x14]\xeb)\x18\xf8\
\xe8\x14\x10\x8f\xb9#0\xbb&\xaaJ\xf5\xbd\xe9G\x91\
\x1b\x08P\xcc\xf0~\x91\x82\xa1\xe8\x1c\x10\xd9L\x0b\x89\
_\xa1\x98\x0f\xd0\x8e\xc4}\xc8\x0d\x04(f\xf8\xcf\xe8\
\x10\x1c\x9a)\xe8\x83\xc4~'X;\x12\x08\x04\xeeB\
N\x10A\xa5\xcc\xe8=\x9d(\xb6N\xcc\xbe\xaf;\xeb\
\xa4{\x10\xc1r\x22o\x9d\xb6\xaa\x92J|\x83\xca\xb1\
W\x90SS@)\x15\x96uv\x15[g\xb8E{\
\xde\x1d\x04dM\xc7\xb8\x90\xb3N\xd2\xae\x15Yg\xb4\
\x8d?\xe9\x0a\x02\x14\x8b\x88\xafR08>\x07T\xce\
\x11A$~\x95H<\x14m\xe3\x0f9F\x04\x952\
\xa2\xfb\xb3\x5c\xb3\x95\xb7N\xcc\xff\x14\xcdV\xe0]~\
\xaf#DP)\x97\x88e\x1d\x86\x07\x0b\xd6I%\xfe\
\xab\xb0\xce\xc4\xe1\xc4\x9d\x8eL\x01\xe5V\xd6\xd9g\xb7\
N~IX\xa7k\x08PDX\xd6\xd9m\xb3N\xcc\
/\x88\xe1\xad;\x08\xc8\x9a\xb1\x91\x81\xbe\xf8\x02\xa8\x8a\
mD'\xf1\xa5\x11\x0f{\xc61\x22\xa8\x94\x11\x9d\xe7\
\xd3\xb9f\xab-\xdfc\xfc'\x9a\xadH\xfb\xcc\x13\x8e\
\x11A\xa5\x8c\xf0}\x99\x82\xc1\xe8\x9c\xad\xc7\xe0W\x08\
fm\xceM\x81l\xe9\xe8^I\xc2p\xb0\xe0\x18\xaa\
\x1c{\xcbU\x04(f\xf4k\x0bV\x93\x95q\x1e\x01\
\x9b\xb7o\xb2\x02\xdc\x22\x80\xeb\xce\x11\xc1\x8d\x0c\xf4\xcf\
,@\xd8\x17\xdf\xf1\xf7\xfb?\xd1!8\x90\xab\x15\x88\
\xc4n\xd2V\xfe\xba#D\xf0h2\x01a\x7f\xc1\xfb\
E\x9e\xdb\xbf\xef[I\xc2\x07\xa1\xc2\x19\x85\x8a\xd9e\
\x22\xf3w*^|\xbd\xa5\x80u\x125rl\xda(\
\x84\xc46\xb77NV\xbf\xa0b\xf6\xafh\x9cBG\
N<\x88\xf6\x0az@\x04\x88\xc5\xf5\xa6\x12001\
oL\x97\x8d\xad}F7>\xb3\xf2\xbf\xcb\xf4\x7fj\
\xfa?\xc5\xfcz\xd5\xfc\xff \x09\xe8\xcd\xe8\x10\x0c\x14\
l\xacgI\xdf\xa1\x02,\x1e\x9e\xa8\x9e\xa9\xe7P\xb5\
Ak(\x82b\xa1\xe2gZ?_\x08]\xff\xecb\
~\xab\x97\xea\x01\x88\xc4.\xeeK\x0fPK\x11\x14\xad\
n\x91xu\xc5\x8d\xa9P\xe7\xd7;w\x81Db\xdf\
\xedk\x17X\x8b\x14\xf0\xadn\x19v\xb4kFN\x8b\
\xb1\x98\xf5\x8c\xff\xd3d\xf1\x1c\x00\xf3\xdfj2\x07\xd8\
O\x02|k\xb9\x03\x12j\xa9v\x87\xb9\xf0\xf3\xe9[\
L\x82b\x7f\x89IP\xcd\x0fQh\x95O\x86\xecs\
>\xb5]\x83\xf7?\x9c\x03\xefz\xaa\xf0\xccz\xda\xf8\
\xccz\xc6\xba\x81\x12l\x99{\xb8\xa6\x0b\xaf\xa6\x08\x0a\
\x9f\x16\x8b\x22m\xe6\xa2<\xdc B|^\xb7\xd3\xe0\
j\x88`\xfeP\xd4\xea\xd3=\xdc\xd8\xfa\xbe\xcfS\xdb\
\x8e\xd2\xc3]\xf6\xeb6|\x8dJ\xb1\x17P=\x80V\
\x90\x02F\x81rR\x1c\x8b\x9boS\xe6F>{\xed\
\x0b7-m\xcb=\xa3M\x15\xf3WQ=\x81\xee\x82\
\x00k\x1b[\x05\x8a\x100ao\xa2?\xb7?',\
-\x18\xb0Y\x1a\xe6?\xd4\xdd\x99`%\x04\xd8\xab\xb7\
\xa1\xd0,\xf8\xcf&\xb7\xd9\x9e\xdd\xef\x09\xe6\x7f\x88\x89\
M]\x9e\x0aW\x22\x82B\xe8\x8c7\xbe\xaco\x1fU\
\x19\xea\x9f/b\xfe\x11\xcd\xca\x88w\xea\x01T\xef\xa0\
{\x10A\xef\xb9t\xd1\xcd\x10kX9\xea9\xf9\x18\
j\x14\xd0JD\xd0\xbc\x1bD,-\x10C\x09\x89'\
\xc2\xb2\xf64j4\xd0\xdd\x10\xb0\x99\xceY\xda\x96\xdb\
a\x0d}\xb1\x9a\x96I\x80Pv1\xa8\xb0\xd5\xec\xdf\
\x10\x1c{\x035:\xe8mD\xd0\xbfT\x98\xbf\x99y\
\xfe\x93\xb8b_\x97\x96Vm\x11\xa4\xb60\xe6o\x98\
\xcb\x81@\xe2n\xe4\xcc\xeb\xf2\xab\x06\x01\x13\xdf\x9e\x85\
\xd1)\xdd\xa8\xe7\xcd\xea\xed*\xc5\xecxCXZ%\
\xa0\xb9\xe3g\x18\x9b\x5c\x84q\xa6\x8b\xff\x16\xb1\x16~\
\x9dHl2\xdc\xca\x1fGNFDfoRI\x0c\
\x1b\xcd7.s\x88(\xda2\xc1\xf1g\x91[\x10m\
\xe5\x87\x08faQ\xbd\x11\x8f\xf6\xd2A\xff=M4\
\xd1D\x13M\xa0\xea\xe2\x7f+7-\x81\x88q=\x91\
\x00\x00\x00\x00IEND\xaeB`\x82\
\x00\x00\x0b5\
\x89\
PNG\x0d\x0a\x1a\x0a\x00\x00\x00\x0dIHDR\x00\
\x00\x00@\x00\x00\x00@\x08\x06\x00\x00\x00\xaaiq\xde\
\x00\x00\x00\x09pHYs\x00\x00\x0b\x13\x00\x00\x0b\x13\
\x01\x00\x9a\x9c\x18\x00\x00\x0a\xe7IDATx\x9c\xed\
[il\x1bi\x19\x1eX\xba\xb0H\xfc@Z\x01B\
\x1c\x02\x84\x04\x12\x12?\xf8\xb3H\x80@\x08\xfe\xec\x22\
\x81\xc4\xae\xd0\x0a\xc1\x1f\xa8\xb6\x99q\xd2#\xe9\xb1i\
:)\xed6M3\xe3\xd8NR_\xe3\xef\x1b\xd7G\
R\xe7N\xd3#G\x9b6I\xb7Ms\xf4H\xb7\xdb\
\xf4X\xf5L\x8f-\xdb-\xdd^\xd96/z\xe7\xb0\
\xc7\xb1=>jw\x9b\xc0+\xbd?b;\xe3y\x9e\
\xef=\x9e\xef\x9d\xcf\x0c\xb3\x80\x8c\xe7\xf9\xcf\x8b,y\
S\xe0\xc8n\x91#7\x04\x8e\xce\x88,\xbd,p4\
d\xe5\xc8/\x99\x85l\xd5\xac\xf4M\x81%\x87D\x8e\
B*\x178*\xf3\x7f\xa7_b\x16\x9a\xd5p\xdb\xbe\
'r\xf4\x02\x82\xac_.\xc3\x8e\x9a \x1c\xf4\x86a\
\x94\x86a\xc8\x1d\x86\x96M\x01\xb0\x15\xebD\x90\x01\xf7\
b\xf7\x97\x99\x85b\xc2\x12\xf2m\x1d\xbcw\x95\x1f\x0e\
Ka\x18\xf77&\xf8\x01g\x18\xea\x96i$\xb0t\
/\xcfG^d\xe6\xbb\xd5\xbc\xb5\xedk\x02KO\xeb\
\xe0\x8f\x90D\xe0Q\x97\xc3\xb0\xcf.\x83ci4%\
\xb62\xf3\xd9\xaa\xcb\xa4\xaf\x88,\x99@0\xee\x95~\
\x181\x80\x1f\x95\xc3\xb0S\x0c(\xa1\xdfk\x0f)\xe0\
\x0f\xb9d\x18\xae\x93\xa0G\xf0\x81\xd5\xa2D\xc1\x93\x9a\
b\xe9'\xcc|4`\xe0s\x22K\xda\x11\xbc\xb3T\
\x8e\x0b\xfbQ\xda\x08\xeeU\xfe\xb8\xe2\x17XK\x15\xf0\
\xba\x07\xd6\x12-\x15H53\x1fM\xe0\x08\x8f\x00\xec\
K)\x0c\xbbCq\xa1\xde\xb5%\xa8\xe7\xf9\x19\x81\xa3\
\x15\x22K\xef\xe1\xdf\xb8\xf2:\x01\xdd\x9b}jW`\
\xe9~f\xbe\x99PD\x7f\x8b\xe1+Z(\xf4\xd7\xc5\
\x83G\xdf\xbeq\x9b\xbe\xbak\xf0\xf3\xf6b\xdf^\xfc\
\xbbsS\x8c\x80=[4\x028r\x92\x99OV\xb5\
$\xf4U\x146x\xf3mU\x81\xa4\xc5n\xb7U\x8f\
\x00r\xc7VBzD\x8e<\xb6r\x14\xfa\xc5X\x0a\
tU\xe9\x11@\xf6=\x13uV\xcb\xfa\x7f\xae\x84-\
K\xaaDV\xfe\x93\xb8,\xf2R.\xd7\x12Y\x1a\xc6\
\x1b\x97\xd6\xf8a\x5cNQ\xedi\x18\xfc\xe5r\xac\x06\
X(4\xaf\x8f\xad>\xba\xfc\xb6Z\x03\x04\x96n`\
\x0ai[\x8a\xe87\x04\x96\xf6%*2rK`I\
i6D\x08,\xf9\x1d\xfe/\x0a\x9aaO\xf2^o\
\xac\xf6\x18\xe6\x1d\x1b}\xd0o\x8d\x01G\xdfU-\x01\
F\x04\xca\xe4\xeab\xf2\xc3\x82\x0a\x14\x81\xa3\xe7\xf1\xa6\
\xeb\x96S\x88l\x0c@kU\x00<+\x0d\xab\xc3\xd1\
\xabV\x96\xbe\xe5^\xec^dv-\x14-\x22K\xde\
Wr\xb9:\x98\x16|*\xdfU\xed\x8b*B\x81\xa3\
\x9b\x9f\x09xi5\xf6\xe8\xf8\x15\xebu\x84\xc0m$\
\x82%\xe7D\xce\xf7WL\x97d\xd7\x13Y\xba\x0e?\
\xe7*\x93a,E\xe8\xa7\x03\x8f\x95\xbf6\x06\xbe#\
\xf2z\xe4\x85\x82\x83\xf7\xae\x96\xa3\xeal\xa0!\x14_\
\xb5\xe5F\xd8S\x1bT\xfax\x8c\x08:)p\xf4\x8f\
\xd8\xe7\xf5\xeb\xd5\xb0\xf4\xd7\x02G\x1ec.\xef\xad\x0f\
\xe5\x04\x1eS\x01\xc3^\xdb\x0bt\xe6U\x06\xbb\x17\xbb\
\x17a\x18\x8b\x1c\xf5\x8a,\xad\x8c\x827H\xd3\xdd\xb6\
 X-2\xd8\x8ae\x18K\x08\xddF\xd8%\x06a\
\xeb\x8a\x18\x11\x02KF\x04\xd6\xf7Z\x0dG_\x15X\
\xdfm|\x0dS(k\xf0\x0e\x09\x9a+}J!\xd4\
\x8a^ ]\xba\xe5\xb2\xff\xde5\xb7\xc8yV\xc5\xc2\
\x1e7!\x8a\xf4\xe4(\xb4nJ\x0eB\x95\xaf\x8d\xb0\
\xa3&\x00\xf5\xcb\xe2j\x84\xaa\xe4\xf8mI\x883\xcf\
\xf9A\x87\x04\xf2\x1aM\xf1\xa9+\xefH\x95b9\x9b\
P\xe4\xfb\x05^\xdcZ\xe2\x07\xd2\xd0\x0b\xf5\x15\x11\xe5\
\xcb\x10\x84\xae\xd0p;\xda\xb0\x5cN\xd9\xb7\x13\x88\xa0\
\x8dJ\xa1\xf3\xae\xf6+u\xa2\xa3:\x90\xb4\xe5\x99\x81\
\xef\x15%p\x96\xea\xad\x8e|*\xb0\x94e\x0aa\xd6\
\x22\xf9\x0d\x05pE\x04Zv\x1f\x83\xe6\x9dG\xa1\xa1\
\xb2%J\x02\x82O\x06\xb2\xcf\x11\x02W\x99\x1fz\xed\
)*z\x1aO\x05~\xa8N\x82\x96\xf5\xb1b\x87S\
\xa1\x9a\x22\xf9WL\xa1Ld\xc9\x9b\xba\xd8\xa0\xae\xfe\
\x8cH\xc0B\xa8\xdf\xe0\x0e!K\x02L\xc2\xbe\xb7F\
\x02w\x99Ak\xb0\xb4\xcbV\xec\xfdzA\x80\xf3<\
\xff\x05TQ\x8a&7(.\xea\xeaKK\x02\xaa8\
|\x1d5{J5\x97\xc2\x0f'\x01\x7f\xc0!A\x10\
ww\xd1BG\xb0h\xfe\x93)\x94m\xb6x\xbe%\
\xb0tP\xc9\xfdb:;\xd2\xd6\x04\xe3;\x9a\xd4\x1b\
\xc8\x80\x04,\x8a\xa8\xd7\x8d\xc0\xb0^\xeck\x08e\x1d\
\xf6}\xa2\x0f\xea\x97G\xd5\xe5\xac\xc0\x12\x7f\xc1V\x1d\
\xcdj!\x7f@\x19\xab\xb4\xb9r\x19.\x1di\x86G\
\x97\xdb\x147\x92 g\x98\x0e\xba>\xc0\xf6\x88\x9d\x02\
\x0b`R\xf0N\x9a\x14\xbc\xbd$\xa6(E\x8b\xfc\x1b\
\xa6P\xc6\xf3\x91\x17\x05\x8e\xd4\x22\xcb\xf8\x85\x1duA\
\xf8\xcf\xb9\xd6(\xf8\xacH0\xe8\xf8w\xbda\x05<\
\xbe\x17\xaa\x0cd\x0c\x1e]\xcfw\xd4\x0c8\x1a+\x18\
\xf8-\x16\xf9\x07\x02GG\x95\x8dH\x09\x9d\x1d\xebl\
J\x00\x9e\x0d\x09u\xcbc$\xe0\xe4\x16gt\xe1\xf5\
I\xfa\xbc\x09\xf8\x03vIW\x8eO\x0a\x0a^d\xe9\
_\x04\x96\xdc\xc1/\xf3\xad\xf3\xc3\x95\xb1\x16S\xf0I\
Ip\x9b\x930\xd7\xb1F\xa0\xe6o\x7f\x87\xa6\x169\
u\x92a\xcc\xed\xfbi\xfe\x81/\x8b\xbc$\xb0\xc4\xa3\
W\xf8\xee\xadA\xb8{>1\xe4\xf3M\x02\x82\xc71\
\x97\x92\x12\x15\xf1{\xf8\xb9\x1e\xaa\xd0U\x1e\xe9\xcc+\
x\x81\xa3?\x129r\x5c\x09\xf9\xa5t\xf6H{c\
V\xc0\xa3~}\x00\x8e\xf6\x0d+{\x00\xa5;8\x93\
\x90\x805\xc1\x15#\xc1_\xa1\x8e\xb3\xc8\x1a\xa2\xac\xb2\
\x19\x01\x03\xb5\x12\xd4j\xadO\xb4\xd0W\xf2\x02^\xe4\
\xe4\xbf\x89,\xf9D\xb9\x09\xde\x0fW\xc73\x0b\xf9\x04\
\xbf\xf1.\xcc\xdc\xfe@\xf1\xa3}\x07c$\xb8\xccI\
\xe8\xb3\xaa\xd3\x1b#\xf8\xfd6\x9f\x22r\x92\x91\x10\xe6\
\xa3\x93\x9d\xbe|\x08\x9b\x80\x1e\xf2\xbb=!\xb8\xf7A\
v!\xaf\xf8\x95v\x98\xf9p<\x0a^\xf7\xf1\x9e\xe1\
\x98Np\xefUI\xe8\x9e\x88K\x87\x01{b\xce\xe3\
\x1cO\x7f\x9a\xb3\xd7\x9a\x98\x12\xfb\xedR\xb4\x15\xe2\xb6\
9g\x02\x04\x96l\xc1\x8b8\x96\xd1\xd9\x13=\xdb\xb3\
\x06~s\xb2\x05n\x9el\x87\x99[\x93\x09\xe03%\
\xa1~i\xfc\xe0r\xbf-\x06\xde]F`\xc8\x91<\
\x0a\x22\xeb\xd5\x01\xa7\xc8\xd2\x83OC\xc04^\xe4\xca\
hL\xd8d\xea\x93=\xdb\xc1\xbeT\x06\xe7\xea`J\
\xf01\x12\x86b\x85\xd1cN\x02\xe6\xb8\xcdB\xc1\xbb\
\x92\xc2\xa0=u-@)\x1c\x8d\x02\x8e\xbe\x9a+\x01\
\x17\xf1\x02\x17G\xb2 \xe0R\x1b\x0c6\x86\xa3\x1a\xfc\
@do\x1a\x02\xce\xc1\xcct/\x8cu5eL\x02\
\xee\xe9\x87\x0c`\xf7Y%\xa0o\x13\xd8Q\x15\x9f\x0e\
\xcd\xff\xd2\xa3\x80L\x18\xa7I\x19\x9b\xc8\xd2J\xe5\xcb\
K)\x5c\xce \x0a\xee_h\x85ngH\xf9R+\
Ny\xf6\x0c\xa5\x05\xffh\xba7\xfa\xff\x13\xdd\xc6\xbd\
C\x12\xc58'\x1d\x14\xf0\xb5\x124h)\x11X\x1b\
O\x00F\x88\x9e.5\x16\xdf\x9f\xb3&\xc0\xbd\xd8\xbd\
\x08\x07\x85*\x09\xf2\xec\xd5\xf1\xd4$|<\xd5\x02\xa1\
Mj\xbb\xaa/\x0d\xc0\xb9\xd1\xc4\xa2\xa7\xfb\xd9#c\
0\x18\xe9\x87\x87\x97{\x12\xae\x83\x8a2\xd3H@G\
\xd0\xca`\xb4\x94*Jpn*\xb4m\x88\xea\x82\xe3\
L\xeez\x9f\x9a\x920=\xd1\x0c\x9eru;\xeb]\
\xd7\x04\xd7\xcf\xa4.z'\x07\x0fC\xad\xa6\xf3\xb1H\
&#3\x15\x09[y\x03\x09Z\xf5\xef\xa9\x91 \xbc\
\x8e\xc4\x81\xc7v9P\xab\xbe\x8fE\xd2\xb1T%\xa1\
v\x89\xff\xc7y'\xe1\xcc\xfe\x88\xd2\xae\xf0\xbd\xf0\x96\
V\xb8se*%\xf8\xbb\xd7\xce\x80\xadD\xfd\xecp\
\x93\xb9\x902\x92`\xec\x0e\xc9H\x88k\x816\x09\x9c\
+\xa8\xb2\x8b\xd4I \xabt]\xe0{-'\x02R\
\x91\x80j\xd0\xaai\xefn\xef.x\xf0\xe19\xd3\x9c\
\x7f\xf4\xef3\xb0/\xd8\x0cc]\x99\xa9\xc8\xb1\xceF\
S\x120\xbf\xe3HpH\xe0Z\xa1\x82u.\xa7Q\
\xe1\x84\x84\xa8\xca\xf0)\xb7\xc6\xbc\x81\x04]\x9b\xe3\xcd\
\x0d\xb7\x0f\xc0\xccG\xa9\x81_=u\x02\xae\x9d>\x06\
\x8f\xa6\xf7d\xddN\xb3!\x01\x8b\x9e\xa3D\x05?`\
S\xc1w\xbe\x13}\xe0y\xc7n\xb1\x7f\xf1\xa9\x08\x98\
K\x02\xfa\xc1\x8e\x01\xd3U?58\xa2\xe4\xbc\xa7|\
[n\xf2\xf9r\x1b\x8cv4eN\x02\xb6HG\xec\
\xa9\x8f>z\x179Z\xcc\xe4\xcbx\x03\x09[W\x05\
a\xfa\xfdIS\xf0\x0aQ\x91\x1c7O9\x90\xa0\x80\
\xaf\x8a\x81\xc7cp9\xe9\x80t-R?\x8e\x82$\
\x5c;\x1dO\xc2\xa9\xe1\x18\xf8\xa1\xa6\xf0S\x81G\x7f\
x!\x02c\x11o\xa2N0\xee\x1d4\x12vV\x19\
\x9f\xf7\x91\xc6\x82=\xef\xe3\xe7D\xc2\xb5\xa9\xc9\x84\x95\
\x1fj|\xba\x95W\xd5e+\xdc?\xe5\x81\xfb\x93N\
\x18i\xf4\x9aF\x02\xb6\xbc\xe8\xca\xb3\xc4\x9f\xf7\xa7>\
\xe9H8\xd4u \xbf\xe0/\xb7\xc1\x83)Y\x01\xaf\
\xfb\xe1\xb0\xc7\x94\x84g\x06>Ua\xcc+\xf8s\xc1\
8\xf0\xc9H\x88N\x96\xba'\xa0\xae|\xbb*\xc5\x8b\
\xe47\x98gi\xbc\xb1E.\xa3p\xedXs^\xf2\
\xfe\xfeIWR\x02\x12H\xd0j\x82\xab\xaaS\x8f\x80\
\x7f<S\x02\x12\xd2a\xa5\xfct$(y\xefM\x09\
^\xf7\xfd\xc4\x1b\x8d:{\x99\xba\x11\x13X\xf2\xb0\xa6\
H\xfa.\xf3Y\x18\x8f\xc7V8\xd2\xa9\x910\x9b+\
\x09\x0f\xa6hZ\xf0w\x8f9\xc1_\xa9\xc9\x5c\xed\xd9\
\x84\xc0\xd2\x9bx\xe0\xea3\x01\x9f/\x12\x1e\x9c\x0f\xa5\
\x05\x8f\xde\xebRW_\xe0\xe8Ya\xb1\xfbe\xeb\x12\
\xdf\xf7\x9f\x9b\xc3\xce|\x0e$\xdc>\xdd\x0aw\xa6\xb6\
\x9b\xe6\xbd\xee\xef\xed\xd0\xf2\x9f\xa3\x8f\x84b\xf9g\xcc\
\xf3h|\x16$\xdc8\xde\xa2\x9c\x1a\xf3\xaf'i\xc1\
\xdf<\xe4\x82zm\x83#\xb0\xa4\x84y\x9e\x8d\xcf\x80\
\x04\x9c$\xf97\xa8\xc3\x94\x9du\x92)\xf8ON8\
!\xb4A\x1buq\xa43\xef\x12\xb7\x10\xe66\xca\xe6\
\x95\xf2\xec\xf4\xd1x\x12z\x89Z\xbd\xa5r\x02\x1f\x8f\
\x9b\x87\xff\x80\xa4U}\xfc\xcd\xcfb\xf7\xcb\xcc|1\
w\x0a\x12\xa6\x06\xb6+\xb9l+\xa1pi\xc0m\x0a\
\xfel\x8fG;\xd3O\x1e\xe39$f\xbe\x19?'\
\x1d\xce\x1c\x88@\x83v\x1ep\xb4I\xd5\xfa\xa9\xfc\xd6\
\x88\x0b\xb6F\x1f}\xd3rf\xbe\x1a\xaf\x1eoU\x22\
A\xf7\x0e\xab\xcf\x14\xfc\xbd\x13N\x88hg\xf9\xf1\xc7\
M\x05\xdb\xdd}\x16\x91 r\x14\xce\xf7\x99\x87\xfe\x90\
_\xeb\xf7,\xbd\x8e\x07\xad\x99\x85`\xbc!\x12\xeaW\
\x10\xb8\x98\x22\xff\x91\x1c\xe5i/K\x9fX-\xf2\xef\
\x99\x85d|\x1a\x12n\x8f\xb9\xc0\xa3\x9d\xea\x148\xba\
\x89Y\x88\xc6\xcf%a\x9f\xd6\x06O8\xa1U\x88\x0e\
4G\xf2z\x96\xf7y\xae\x09\x0de\x14\xde\xeb\xf2@\
\xbfG\xdf\xe5\x91\x8fl\xc5\xfe\xef0\x0b\xdd\xf89\x85\
Q\x03\xff)\x1e\xc1c\xfeW,\xf2z\xe4\x05\x1c_\
\xe3OX\x05\x8e\xb4\x14\xf4<\xef\xff\x8d1\xb5\xff\x02\
\xff\xbe\xca\xc1\xc3\xfe%\xbd\x00\x00\x00\x00IEND\
\xaeB`\x82\
\x00\x00\x07\xc6\
\x89\
PNG\x0d\x0a\x1a\x0a\x00\x00\x00\x0dIHDR\x00\
\x00\x00@\x00\x00\x00@\x08\x06\x00\x00\x00\xaaiq\xde\
\x00\x00\x00\x09pHYs\x00\x00\x0b\x13\x00\x00\x0b\x13\
\x01\x00\x9a\x9c\x18\x00\x00\x07xIDATx\x9c\xed\
\x9b[l\x1bE\x14@\x97\xb7@H\xf0C\x01\xa9\x1f\
\x88/\x10\x12\x12\xf0\x85\x80\x1f\x04\xfc\xf0\x01B\xaa\x04\
|\x80\xc4G\xd4f\xc6MJ[A\x9f.Ii\xd2\
f\xd6n^M\x9c43v\x9c\xb6\x89\xdb\xb4i\xd2\
$m\xe3&\x8e\xf3t\xe2<h\x92\xa6\xaf4\x8f\xe6\
\xd56\x95@\x80\x04\x14q\xd1\x8c\xed\xd4v6\xf6\xda\
^;i\x9a+]\xd9\xeb\xf5x\xf7\x9e\xb9s\xef\xcc\
\xec\xb5$\xad\xca\xaa<\x14\xa2\xd7\xdb\x9e\x94\x11\xddO\
\x10\x9d\x961\x9b\x22\x98e\xf2\xcf\xa4\x87E\xb8\xc12\
f\x10\xa0\x88f\x04~\x09\xd1V\x82Yw\xd6\xfa\xd2\
5\xd2\x0a\x13\xde\xeb\xdc\xe8\xb1\xd6\x1c\x18u\xe6\xf8 \
L\x05~\x09Q\xb7\x87\x0c\x1bX\x09\x10\x8c)\xec\x15\
\xa2\xa3\xdf\xc9\x88\x96\xf9z\xfd\xef\x11\xa3P\xdf\xb1\xe4\
/\xd9\xba\x92\x17\x08f\x17\xbd\xee1lH\xb5\xbe,\
=@\xc2;M\xc6l\x9d\x8c\xa9IFlh\x81\xcb\
\x87\x030\xff#\x88\x0d<\x08\x9e`La\xcf\x1b\x92\
\xe9g\x04\xd1l\x82\xe9 \xc1\xf4\xbf\x00\x83uf\xa0\
Y\xb5p\xa2\xacS=\x80\xe5\x0c\xc1\x94dz\xc6\xa0\
3\x7f\xe2\x0dh]\x04\xd3\x7f\xfd\x0d6\xa6\x96B\xee\
\x0f\xc7\xe6\x8fM\xe9U\xe0\xec\x99\x11\x1a\x11\x80\xe5\x02\
\xc1\x94dz\x82$\x97\xbc/#\xb6[\xc6\xb4\x99 \
\xf6\x97\xbf\xc1\x86\x8df(\xda[\x05\xc7JZ\xa0\xb6\
\xee\x124wO\x81\xd3=\x03\x8d\xed7\x85\xfa\x8c\x8f\
\x0a\xc0R\xc4\x04\xbd^\xff\xa8!\xd9\xfc\x06A\xe6$\
\x193\x9b\x8c\xd9\xaf\xc1.]\xa8\xaf\x84\xb2\xfcF\xa8\
\xaa\xec\x83\xa6\xce@#\x83\xb5\xb5o\x16:/\xde\x82\
\xae\xc1;\xd1\x01H\x04\x04\xc3\x86\x92W}\x06\x13L\
\xe7\x82\x83V\xde\xb6\x0a\xb0\xe66\x08\x83\x1b;&\x16\
5\xb6\xa5w\x06\xda\xfao\x81k\xe06t\x0f\xdd\x81\
\xde\xe1\xbb\xd0{\xf9\xbeF\x0d@k\x08\xbc\xad/R\
\x13D\xc7\x83\x0d\xce\xd9z\x14\x18\xa9\x87\x13G\xbb\xc1\
\xee\x1cU\xd5\xbb=\x97\xe6<\x86\x0e\xdf\x85\xc3\xfb\xaa\
!gs\x99P\x8b\xb1^\x1b\x00\xb1@\xe0\xedB\xa5\
\xa6\x9c\xadG\xe6\x0dnp\xdc\x88\xaaw}\xda3<\
\x07\x05\xbb\x8e\xcf\xffvIF\xb5v\x00\xd4B\xc8K\
\xce{\xd6\x80K>\x12\x91\x1aQwpj2n\xb2\
B\xf1\xbe\x1a\xa8`mP\x7f\xfe\x8a\x08Z\xaazW\
\xa5r\x08\xae_f\x85j6\x04Be\x071\xdbB\
\xf4c>\xaf&\x88\xba\x94R\xd3\xe1\xcc\x1a\xb0Y\xda\
\xbd\x06OG\xd5\xbb\xb1\xea\xa2\x00\xf4\x01\xab$:\xc3\
\xdf\xf3\xf4#-\x22\xfc\x5c\x16\xa6_\x10\xcc\xfeQ\x9a\
i\xf9\xa7\xa6\xba\xbaK\xe0\xe8\x9e\xd6\xacwU{\xc1\
\xe59\x01\xb3k\xf0\xb6\xb8V[\xff\xec\xe2\x00\x88\xe2\
*\x89\xfd\xec\x9f\x9a\xc8F\xf3;2f[\x09\xa6\xf5\
2\xa2\x7f(\x19^\x9a\xdd\x00gj\x06\xc1\xe1\x9aL\
X\xef.0\xb4o\x16\x8a\xd2\xab {\xb3U(\x9f\
\x05\x86\x9d\x07\xc8\x8a\xab$:#c\x8a\x09\xa6'\x09\
bw\x03s1\x83C;O\xcc\xe7b\xfe\x9e\x7f\xce\
_\x9b\xda'\xe2\xd2\xbbJ=\xca\xe1\x06\xc7\x8ef\xf7\
4\xe4\xef\xb0\xcd\xdf+\xf7D5\x00@\xe9D\xb8\xd4\
\xe4\xeb\xdd\xd6\xeeI(\xd4{ \xf0\x08\xdc\xd9;\x1d\
wCC)\x87\x10\xd1LP^\xe4\x84\xd9p\x16*\
\xcb\xbb\xc1\xde|#\xec\xd8u\xf5M\x83iw\xa5g\
\xfe\xbd\xbb\x12:{g\xe2nh\xa4\x1a1\x80\xb6\x08\
\xc7.\x87\xc0\xa7\xa9\xfe\x9e\xb0\x14\x86j\x06\xa07\x0a\
\xd7msOB\xc1noL\xd8a\x83\x0b\xadc\x89\
5\xd4=\x13U\x10\x04\xb5\x00\xd4\xf4hc\xdb8\x1c\
\xda\xe5\x81\x90\x9f`\x08\x9a\x06\xc1\xae\xa191\x04:\
.\xde\x86va\xe8l\xc8\x8b\x9b\xd2\xaa\x04\xfd\xe5\x00\
A\x93 \xe8\x8cr\x8c-\x07O\x08u\x7f\x09\x03\xe0\
\x5cf\x10\x96\x04\x803\xd1\x10\xb4\x0c\x82N\x8d\x00$\
\x12\x82\xa6A\xd0\xa9!\x80DCX\x16A\xd0\xb9\x84\
\x10B\xdd\x9fj\x00\x0e\xf74\x9c\xef\xbc)\xb4\xc15\
\x09\x17\x5c\x93\xd0\xd8=%\x96\xb7\xcd=\x81K\x5c\xae\
\xa6\xb4S\x01\xdb\xd0\xcb\x0dB\xc4\x00j[\xc7Bj\
]\xeb8\xd4\xb7\x8f\xc3\xb9\x8e\x09\xd5\x90\xe2\x0eA\xcb\
 X\x1b\x06\x80\x1a\x0d\x05\xc9\xde2\xa69\x04M\x83\
`m\x84\xc6\x1e\xdas\x12\x0a~:\x15Q\x9b\xd3\xf6\
k\x90\xb7\xc3\xb3\x89\x99\xbf\xe38\xd49F\x22\xf2\xa4\
\xb8\x06\xc1\xc3Yup\xc4\xda\x01U\xe7.\xab2&\
Zp\xfe\x10\xf8+?V\xfa^}\x9b\xcf\x93&\xc0\
\xee\xba\x09v\xd7\x144vMA\x13\x87\xe4\x8eC\x0c\
\x90\xfd4{\xcb\x11(\xda_\x0bG,\xedPu^\
\x19H,C\xa7\xfa\xc25\xc8\xdb\xe9\x81\x90\xbb\xbd\x02\
N\xdb\xafj2\xdc8 \xee\x11\xaa\xb6\xc4F\x9d|\
K,W\xd5\x96\x18\xef)\x9a\xd3\x00\x15\xe5n\xa8i\
\xba\x1e3\x80H<!\xa4\xb6\x8c\x89ax\xf0{\xab\
PSf\x8d\xf8\xdc\xee\x9a\x0c\x01\x00\xd1\x8c\x85\xbdN\
\xf7\xaa\xde\x14\xd5\x99!\xdf\xbb%\xc6\xf5\x8ccd\xe9\
 \xb4\x8c\x0a\x0f\xf2\xddKA\xda\xc9\x05\x1e\xba\xd8\xb6\
x\x86(\x1c\xe2[\xe3\x88f\x84\xda\x16?\xb0\xc1\xfc\
&o\xc8=\x83 \xe6Pzb\xcb/l)l\x82\
\xe3\xa7\xfa\xe1\x8cs4\xe1\x10\xaa\x1b\xaf\x0bU\x1a\xa2\
1?\x18!\x88\xa6x\x01X\xf9\xb1\xbc\xc9\xf64\x7f\
\x12$#\xb6\x87 \xd6\x10\xfc\xbc\xc0\x90Z\x0a\x05\xe9\
\xa7\xc1Z\xdc\xac\x1a\x88\x161!X5\x03 cV\
\xe3il\xfeF\xe9|\xd8Gc\xa9\xd6y \x955\
\x03b\xdc&\x02\x82&\x00\xf4z\xfd\xe3\x04\xd1\xdfx\
\xc3L]\xd1Z-\x1e\x8efo)\xbb\x9fa\xce\x0e\
\xc7\x06a\x91 \xa8\x19\x00#\xb2\xbc+\x1a\x226\x14\
QC\xff\xdf\x10\xcf\x12Y\xbaR\xba\xe5\x9a\xf3c9\
\x94\x18\xcf\xc1\xb1\xa3.\xa8\xb6_\x8d,&D\x13\x04\
#\x11Qr\xe6\x01P.\xc5 2f\x9bE\x1c\xc1\
\x8c\x1a7X^'\x88!\x19\xb1\xca\x05)W\x18m\
\x83\xa2\xacZ0\xe8,\xaa!\xc4-\x08\xca\x88}\xe9\
\xb9qZ\x1f#\x80\xb3\x1e\x90\xf4\xeb\x05%2\x88\xbe\
M\x10\xdd\x12\xea9$\x87`;\xd1\x17Q\xca\xd5\x04\
@\xa6\xaeh\xad\x8c\xd8=\x1e\xe9\x89\xce\xf2V4\xc6\
g\xeb\xb2\x9f\x22\x98\xfd\xc9\x83c\xb8\xc2+\xff\x22)\
\xe5\x94k\x11n^Z\xe8\x08\x9ba4\xcc\x02\xd4\xe4\
m|GF,5\xd2r\x99,L?\xf4\xa6\xd1\xfe\
h\xcb\xe4\xe6\xeb\x13\x82\xd4\x98R\x0ay\xdbm\xf1\x0b\
\x82\xbe\x9b\x90\x11\xad\x0b\xb88b\x03\x04Sc\x16f\
\x9f\xf24(\x85\x10\x82\xa8\xc5\xeb\xfe\xfb\xa5(%\xa8\
H\xe3\x1e\xc1\xf4\x18/\x94\x5c\x00Eg\x16\x10\xcaX\
\xabv\x00\xb8\x80\x04\x8f\xf0\xd4F\x10\xab&\x98\xfd\xee\
\x7fQ\xcfD\x886\x13\xccv\xf1\xaca[g{\xcc\
7\xbeeL\x93E\x05\x89g\x18\xbd&\xc5 Ju\
\x8c\x077\x16\xbfHp\xc9W2f\xc5\x04\xb3\x11%\
/\xd1\x04@\xf085`\xfa\x81\x8ch\x1a\xc1\xb4\x9d\
\x1b\x17\x00\x84\xcf\x1b\xf8\x84\xc8S\xa7\xef\xf5\x18\xbaM\
\xd2@\xc2\x15sF\x5c,\xad\x85d&\x99\x9e#\x98\
}.c\x9a'cz%\x08\xc6\xa8\x01\xd1o%\x0d\
EmE\xab\xd2\xaa\x97`:)\xc5[\x0e$\xb3\x97\
\x0c\x98\xbd\xc7\xf3=\x1f\x06\xf1\xb8\x86\x1a\x08J\xab^\
\x82\xd9>i\xa5H8\x08\x01\xab^L'\xb9\xf1\xfa\
\x95\xf6\x97\x99\x07\xfd\xff\x0e\x9a\xc8*\x04i\x15\x82\x90\
UO\x90\x02\x03#\xff7\x9c\xf40J\xd6\xfa\xd25\
\xdcx\x82\x98s\xa9\xefeUVeU\xa4e'\xff\
\x03 \xd3U`o\xe3\xda\x18\x00\x00\x00\x00IEN\
D\xaeB`\x82\
"

qt_resource_name = b"\
\x00\x08\
\x0c\xa6\xc7\x95\
\x00r\
\x00e\x00s\x00o\x00u\x00r\x00c\x00e\
\x00\x05\
\x00o\xa6S\
\x00i\
\x00c\x00o\x00n\x00s\
\x00\x0d\
\x01>\x87\x87\
\x00r\
\x00e\x00c\x00o\x00r\x00d\x00i\x00n\x00g\x00.\x00p\x00n\x00g\
\x00\x08\
\x0bcX\x07\
\x00s\
\x00t\x00o\x00p\x00.\x00p\x00n\x00g\
\x00\x0d\
\x0c<\xdc\xe7\
\x00v\
\x00i\x00d\x00e\x00o\x00_\x00o\x00f\x00f\x00.\x00p\x00n\x00g\
\x00\x08\
\x0f\x07Z\xc7\
\x00e\
\x00x\x00i\x00t\x00.\x00p\x00n\x00g\
\x00\x08\
\x07\x9eZG\
\x00b\
\x00a\x00c\x00k\x00.\x00p\x00n\x00g\
\x00\x09\
\x0c\x98\xbaG\
\x00p\
\x00a\x00u\x00s\x00e\x00.\x00p\x00n\x00g\
\x00\x08\
\x08\xc8Xg\
\x00s\
\x00a\x00v\x00e\x00.\x00p\x00n\x00g\
\x00\x08\
\x06\xe1Z'\
\x00d\
\x00o\x00w\x00n\x00.\x00p\x00n\x00g\
\x00\x08\
\x0c\xf7X\x07\
\x00t\
\x00e\x00x\x00t\x00.\x00p\x00n\x00g\
\x00\x08\
\x00\xa7Y'\
\x00l\
\x00i\x00s\x00t\x00.\x00p\x00n\x00g\
\x00\x0b\
\x08]\x84\xe7\
\x00f\
\x00o\x00r\x00w\x00a\x00r\x00d\x00.\x00p\x00n\x00g\
\x00\x10\
\x0c\xb1\xe1\x87\
\x00n\
\x00o\x00t\x00e\x00s\x00s\x00a\x00_\x00l\x00o\x00g\x00o\x00.\x00p\x00n\x00g\
\x00\x0b\
\x07\x0fFG\
\x00g\
\x00a\x00r\x00b\x00a\x00g\x00e\x00.\x00p\x00n\x00g\
\x00\x08\
\x04\xd2YG\
\x00i\
\x00n\x00f\x00o\x00.\x00p\x00n\x00g\
\x00\x09\
\x0a\xc2\xae\xa7\
\x00v\
\x00i\x00d\x00e\x00o\x00.\x00p\x00n\x00g\
\x00\x0e\
\x0d\x16\x86G\
\x00m\
\x00i\x00c\x00r\x00o\x00p\x00h\x00o\x00n\x00e\x00.\x00p\x00n\x00g\
\x00\x06\
\x07\xc3WG\
\x00u\
\x00p\x00.\x00p\x00n\x00g\
\x00\x12\
\x04\xd3d'\
\x00m\
\x00i\x00c\x00r\x00o\x00p\x00h\x00o\x00n\x00e\x00_\x00o\x00f\x00f\x00.\x00p\x00n\
\x00g\
\x00\x08\
\x02\x8cY\xa7\
\x00p\
\x00l\x00a\x00y\x00.\x00p\x00n\x00g\
\x00\x09\
\x0c\x9b\x84g\
\x00b\
\x00r\x00u\x00s\x00h\x00.\x00p\x00n\x00g\
\x00\x0d\
\x01\x11\xd8\xa7\
\x00s\
\x00o\x00u\x00n\x00d\x00-\x00o\x00f\x00f\x00.\x00p\x00n\x00g\
"

qt_resource_struct = b"\
\x00\x00\x00\x00\x00\x02\x00\x00\x00\x01\x00\x00\x00\x01\
\x00\x00\x00\x00\x00\x00\x00\x00\
\x00\x00\x00\x00\x00\x02\x00\x00\x00\x01\x00\x00\x00\x02\
\x00\x00\x00\x00\x00\x00\x00\x00\
\x00\x00\x00\x16\x00\x02\x00\x00\x00\x15\x00\x00\x00\x03\
\x00\x00\x00\x00\x00\x00\x00\x00\
\x00\x00\x01\x02\x00\x00\x00\x00\x00\x01\x00\x00\x22^\
\x00\x00\x01\x8e\x1e\x8dT3\
\x00\x00\x020\x00\x00\x00\x00\x00\x01\x00\x01\x15\x9c\
\x00\x00\x01\x8e\x1e\x93\xa0>\
\x00\x00\x00&\x00\x00\x00\x00\x00\x01\x00\x00\x00\x00\
\x00\x00\x01\x8e)Qf\x16\
\x00\x00\x02\x02\x00\x00\x00\x00\x00\x01\x00\x01\x04\xc2\
\x00\x00\x01\x8e\x1e\x8b\xe6f\
\x00\x00\x01v\x00\x00\x00\x00\x00\x01\x00\x00\xe2\xda\
\x00\x00\x01\x8e\x1e\x91Am\
\x00\x00\x01\xd8\x00\x00\x00\x00\x00\x01\x00\x00\xfd%\
\x00\x00\x01\x8e3$\xefO\
\x00\x00\x00\xd6\x00\x00\x00\x00\x00\x01\x00\x00\x1dJ\
\x00\x00\x01\x8e\x1e\x90\x93\x94\
\x00\x00\x01Z\x00\x00\x00\x00\x00\x01\x00\x00\xdd/\
\x00\x00\x01\x8e)O\x1b\x85\
\x00\x00\x00\x92\x00\x00\x00\x00\x00\x01\x00\x00\x15\x0c\
\x00\x00\x01\x8e\x1e\x90\x1d\xde\
\x00\x00\x01\xc6\x00\x00\x00\x00\x00\x01\x00\x00\xf9\xf4\
\x00\x00\x01\x8e\x1e\x90\xd3\x9d\
\x00\x00\x01\x18\x00\x00\x00\x00\x00\x01\x00\x00*\x01\
\x00\x00\x01\x8e\x1e\x90W\xe6\
\x00\x00\x00\xc0\x00\x00\x00\x00\x00\x01\x00\x00\x18\xde\
\x00\x00\x01\x8e\x1e\xfd\xaa\x80\
\x00\x00\x01\x8c\x00\x00\x00\x00\x00\x01\x00\x00\xee\x03\
\x00\x00\x01\x8e\x1e\x89\xfb\xf5\
\x00\x00\x00F\x00\x00\x00\x00\x00\x01\x00\x00\x03\xc3\
\x00\x00\x01\x8e\x1e\x8cn\xdc\
\x00\x00\x00\x5c\x00\x00\x00\x00\x00\x01\x00\x00\x05\xbb\
\x00\x00\x01\x8e)R$\x80\
\x00\x00\x00\xa8\x00\x00\x00\x00\x00\x01\x00\x00\x17|\
\x00\x00\x01\x8e\x1e\x8c\x22]\
\x00\x00\x02\x18\x00\x00\x00\x00\x00\x01\x00\x01\x0ac\
\x00\x00\x01\x8e\x1e\x8b\x13x\
\x00\x00\x014\x00\x01\x00\x00\x00\x01\x00\x00,e\
\x00\x00\x01~,$7\x86\
\x00\x00\x00\xec\x00\x00\x00\x00\x00\x01\x00\x00 n\
\x00\x00\x01\x8e\x1e\x88\xc6\xb7\
\x00\x00\x01\xa4\x00\x00\x00\x00\x00\x01\x00\x00\xf3M\
\x00\x00\x01\x8e3%q]\
\x00\x00\x00|\x00\x00\x00\x00\x00\x01\x00\x00\x0b\x16\
\x00\x00\x01\x8e\x1e\x8c\xc7O\
"

def qInitResources():
    QtCore.qRegisterResourceData(0x03, qt_resource_struct, qt_resource_name, qt_resource_data)

def qCleanupResources():
    QtCore.qUnregisterResourceData(0x03, qt_resource_struct, qt_resource_name, qt_resource_data)

qInitResources()
